{
    "context": "client",
    "identifier": "nl.jordev.favComColor",
    "display_name": "Favorite Commander and Color",
    "description": "Automaticly chooses the correct colour and commander in the lobby",
    "author": "SideSplitter",
    "version": "1.0.0",
    "build": "62037",
    "date": "2014/03/01",
    "signature": "not yet implemented",
    "forum": "https://forums.uberent.com/threads/rel-favorite-commander-and-color-v1-0-0-62037.57278/",
    "icon": "http://pamods.github.io/icons/favComColor.png",
    "category": [
        "in-game",
        "ui",
        "lobby",
        "automatic"
    ],
    "id": "favComColor",
    "priority": 100,
    "global_mod_list": [],
    "new_game": [
        "coui://ui/mods/favComColor/new_game.js",
    ],
    "settings": [
        "coui://ui/mods/favComColor/settings.js"
    ],
    "requires": [
        "rSettingsManager"
    ],
    "enabled": true
}