{"audio":{"loops":{"move":{"flag":"vel_changed","should_start_func":"is_moving","should_stop_func":"is_not_moving","cue":"/SE/Movement/air/air_scout_loop"}}},"armor_type":"AT_Air","unit_types":["UNITTYPE_Mobile","UNITTYPE_Air","UNITTYPE_NoBuild"],"command_caps":["ORDER_Move","ORDER_Patrol","ORDER_Attack","ORDER_Assist"],"description":"Base Flyer Description - If you're seeing this, something is wrong in your flyer.","recon":{"observer":{"items":[{"shape":"capsule","channel":"sight","radius":500,"layer":"surface_and_air"}]}},"build_metal_cost":1,"display_index":99,"max_health":1,"navigation":{"aggressive_behavior":"line","turn_speed":1000,"aggressive_distance":50,"dodge_multiplier":3,"aggressive_Height":1,"type":"air","dodge_radius":1000,"hover_time":5,"wobble_factor":1,"brake":10000,"move_speed":1000,"wobble_speed":1,"acceleration":10000},"spawn_layers":"WL_LandHorizontal","display_group":99,"physics":{"gravity_scalar":1,"radius":6,"allow_pushing":true,"push_class":2,"push_sideways":true,"air_friction":1},"events":{"firing":{"audio_cue":"/SE/Weapons/base/base_fire_laser"},"died":{"audio_cue":"/SE/Death/Air","effect_spec":"/pa/effects/specs/default_explosion.pfx"},"build_complete":{"audio_cue":"/SE/Build_Complete/air"}},"wreckage_health_frac":0,"display_name":"Base Flyer"}