{
  "build_list": [
    {
      "build_conditions": [
        [
          {
            "compare0": ">=",
            "test_type": "UnitPoolCount",
            "unit_type_string0": "Air & Scout",
            "value0": 1
          }
        ]
      ],
      "instance_count": -1,
      "name": "Air Scout Platoon",
      "priority": 100,
      "task_type": "Scout",
      "to_build": "Air_Scout"
    },
    {
      "build_conditions": [
        [
          {
            "compare0": ">=",
            "test_type": "UnitPoolCount",
            "unit_type_string0": "Air & (Bomber | Gunship)",
            "value0": 1
          },
          {
            "string0": "WL_AnySurface",
            "string1": "WL_Air",
            "test_type": "CanAttackWithPoolUnitsBomber",
            "unit_type_string0": "Mobile | Structure"
          }
        ]
      ],
      "instance_count": -1,
      "name": "Bomber-Gunship Attack Platoon Small",
      "priority": 104,
      "task_type": "BomberAttack",
      "to_build": "BomberGunship_Attack_Small"
    },
    {
      "build_conditions": [
        [
          {
            "compare0": ">=",
            "test_type": "UnitPoolCount",
            "unit_type_string0": "Air & (Bomber | Gunship)",
            "value0": 4
          },
          {
            "string0": "WL_AnySurface",
            "string1": "WL_Air",
            "test_type": "CanAttackWithPoolUnitsBomber",
            "unit_type_string0": "Mobile | Structure"
          }
        ]
      ],
      "instance_count": -1,
      "name": "Bomber-Gunship Attack Platoon Medium",
      "priority": 103,
      "task_type": "BomberAttack",
      "to_build": "BomberGunship_Attack_Medium"
    },
    {
      "build_conditions": [
        [
          {
            "compare0": ">=",
            "test_type": "UnitPoolCount",
            "unit_type_string0": "Air & (Bomber | Gunship)",
            "value0": 10
          },
          {
            "string0": "WL_AnySurface",
            "string1": "WL_Air",
            "test_type": "CanAttackWithPoolUnitsBomber",
            "unit_type_string0": "Mobile | Structure"
          }
        ]
      ],
      "instance_count": -1,
      "name": "Bomber-Gunship Attack Platoon Large",
      "priority": 102,
      "task_type": "BomberAttack",
      "to_build": "BomberGunship_Attack_Large"
    },
    {
      "build_conditions": [
        [
          {
            "compare0": ">=",
            "test_type": "UnitPoolCount",
            "unit_type_string0": "Air & (Bomber | Gunship)",
            "value0": 20
          },
          {
            "string0": "WL_AnySurface",
            "string1": "WL_Air",
            "test_type": "CanAttackWithPoolUnitsBomber",
            "unit_type_string0": "Mobile | Structure"
          }
        ]
      ],
      "instance_count": -1,
      "name": "Bomber-Gunship Attack Platoon XLarge",
      "priority": 101,
      "task_type": "BomberAttack",
      "to_build": "BomberGunship_Attack_XLarge"
    },
    {
      "build_conditions": [
        [
          {
            "compare0": ">=",
            "test_type": "UnitPoolCount",
            "unit_type_string0": "Air & (Bomber | Gunship)",
            "value0": 40
          },
          {
            "string0": "WL_AnySurface",
            "string1": "WL_Air",
            "test_type": "CanAttackWithPoolUnitsBomber",
            "unit_type_string0": "Mobile | Structure"
          }
        ]
      ],
      "instance_count": -1,
      "name": "Bomber-Gunship Attack Platoon Max",
      "priority": 100,
      "task_type": "BomberAttack",
      "to_build": "BomberGunship_Attack_Max"
    },
    {
      "build_conditions": [
        [
          {
            "compare0": ">=",
            "test_type": "UnitPoolCount",
            "unit_type_string0": "Air & Fighter",
            "value0": 1
          },
          {
            "string0": "WL_Air",
            "string1": "WL_Air",
            "test_type": "CanAttackWithPoolUnitsFighter",
            "unit_type_string0": "Mobile | Structure"
          }
        ],
        [
          {
            "compare0": ">=",
            "test_type": "UnitPoolCount",
            "unit_type_string0": "Air & Fighter",
            "value0": 1
          },
          {
            "string0": "fighter_attack",
            "string1": "WL_Air",
            "string2": "WL_Air",
            "test_type": "CanProvideAirSupportWithPoolUnits",
            "unit_type_string0": "Mobile | Structure"
          }
        ]
      ],
      "instance_count": -1,
      "name": "Fighter Attack Platoon",
      "priority": 100,
      "task_type": "FighterAttack",
      "to_build": "Fighter_Attack"
    }
  ]
}