{
  "author" : "nuketf",
  "build" : "59607",
  "category" : [ "ui", "in-game" ],
  "context" : "client",
  "date" : "2014/02/11", 
  "description" : "Supreme Commander icons in PA!",
  "description_nl" : "Supreme Commander iconen in PA!",
  "display_name" : "Supreme Commander icons",
  "display_name_nl" : "Supreme Commander iconen",
  "enabled" : true,
  "forum" : "https://forums.uberent.com/threads/supcom-icons-fixed.56373/",
  "id" : "SupremeCommanderIcons",
  "identifier" : "com.pa.nuketf.SupremeCommanderIcons",
  "priority" : 100,
  "signature" : "not yet implemented",
  "version" : "1.0"
}
