{
    "context": "client",
    "identifier": "com.pa.conundrum.cPlanetPips",
    "display_name": "Planet Pip Buttons",
    "description": "Adds a button in the system panel to focus the pip on that planet.",
    "author": "Captain Conundrum, maxpowerz",
    "version": "1.0.0",
    "build": "62857",
    "date": "2014/03/17",
    "signature": "not yet implemented",
    "forum": "https://forums.uberent.com/threads/suggestion-pip-jump-buttons-in-the-drop-down-system-box.57992/",
    "category": [
        "in-game",
        "ui"
    ],
    "live_game": [
        "coui://ui/mods/cPlanetPips/cPlanetPips.js",
        "coui://ui/mods/cPlanetPips/cPlanetPips.css"
    ],
    "id": "cPlanetPips",
    "icon": "http://pamods.github.io/icons/cPlanetPips.png",
    "priority": 100,
    "enabled": true
}