{
    "context": "client",
    "identifier": "fr.mereth.pa.mereth.replay",
    "display_name": "Contact Replays",
    "description": "Add a 'Show Replays' entry in the UberBar contextual menu.",
    "author": "mereth",
    "version": "1.0.0",
    "build": "66943",
    "date": "2014/06/13",
    "signature": "not yet implemented",
    "id": "mereth.replay",
    "priority": 100,
    "scenes": {
        "replay_browser": [
            "coui://ui/mods/mereth.replay/replay.js",
            "coui://ui/mods/mereth.replay/replay.css"
        ],
        "uberbar": [
            "coui://ui/mods/mereth.replay/show_replay.js"
        ]
    },
    "category": [
        "uberbar",
        "ui"
    ],
    "enabled": true
}