{"base_spec":"/pa/units/orbital/base_orbital/base_orbital.json","display_name":"Orbital Fabrication Bot","description":"Orbital Fabrication Bot: Builds Orbital satellites and ships","display_group":100,"display_index":80,"max_health":50,"build_metal_cost":2400,"celestial_velocity_multiplier":6.0,"spawn_layers":"WL_Orbital","buildable_types":"FabOrbBuild","unit_types":["UNITTYPE_Orbital","UNITTYPE_Fabber","UNITTYPE_Construction","UNITTYPE_Mobile","UNITTYPE_Advanced","UNITTYPE_FactoryBuild"],"command_caps":["ORDER_Move","ORDER_Patrol","ORDER_Build","ORDER_Reclaim","ORDER_Repair","ORDER_Assist","ORDER_Use"],"transportable":{"size":1},"attachable":{"offsets":{"root":[0,0,0]}},"guard_radius":120,"guard_layer":"WL_Orbital","navigation":{"type":"orbital","acceleration":10,"brake":10,"move_speed":20,"turn_speed":75},"physics":{"radius":5,"push_class":15},"recon":{"observer":{"items":[{"layer":"surface_and_air","channel":"radar","shape":"capsule","radius":10000},{"layer":"orbital","channel":"sight","shape":"capsule","radius":10000}]}},"model":{"filename":"/pa/units/air/fabrication_aircraft_adv/fabrication_aircraft_adv.papa","animtree":"/pa/anim/anim_trees/fabrication_turret.json","arrows":5},"tools":[{"spec_id":"/pa/units/orbital/orbital_fabrication_bot/orbital_fabrication_bot_build_arm.json","aim_bone":"bone_root"}],"events":{"build_complete":{"audio_cue":"/SE/Build_Complete/fab"},"died":{"audio_cue":"/SE/Death/Air"}},"audio":{"loops":{"build":{"cue":"/SE/Construction/Fab_contruction_beam_loop","flag":"build_target_changed","should_start_func":"has_build_target","should_stop_func":"no_build_target"},"move":{"cue":"/SE/Movement/air/fab_air_loop","flag":"vel_changed","should_start_func":"is_moving","should_stop_func":"is_not_moving"}}},"fx_offsets":[{"type":"build","filename":"/pa/effects/specs/fab_spray.pfx","bone":"socket_muzzle","offset":[0,0,0],"orientation":[0,0,0]}],"mesh_bounds":[10.1522,7.52258,8.02892],"TEMP_texelinfo":7.54279}