{
  "build_list": [
    {
      "base_sort": "FromBuilder",
      "build_conditions": [
        [
          {
            "compare0": "<",
            "test_type": "PotentialMetalEfficiency",
            "value0": 1.0
          },
          {
            "boolean": true,
            "test_type": "CanFindMetalSpotToBuildBasic"
          },
          {
            "boolean": true,
            "compare0": "<",
            "test_type": "UnitCountOnPlanet",
            "unit_type_string0": "Fabber - Orbital",
            "value0": 1
          }
        ]
      ],
      "builders": [
        "Commander"
      ],
      "instance_count": 2,
      "name": "Basic Metal Extractor - cdr",
      "placement_rules": {
        "placement_type": "FromMainBaseCenter",
        "threat": {
          "compare_type": "<",
          "influence_type": "AntiSurface",
          "radius": 10,
          "value": 50
        }
      },
      "priority": 261,
      "shared_instance_count": "BasicMetal",
      "to_build": "BasicMetalExtractor"
    },
    {
      "base_sort": "FromBuilder",
      "build_conditions": [
        [
          {
            "test_type": "DesireMetal"
          },
          {
            "boolean": true,
            "test_type": "CanFindMetalSpotToBuildBasic"
          },
          {
            "boolean": true,
            "compare0": "<",
            "test_type": "UnitCountOnPlanet",
            "unit_type_string0": "Fabber - Orbital",
            "value0": 1
          }
        ]
      ],
      "builders": [
        "Commander"
      ],
      "instance_count": 2,
      "name": "Basic Metal Extractor - cdr Desire",
      "placement_rules": {
        "placement_type": "FromMainBaseCenter",
        "threat": {
          "compare_type": "<",
          "influence_type": "AntiSurface",
          "radius": 10,
          "value": 50
        }
      },
      "priority": 501,
      "shared_instance_count": "BasicMetal",
      "to_build": "BasicMetalExtractor"
    },
    {
      "build_conditions": [
        [
          {
            "compare0": "<",
            "test_type": "PotentialEnergyEfficiency",
            "value0": 1.0
          },
          {
            "compare0": ">=",
            "test_type": "UnitCount",
            "unit_type_string0": "EnergyProduction & Basic",
            "value0": 10
          },
          {
            "compare0": "<",
            "test_type": "UnitCount",
            "unit_type_string0": "EnergyProduction & Advanced",
            "value0": 1
          },
          {
            "string0": "BasicEnergyGenerator",
            "test_type": "CanFindPlaceToBuild"
          }
        ]
      ],
      "builders": [
        "Commander"
      ],
      "instance_count": 1,
      "max_num_assisters": 1,
      "name": "Basic Energy Generator - early cdr",
      "placement_rules": {
        "buffer": 6,
        "placement_type": "FromBaseCenter",
        "threat": {
          "compare_type": "<",
          "influence_type": "AntiSurface",
          "radius": 10,
          "value": 50
        }
      },
      "priority": 260,
      "shared_instance_count": "BasicEnergy",
      "to_build": "BasicEnergyGenerator"
    },
    {
      "build_conditions": [
        [
          {
            "compare0": "<",
            "test_type": "PotentialEnergyEfficiency",
            "value0": 1.0
          },
          {
            "compare0": "<",
            "test_type": "UnitCount",
            "unit_type_string0": "EnergyProduction & Basic",
            "value0": 10
          },
          {
            "compare0": "<",
            "test_type": "UnitCount",
            "unit_type_string0": "EnergyProduction & Advanced",
            "value0": 1
          },
          {
            "string0": "BasicEnergyGenerator",
            "test_type": "CanFindPlaceToBuild"
          }
        ]
      ],
      "builders": [
        "Commander"
      ],
      "instance_count": 1,
      "max_num_assisters": 1,
      "name": "Basic Energy Generator - Cdr",
      "placement_rules": {
        "buffer": 6,
        "placement_type": "FromBaseCenter",
        "threat": {
          "compare_type": "<",
          "influence_type": "AntiSurface",
          "radius": 10,
          "value": 50
        }
      },
      "priority": 260,
      "shared_instance_count": "BasicEnergy",
      "to_build": "BasicEnergyGenerator"
    },
    {
      "build_conditions": [
        [
          {
            "test_type": "DesireEnergy"
          },
          {
            "compare0": ">=",
            "test_type": "UnitCount",
            "unit_type_string0": "EnergyProduction & Basic",
            "value0": 10
          },
          {
            "compare0": "<",
            "test_type": "UnitCount",
            "unit_type_string0": "EnergyProduction & Advanced",
            "value0": 1
          },
          {
            "string0": "BasicEnergyGenerator",
            "test_type": "CanFindPlaceToBuild"
          }
        ]
      ],
      "builders": [
        "Commander"
      ],
      "instance_count": 1,
      "max_num_assisters": 3,
      "name": "Basic Energy Generator - late Desire cdr",
      "placement_rules": {
        "buffer": 6,
        "placement_type": "FromBaseCenter",
        "threat": {
          "compare_type": "<",
          "influence_type": "AntiSurface",
          "radius": 10,
          "value": 50
        }
      },
      "priority": 500,
      "shared_instance_count": "BasicEnergy",
      "to_build": "BasicEnergyGenerator"
    },
    {
      "build_conditions": [
        [
          {
            "test_type": "DesireEnergy"
          },
          {
            "compare0": "<",
            "test_type": "UnitCount",
            "unit_type_string0": "EnergyProduction & Basic",
            "value0": 10
          },
          {
            "compare0": "<",
            "test_type": "UnitCount",
            "unit_type_string0": "EnergyProduction & Advanced",
            "value0": 1
          },
          {
            "string0": "BasicEnergyGenerator",
            "test_type": "CanFindPlaceToBuild"
          }
        ]
      ],
      "builders": [
        "Commander"
      ],
      "instance_count": 1,
      "max_num_assisters": 3,
      "name": "Basic Energy Generator - early Desire Cdr",
      "placement_rules": {
        "buffer": 6,
        "placement_type": "FromBaseCenter",
        "threat": {
          "compare_type": "<",
          "influence_type": "AntiSurface",
          "radius": 10,
          "value": 50
        }
      },
      "priority": 500,
      "shared_instance_count": "BasicEnergy",
      "to_build": "BasicEnergyGenerator"
    },
    {
      "build_conditions": [
        [
          {
            "compare0": "<",
            "test_type": "EnergyStorageToProductionRatio",
            "value0": 5
          },
          {
            "test_type": "CanAffordBuildDemand"
          },
          {
            "string0": "EnergyStorage",
            "test_type": "CanFindPlaceToBuild"
          }
        ]
      ],
      "builders": [
        "Commander"
      ],
      "instance_count": 1,
      "name": "Energy Storage - cdr",
      "placement_rules": {
        "buffer": 10,
        "placement_type": "FromBaseCenter",
        "threat": {
          "compare_type": "<",
          "influence_type": "AntiSurface",
          "radius": 10,
          "value": 50
        }
      },
      "priority": 140,
      "to_build": "EnergyStorage"
    },
    {
      "build_conditions": [
        [
          {
            "compare0": "<",
            "test_type": "MetalStorageToProductionRatio",
            "value0": 6
          },
          {
            "test_type": "CanAffordBuildDemand"
          },
          {
            "string0": "MetalStorage",
            "test_type": "CanFindPlaceToBuild"
          }
        ]
      ],
      "builders": [
        "Commander"
      ],
      "instance_count": 1,
      "name": "Metal Storage - cdr",
      "placement_rules": {
        "buffer": 10,
        "placement_type": "FromBaseCenter",
        "threat": {
          "compare_type": "<",
          "influence_type": "AntiSurface",
          "radius": 10,
          "value": 50
        }
      },
      "priority": 140,
      "to_build": "MetalStorage"
    }
  ]
}