{ "author" : "wondible", "build" : "64498", "category" : [ "ui", "main menu", "modding" ], "context" : "client", "date" : "2014/05/02", "description" : "One click to start a game vs an AI with no economy, or as configured in settings.", "display_name" : "Instant Sandbox", "enabled" : true, "forum" : "https://forums.uberent.com/threads/wip-instant-sandbox.56920/", "icon" : "http://pamods.github.io/icons/instant_sandbox.png", "id" : "instant_sandbox", "identifier" : "pa.wondible.instant_sandbox", "priority" : 100, "requires" : [ "rSettingsManager" ], "scenes" : { "settings" : [ "coui://ui/mods/instant_sandbox/settings.js" ], "start" : [ "coui://ui/mods/instant_sandbox/panhandler.js", "coui://ui/mods/instant_sandbox/bootstrap.js" ] }, "signature" : "not yet implemented", "version" : "1.0.1" }