{"base_spec":"/pa/units/land/base_structure/base_structure.json","display_name":"Advanced Laser Defense Tower","area_build_separation":25,"description":"Advanced Defense: Direct fire anti-land, and anti-ship defense","display_group":20,"display_index":100,"max_health":4000,"build_metal_cost":1800,"atrophy_rate":70.0,"atrophy_cool_down":30.0,"spawn_layers":"WL_AnyHorizontalGroundOrWaterSurface","unit_types":["UNITTYPE_Structure","UNITTYPE_Advanced","UNITTYPE_Land","UNITTYPE_SurfaceDefense","UNITTYPE_Defense","UNITTYPE_FabAdvBuild"],"command_caps":["ORDER_Attack"],"guard_radius":130,"guard_layer":"WL_AnySurface","recon":{"observer":{"items":[{"layer":"surface_and_air","channel":"sight","shape":"capsule","radius":130}]}},"model":[{"layer":"WL_LandHorizontal","filename":"/pa/units/land/laser_defense_adv/laser_defense_adv.papa","animtree":"/pa/anim/anim_trees/defense_turret_adv.json","skirt_decal":"/pa/effects/specs/skirt_06.json"},{"layer":"WL_WaterSurface","filename":"/pa/units/sea/floating_laser_adv/floating_laser_adv.papa","animtree":"/pa/anim/anim_trees/defense_turret_adv.json"}],"tools":[{"spec_id":"/pa/units/land/laser_defense_adv/laser_defense_adv_tool_weapon.json","aim_bone":"socket_aim","muzzle_bone":["socket_rightMuzzle","socket_centerMuzzle","socket_leftMuzzle"]}],"events":{"build_complete":{"audio_cue":"/SE/Build_Complete/structure_small"},"firing":{"audio_cue":"/SE/Weapons/structure/laser_defence_fire","effect_spec":"/pa/effects/specs/default_muzzle_flash.pfx socket_rightMuzzle /pa/effects/specs/default_muzzle_flash.pfx socket_centerMuzzle /pa/effects/specs/default_muzzle_flash.pfx socket_leftMuzzle"},"died":{"audio_cue":"/SE/Death/structure_small","effect_scale":0.5}},"mesh_bounds":[7.50864,7.67487,21.58],"TEMP_texelinfo":15.3609}