{
    "context": "client",
    "identifier": "info.nanodesu.blackscreenfix",
    "display_name": "No Blackscreens",
    "description": "Fix for Blackscreens when loading css in mods for PA v.62225",
    "author": "Cola_Colin",
    "version": "4.0",
    "build": "62225",
    "signature": "not yet implemented",
    "priority": 1,
    "enabled": true,
    "id": "blackscreenfix",
    "forum": "https://forums.uberent.com/threads/rel-possible-fix-for-blackscreen-issues.56735/",
    "category": [
        "Bugfix"
    ],
    "date": "2014/03/05"
}