{"audio":{"loops":{"move":{"flag":"vel_changed","should_stop_func":"is_not_moving","should_start_func":"is_moving","cue":"/SE/Movement/sea/Fab_ship_loop"},"build":{"flag":"build_target_changed","should_stop_func":"no_build_target","cue":"/SE/Construction/Fab_contruction_beam_loop","should_start_func":"has_build_target"}}},"display_index":100,"spawn_layers":"WL_WaterSurface","physics":{"shape":"box","radius":6,"allow_pushing":true,"push_class":2},"transportable":{"size":1},"base_spec":"/pa/units/sea/base_ship/base_ship.json","recon":{"observer":{"items":[{"layer":"surface_and_air","channel":"sight","radius":100,"shape":"capsule"}]}},"model":{"filename":"/pa/units/sea/fabrication_ship_adv/fabrication_ship_adv.papa","animtree":"/pa/anim/anim_trees/fabrication_turret.json"},"buildable_types":"Naval & Structure & Advanced | Naval & Factory & Advanced | FabAdvBuild | FabBuild","description":"Advanced Fabricator: Builds naval structures","display_name":"Advanced Fabrication Ship","attachable":{"offsets":{"head":[0,0,4],"root":[0,0,0]}},"events":{"died":{"audio_cue":"/SE/Death/Sea"},"build_complete":{"audio_cue":"/SE/Build_Complete/fab"}},"max_health":300,"fx_offsets":[{"type":"build","bone":"socket_rightMuzzle","offset":[0,0,0],"filename":"/pa/effects/specs/fab_spray.pfx","orientation":[0,0,0]},{"bone":"socket_leftMuzzle","type":"build","filename":"/pa/effects/specs/fab_spray.pfx","orientation":[0,0,0],"offset":[0,0,0]}],"display_group":100,"unit_types":["UNITTYPE_Fabber","UNITTYPE_Construction","UNITTYPE_Naval","UNITTYPE_Mobile","UNITTYPE_Advanced","UNITTYPE_FactoryBuild"],"navigation":{"type":"water","turn_speed":40,"move_speed":10,"acceleration":3,"brake":7},"command_caps":["ORDER_Move","ORDER_Patrol","ORDER_Build","ORDER_Reclaim","ORDER_Repair","ORDER_Assist"],"tools":[{"spec_id":"/pa/units/sea/fabrication_ship_adv/fabrication_ship_adv_build_arm.json","aim_bone":"bone_pitch"}],"TEMP_texelinfo":11.3243,"build_metal_cost":2400}