{
    "context": "client",
    "identifier": "com.pa.superouman.CustomSkybox",
    "display_name": "Custom Skybox",
    "description": "Use and import different skyboxes. Visit www.superouman.net/planetary-annihilation-skyboxes.html to get a large catalog of skyboxes",
    "author": "superouman",
    "version": "1.2",
    "build": "62443",
    "date": "2014/03/11",
    "signature": "not yet implemented",
    "forum": "https://forums.uberent.com/threads/rel-custom-skybox.56562/",
    "category": [
        "In-game"
    ],
    "id": "CustomSkybox",
    "priority": 100,
    "enabled": true
}