{
    "context": "client",
    "identifier": "com.pa.conundrum.cDraggablePip",
    "display_name": "Draggable Picture in Picture",
    "description": "Makes the PiP window draggable.",
    "author": "Captain Conundrum",
    "version": "1.1.4",
    "build": "62225",
    "date": "2014/03/04",
    "signature": "not yet implemented",
    "forum": "https://forums.uberent.com/threads/rel-draggable-picture-in-picture.56738/",
    "category": [
        "in-game",
        "ui"
    ],
    "live_game": [
        "coui://ui/mods/cDraggablePip/cDraggablePip.js",
        "coui://ui/mods/cDraggablePip/cDraggablePip.css"
    ],
    "id": "cDraggablePip",
    "icon": "http://pamods.github.io/icons/cDraggablePip.png",
    "requires": [
        "rFloatFrame"
    ],
    "priority": 120,
    "enabled": true
}