{
	"author" : "DeathByDenim",
	"build" : "62519",
	"category" : [ "ui" ],
	"context" : "client",
	"date" : "2014/03/08",
	"description" : "Keep notes on players for future reference",
	"description_nl" : "Houd notities over spelers bij voor toekomstig gebruik.",
	"description_de" : "Führen Sie Notizen über die andere Spieler für zukünftige Verwendung.",
	"description_fr" : "Enregistrer des notes à propos des autres joueurs pour utiliser en futur.",
	"display_name" : "Notes",
	"display_name_de" : "Notizen",
	"display_name_fr" : "Notes",
	"display_name_nl" : "Notities",
	"enabled" : true,
	"forum" : "https://forums.uberent.com/threads/rel-notes-v1-0.55281/",
	"icon": "http://pamods.github.io/icons/dNotes.png",
	"id" : "dNotes",
	"identifier" : "com.pa.DeathByDenim.dNotes",
	"priority" : 100,
	"requires" : [ "rFloatFrame",
	"dPlayersInServerBrowser" ],
	"signature" : "not yet implemented",
	"scenes" : {
		"game_over" : [
			"coui://ui/mods/dNotes/dNotes_game_over.js",
			"coui://ui/mods/dNotes/dNotes_game_over.css"
		],
		"global_mod_list" : [
			"coui://ui/mods/dNotes/dNotes_global.js",
			"coui://ui/mods/dNotes/dNotes_global.css"
		],
		"live_game" : [
			"coui://ui/mods/dNotes/dNotes_live_game.js"
		],
		"new_game" : [
			"coui://ui/mods/dNotes/dNotes_new_game.js"
		],
		"server_browser" : [
			"coui://ui/mods/dNotes/dNotes_server_browser.js",
			"coui://ui/mods/dNotes/dNotes_server_browser.css"
		],
		"social" : [
			"coui://ui/mods/dNotes/dNotes_social.js"
		]
	},
	"version" : "1.3"
}
