{"base_spec":"/pa/units/land/base_structure/base_structure.json","unit_name":"Energy Plant","display_name":"Energy Plant","description":"Energy: Produces energy","display_group":80,"display_index":60,"max_health":1000,"build_metal_cost":450,"atrophy_rate":10.0,"atrophy_cool_down":30.0,"spawn_layers":"WL_AnyHorizontalGroundOrWaterSurface","area_build_type":"Line","production":{"energy":600},"unit_types":["UNITTYPE_Structure","UNITTYPE_EnergyProduction","UNITTYPE_CmdBuild","UNITTYPE_FabBuild","UNITTYPE_Economy"],"recon":{"observer":{"items":[{"layer":"surface_and_air","channel":"sight","shape":"capsule","radius":100}]}},"model":[{"layer":"WL_LandHorizontal","filename":"/pa/units/land/energy_plant/energy_plant.papa","animations":{"idle":"/pa/units/land/energy_plant/energy_plant_anim_work.papa"},"animtree":"/pa/anim/anim_trees/constant_idle.json"},{"layer":"WL_WaterSurface","filename":"/pa/units/sea/sea_energy_plant/sea_energy_plant.papa","animations":{"idle":"/pa/units/land/energy_plant/energy_plant_anim_work.papa"},"animtree":"/pa/anim/anim_trees/constant_idle.json"}],"events":{"build_complete":{"audio_cue":"/SE/Build_Complete/energy"},"died":{"audio_cue":"/SE/Death/Factory","effect_scale":0.5}},"mesh_bounds":[10,10,13.4668],"placement_size":[6,6],"building_skirt":[12,12],"TEMP_texelinfo":15.8224,"influence":{"range":50,"values":{"Economy":5}}}