{
    "context": "client",
    "identifier": "com.pa.superouman.CustomSkybox",
    "display_name": "Custom Skybox",
    "description": "Use and import different skyboxes. The file contains many pictures files, please be patient during the download",
    "author": "superouman",
    "version": "1.1",
    "build": "61694",
    "date": "2014/02/26",
    "signature": "not yet implemented",
    "forum": "https://forums.uberent.com/threads/rel-custom-skybox.56562/",
    "category": [
        "In-game"
    ],
    "id": "CustomSkybox",
    "priority": 100,
    "enabled": true
}