{
  "ambient_sound": "/SE/Ambience/Amb_Planet_Metal",
  "atmosphere": {
    "color": [
      0.3,
      0.7,
      0.7,
      0.8
    ],
    "density": 32.0,
    "hdr_intensity": 1.0,
    "ldr_intensity": 1.0
  },
  "base_biome": "/pa/terrain/base/base.json",
  "biomes": [
    {
      "elevation": [
        0,
        0.2,
        1
      ],
      "noise_range": [
        0.3,
        0.5
      ],
      "spec": "/pa/terrain/metal/metal.json",
      "temperture": [
        0.2,
        1,
        1
      ],
      "water_distance": [
        0,
        500,
        1
      ]
    }
  ],
  "brushes": [
    {
      "brush_spec": "/pa/terrain/metal/brushes/metal_cap_01.json",
      "fixed_orient": true,
      "note": "specific brush placement",
      "op": "BO_Add",
      "planet_size_range": [
        500,
        null
      ],
      "position": [
        0.0,
        0.0,
        1.0
      ],
      "proj": "BP_Bend",
      "rotation": 0.0,
      "scale": [
        2.0,
        2.0,
        2.0
      ],
      "weight": 1.0,
      "weight_hard": true,
      "weight_scale": 1.0
    },
    {
      "brush_spec": "/pa/terrain/metal/brushes/metal_cap_01.json",
      "fixed_orient": true,
      "note": "specific brush placement",
      "op": "BO_Add",
      "planet_size_range": [
        500,
        null
      ],
      "position": [
        0.0,
        0.0,
        -1.0
      ],
      "proj": "BP_Bend",
      "rotation": 0.0,
      "scale": [
        2.0,
        2.0,
        2.0
      ],
      "weight": 1.0,
      "weight_hard": true,
      "weight_scale": 1.0
    },
    {
      "brush_spec": "/pa/terrain/metal/brushes/metal_cap_02.json",
      "fixed_orient": true,
      "note": "specific brush placement",
      "op": "BO_Add",
      "planet_size_range": [
        251,
        499
      ],
      "position": [
        0.0,
        0.0,
        1.0
      ],
      "proj": "BP_Bend",
      "rotation": 0.0,
      "scale": [
        1.0,
        1.0,
        1.0
      ],
      "weight": 1.0,
      "weight_hard": true,
      "weight_scale": 1.0
    },
    {
      "brush_spec": "/pa/terrain/metal/brushes/metal_cap_02.json",
      "fixed_orient": true,
      "note": "specific brush placement",
      "op": "BO_Add",
      "planet_size_range": [
        251,
        499
      ],
      "position": [
        0.0,
        0.0,
        -1.0
      ],
      "proj": "BP_Bend",
      "rotation": 0.0,
      "scale": [
        1.0,
        1.0,
        1.0
      ],
      "weight": 1.0,
      "weight_hard": true,
      "weight_scale": 1.0
    },
    {
      "brush_spec": "/pa/terrain/metal/brushes/metal_cap_03.json",
      "fixed_orient": true,
      "note": "specific brush placement",
      "op": "BO_Add",
      "planet_size_range": [
        0,
        250
      ],
      "position": [
        0.0,
        0.0,
        1.0
      ],
      "proj": "BP_Bend",
      "rotation": 0.0,
      "scale": [
        1.0,
        1.0,
        1.0
      ],
      "weight": 1.0,
      "weight_hard": true,
      "weight_scale": 1.0
    },
    {
      "brush_spec": "/pa/terrain/metal/brushes/metal_cap_03.json",
      "fixed_orient": true,
      "note": "specific brush placement",
      "op": "BO_Add",
      "planet_size_range": [
        0,
        250
      ],
      "position": [
        0.0,
        0.0,
        -1.0
      ],
      "proj": "BP_Bend",
      "rotation": 0.0,
      "scale": [
        1.0,
        1.0,
        1.0
      ],
      "weight": 1.0,
      "weight_hard": true,
      "weight_scale": 1.0
    },
    {
      "brush_spec": "/pa/terrain/metal/brushes/metal_trench_pit.json",
      "fixed_orient": true,
      "note": "specific brush placement",
      "op": "BO_Add",
      "planet_size_range": [
        700,
        null
      ],
      "position": [
        0.0,
        1.0,
        0.0
      ],
      "proj": "BP_LongitudePinch",
      "rotation": 0,
      "scale": [
        1,
        1,
        1
      ],
      "weight": 1.0,
      "weight_hard": true,
      "weight_scale": 1.0
    },
    {
      "brush_spec": "/pa/terrain/metal/brushes/metal_trench_pit.json",
      "fixed_orient": true,
      "note": "specific brush placement",
      "op": "BO_Add",
      "planet_size_range": [
        700,
        null
      ],
      "position": [
        0.0,
        -1.0,
        0.0
      ],
      "proj": "BP_LongitudePinch",
      "rotation": 0,
      "scale": [
        1,
        1,
        1
      ],
      "weight": 1.0,
      "weight_hard": true,
      "weight_scale": 1.0
    },
    {
      "brush_spec": "/pa/terrain/metal/brushes/metal_trench_11.json",
      "fixed_orient": true,
      "note": "specific brush placement",
      "op": "BO_Add",
      "planet_size_range": [
        700,
        null
      ],
      "position": [
        1.0,
        0.0,
        0.0
      ],
      "proj": "BP_LongitudePinch",
      "rotation": 90,
      "scale": [
        1,
        1,
        1
      ],
      "weight": 1.0,
      "weight_hard": true,
      "weight_scale": 1.0
    },
    {
      "brush_spec": "/pa/terrain/metal/brushes/metal_trench_11.json",
      "fixed_orient": true,
      "note": "specific brush placement",
      "op": "BO_Add",
      "planet_size_range": [
        700,
        null
      ],
      "position": [
        -1.0,
        0.0,
        0.0
      ],
      "proj": "BP_LongitudePinch",
      "rotation": 90,
      "scale": [
        1,
        1,
        1
      ],
      "weight": 1.0,
      "weight_hard": true,
      "weight_scale": 1.0
    },
    {
      "brush_spec": "/pa/terrain/metal/brushes/metal_trench_11.json",
      "fixed_orient": true,
      "note": "specific brush placement",
      "op": "BO_Add",
      "planet_size_range": [
        350,
        null
      ],
      "position": [
        1.0,
        1.0,
        0.0
      ],
      "proj": "BP_LongitudePinch",
      "rotation": -45,
      "scale": [
        1,
        1,
        1
      ],
      "weight": 1.0,
      "weight_hard": true,
      "weight_scale": 1.0
    },
    {
      "brush_spec": "/pa/terrain/metal/brushes/metal_trench_11.json",
      "fixed_orient": true,
      "note": "specific brush placement",
      "op": "BO_Add",
      "planet_size_range": [
        350,
        null
      ],
      "position": [
        -1.0,
        -1.0,
        0.0
      ],
      "proj": "BP_LongitudePinch",
      "rotation": -45,
      "scale": [
        1,
        1,
        1
      ],
      "weight": 1.0,
      "weight_hard": true,
      "weight_scale": 1.0
    },
    {
      "brush_spec": "/pa/terrain/metal/brushes/metal_trench_11.json",
      "fixed_orient": true,
      "note": "specific brush placement",
      "op": "BO_Add",
      "planet_size_range": [
        350,
        null
      ],
      "position": [
        1.0,
        -1.0,
        0.0
      ],
      "proj": "BP_LongitudePinch",
      "rotation": 45,
      "scale": [
        1,
        1,
        1
      ],
      "weight": 1.0,
      "weight_hard": true,
      "weight_scale": 1.0
    },
    {
      "brush_spec": "/pa/terrain/metal/brushes/metal_trench_11.json",
      "fixed_orient": true,
      "note": "specific brush placement",
      "op": "BO_Add",
      "planet_size_range": [
        350,
        null
      ],
      "position": [
        -1.0,
        1.0,
        0.0
      ],
      "proj": "BP_LongitudePinch",
      "rotation": 45,
      "scale": [
        1,
        1,
        1
      ],
      "weight": 1.0,
      "weight_hard": true,
      "weight_scale": 1.0
    },
    {
      "brush_spec": "/pa/terrain/metal/brushes/metal_structure_12.json",
      "fixed_orient": true,
      "note": "specific brush placement",
      "op": "BO_Add",
      "planet_size_range": [
        700,
        null
      ],
      "position": [
        1.0,
        0.0,
        0.17
      ],
      "proj": "BP_LongitudePinch",
      "rotation": 90,
      "scale": [
        1,
        1,
        1
      ],
      "weight": 1.0,
      "weight_hard": true,
      "weight_scale": 1.0
    },
    {
      "brush_spec": "/pa/terrain/metal/brushes/metal_structure_12.json",
      "fixed_orient": true,
      "note": "specific brush placement",
      "op": "BO_Add",
      "planet_size_range": [
        700,
        null
      ],
      "position": [
        -1.0,
        0.0,
        0.17
      ],
      "proj": "BP_LongitudePinch",
      "rotation": 90,
      "scale": [
        1,
        1,
        1
      ],
      "weight": 1.0,
      "weight_hard": true,
      "weight_scale": 1.0
    },
    {
      "brush_spec": "/pa/terrain/metal/brushes/metal_structure_12.json",
      "fixed_orient": true,
      "note": "specific brush placement",
      "op": "BO_Add",
      "planet_size_range": [
        700,
        null
      ],
      "position": [
        1.0,
        0.0,
        -0.17
      ],
      "proj": "BP_LongitudePinch",
      "rotation": 90,
      "scale": [
        1,
        1,
        1
      ],
      "weight": 1.0,
      "weight_hard": true,
      "weight_scale": 1.0
    },
    {
      "brush_spec": "/pa/terrain/metal/brushes/metal_structure_12.json",
      "fixed_orient": true,
      "note": "specific brush placement",
      "op": "BO_Add",
      "planet_size_range": [
        700,
        null
      ],
      "position": [
        -1.0,
        0.0,
        -0.17
      ],
      "proj": "BP_LongitudePinch",
      "rotation": 90,
      "scale": [
        1,
        1,
        1
      ],
      "weight": 1.0,
      "weight_hard": true,
      "weight_scale": 1.0
    },
    {
      "brush_spec": "/pa/terrain/metal/brushes/metal_structure_12.json",
      "fixed_orient": true,
      "note": "specific brush placement",
      "op": "BO_Add",
      "planet_size_range": [
        700,
        null
      ],
      "position": [
        1.0,
        1.0,
        0.24
      ],
      "proj": "BP_LongitudePinch",
      "rotation": -45,
      "scale": [
        1,
        1,
        1
      ],
      "weight": 1.0,
      "weight_hard": true,
      "weight_scale": 1.0
    },
    {
      "brush_spec": "/pa/terrain/metal/brushes/metal_structure_12.json",
      "fixed_orient": true,
      "note": "specific brush placement",
      "op": "BO_Add",
      "planet_size_range": [
        700,
        null
      ],
      "position": [
        -1.0,
        -1.0,
        0.24
      ],
      "proj": "BP_LongitudePinch",
      "rotation": -45,
      "scale": [
        1,
        1,
        1
      ],
      "weight": 1.0,
      "weight_hard": true,
      "weight_scale": 1.0
    },
    {
      "brush_spec": "/pa/terrain/metal/brushes/metal_structure_12.json",
      "fixed_orient": true,
      "note": "specific brush placement",
      "op": "BO_Add",
      "planet_size_range": [
        700,
        null
      ],
      "position": [
        1.0,
        -1.0,
        0.24
      ],
      "proj": "BP_LongitudePinch",
      "rotation": 45,
      "scale": [
        1,
        1,
        1
      ],
      "weight": 1.0,
      "weight_hard": true,
      "weight_scale": 1.0
    },
    {
      "brush_spec": "/pa/terrain/metal/brushes/metal_structure_01.json",
      "fixed_orient": true,
      "note": "specific brush placement",
      "op": "BO_Add",
      "planet_size_range": [
        500,
        null
      ],
      "position": [
        -1.0,
        1.0,
        0.24
      ],
      "proj": "BP_LongitudePinch",
      "rotation": 45,
      "scale": [
        1,
        1,
        1
      ],
      "weight": 1.0,
      "weight_hard": true,
      "weight_scale": 1.0
    },
    {
      "brush_spec": "/pa/terrain/metal/brushes/metal_structure_12.json",
      "fixed_orient": true,
      "note": "specific brush placement",
      "op": "BO_Add",
      "planet_size_range": [
        700,
        null
      ],
      "position": [
        1.0,
        1.0,
        -0.24
      ],
      "proj": "BP_LongitudePinch",
      "rotation": -45,
      "scale": [
        1,
        1,
        1
      ],
      "weight": 1.0,
      "weight_hard": true,
      "weight_scale": 1.0
    },
    {
      "brush_spec": "/pa/terrain/metal/brushes/metal_structure_12.json",
      "fixed_orient": true,
      "note": "specific brush placement",
      "op": "BO_Add",
      "planet_size_range": [
        700,
        null
      ],
      "position": [
        -1.0,
        -1.0,
        -0.24
      ],
      "proj": "BP_LongitudePinch",
      "rotation": -45,
      "scale": [
        1,
        1,
        1
      ],
      "weight": 1.0,
      "weight_hard": true,
      "weight_scale": 1.0
    },
    {
      "brush_spec": "/pa/terrain/metal/brushes/metal_structure_12.json",
      "fixed_orient": true,
      "note": "specific brush placement",
      "op": "BO_Add",
      "planet_size_range": [
        700,
        null
      ],
      "position": [
        1.0,
        -1.0,
        -0.24
      ],
      "proj": "BP_LongitudePinch",
      "rotation": 45,
      "scale": [
        1,
        1,
        1
      ],
      "weight": 1.0,
      "weight_hard": true,
      "weight_scale": 1.0
    },
    {
      "brush_spec": "/pa/terrain/metal/brushes/metal_structure_01.json",
      "fixed_orient": true,
      "note": "specific brush placement",
      "op": "BO_Add",
      "planet_size_range": [
        500,
        null
      ],
      "position": [
        -1.0,
        1.0,
        -0.24
      ],
      "proj": "BP_LongitudePinch",
      "rotation": 45,
      "scale": [
        1,
        1,
        1
      ],
      "weight": 1.0,
      "weight_hard": true,
      "weight_scale": 1.0
    },
    {
      "brush_spec": "/pa/terrain/metal/brushes/metal_structure_15.json",
      "fixed_orient": true,
      "note": "specific brush placement",
      "op": "BO_Add",
      "planet_size_range": [
        200,
        349
      ],
      "position": [
        0.0,
        1.0,
        0.0
      ],
      "proj": "BP_LongitudePinch",
      "rotation": 180,
      "scale": [
        1,
        1,
        1
      ],
      "weight": 1.0,
      "weight_hard": true,
      "weight_scale": 1.0
    },
    {
      "brush_spec": "/pa/terrain/metal/brushes/metal_structure_15.json",
      "fixed_orient": true,
      "note": "specific brush placement",
      "op": "BO_Add",
      "planet_size_range": [
        200,
        349
      ],
      "position": [
        0.0,
        -1.0,
        0.0
      ],
      "proj": "BP_LongitudePinch",
      "rotation": 0,
      "scale": [
        1,
        1,
        1
      ],
      "weight": 1.0,
      "weight_hard": true,
      "weight_scale": 1.0
    },
    {
      "brush_spec": "/pa/terrain/metal/brushes/metal_structure_15.json",
      "fixed_orient": true,
      "note": "specific brush placement",
      "op": "BO_Add",
      "planet_size_range": [
        200,
        349
      ],
      "position": [
        1.0,
        0.0,
        0.0
      ],
      "proj": "BP_LongitudePinch",
      "rotation": 90,
      "scale": [
        1,
        1,
        1
      ],
      "weight": 1.0,
      "weight_hard": true,
      "weight_scale": 1.0
    },
    {
      "brush_spec": "/pa/terrain/metal/brushes/metal_structure_15.json",
      "fixed_orient": true,
      "note": "specific brush placement",
      "op": "BO_Add",
      "planet_size_range": [
        200,
        349
      ],
      "position": [
        -1.0,
        0.0,
        0.0
      ],
      "proj": "BP_LongitudePinch",
      "rotation": 270,
      "scale": [
        1,
        1,
        1
      ],
      "weight": 1.0,
      "weight_hard": true,
      "weight_scale": 1.0
    },
    {
      "brush_spec": "/pa/terrain/metal/brushes/metal_structure_13.json",
      "fixed_orient": true,
      "note": "specific brush placement",
      "op": "BO_Add",
      "planet_size_range": [
        300,
        349
      ],
      "position": [
        1.0,
        1.0,
        0.0
      ],
      "proj": "BP_LongitudePinch",
      "rotation": -45,
      "scale": [
        1,
        1,
        1
      ],
      "weight": 1.0,
      "weight_hard": true,
      "weight_scale": 1.0
    },
    {
      "brush_spec": "/pa/terrain/metal/brushes/metal_structure_13.json",
      "fixed_orient": true,
      "note": "specific brush placement",
      "op": "BO_Add",
      "planet_size_range": [
        300,
        349
      ],
      "position": [
        -1.0,
        -1.0,
        0.0
      ],
      "proj": "BP_LongitudePinch",
      "rotation": -45,
      "scale": [
        1,
        1,
        1
      ],
      "weight": 1.0,
      "weight_hard": true,
      "weight_scale": 1.0
    },
    {
      "brush_spec": "/pa/terrain/metal/brushes/metal_structure_13.json",
      "fixed_orient": true,
      "note": "specific brush placement",
      "op": "BO_Add",
      "planet_size_range": [
        300,
        349
      ],
      "position": [
        1.0,
        -1.0,
        0.0
      ],
      "proj": "BP_LongitudePinch",
      "rotation": 45,
      "scale": [
        1,
        1,
        1
      ],
      "weight": 1.0,
      "weight_hard": true,
      "weight_scale": 1.0
    },
    {
      "brush_spec": "/pa/terrain/metal/brushes/metal_structure_13.json",
      "fixed_orient": true,
      "note": "specific brush placement",
      "op": "BO_Add",
      "planet_size_range": [
        300,
        349
      ],
      "position": [
        -1.0,
        1.0,
        0.0
      ],
      "proj": "BP_LongitudePinch",
      "rotation": 45,
      "scale": [
        1,
        1,
        1
      ],
      "weight": 1.0,
      "weight_hard": true,
      "weight_scale": 1.0
    }
  ],
  "enable_features": true,
  "ignore_height_range": true,
  "lighting": {
    "ambient": {
      "day_ground": [
        0.25,
        0.25,
        0.35
      ],
      "day_intensity_hdr": 1.0,
      "day_intensity_ldr": 1.3,
      "day_sky": [
        0.45,
        0.5,
        0.7
      ],
      "hdr_intensity": 0.0,
      "ldr_intensity": 0.0,
      "night_ground": [
        0.1,
        0.15,
        0.2
      ],
      "night_intensity_hdr": 2.3,
      "night_intensity_ldr": 2.3,
      "night_sky": [
        0.25,
        0.35,
        0.45
      ]
    },
    "sun": {
      "diffuse": [
        0.7,
        0.7,
        0.5
      ],
      "hdr_intensity": 10.0,
      "ldr_intensity": 5.0,
      "specular": [
        0.2,
        0.2,
        0.2
      ]
    }
  },
  "name": "metal"
}