{
    "context": "client",
    "identifier": "com.pa.colacolin.Modbatch",
    "display_name": "Mod BatchSize",
    "description": "Change Batchsize from 5 to 100",
    "author": "Cola_Colin",
    "version": "1.1",
    "build": "58772",
    "date": "2013/12/23",
    "signature": "not yet implemented",
    "forum": "https://forums.uberent.com/threads/rel-modbatch-52168.50897/",
    "category": [
        "in-game",
        "ui"
    ],
    "id": "Modbatch",
    "priority": 100,
    "live_game": [
        "coui://ui/mods/modbatch/live_game/modbatch.js"
    ],
    "enabled": true
}