{
    "context": "client",
    "identifier": "net.orfjackal.pa-mentor",
    "display_name": "PA Mentor",
    "description": "Shows how your in-game stats compared to other players",
    "author": "ORFJackal",
    "version": "0.1.0",
    "build": "58772",
    "date": "2014/01/05",
    "forum": "https://forums.uberent.com/threads/rel-pa-mentor.55399/",
    "category": [
        "in-game",
        "ui"
    ],
    "id": "PAMentor",
    "priority": 100,
    "live_game": [
        "coui://ui/mods/PAMentor/core.js",
        "coui://ui/mods/PAMentor/live_game/pa_mentor.css",
        "coui://ui/mods/PAMentor/live_game/init.js"
    ],
    "requires": [
        "rFloatFrame"
    ],
    "enabled": true
}
