{
    "context": "client",
    "identifier": "com.uberent.pa.mods.client.ClassicColors",
    "display_name": "ClassicColors",
    "description": "Default in-game colors are team colored, this changes all to original colors.",
    "author": "TrophySystem",
    "version": "1",
    "build": "71378",
    "date": "2014/8/28",
    "signature": "not yet implemented",
    "forum": "https://forums.uberent.com/threads/rel-classiccolors.63284/",
    "id": "ClassicColors",
    "priority": 100,
    "enabled": true}