{"base_spec":"/pa/units/land/base_structure/base_structure.json","display_name":"Catapult","area_build_separation":15,"description":"Artillery: Long range anti-land missile launcher","display_group":20,"display_index":20,"max_health":1500,"build_metal_cost":6750,"atrophy_rate":20.0,"atrophy_cool_down":30.0,"spawn_layers":"WL_AnyHorizontalGroundOrWaterSurface","unit_types":["UNITTYPE_Land","UNITTYPE_Structure","UNITTYPE_Tactical","UNITTYPE_Defense","UNITTYPE_Advanced","UNITTYPE_FabAdvBuild"],"command_caps":["ORDER_Attack"],"guard_radius":510,"guard_layer":"WL_AnySurface","recon":{"observer":{"items":[{"layer":"surface_and_air","channel":"sight","shape":"capsule","radius":100}]}},"model":{"filename":"/pa/units/land/tactical_missile_launcher/tactical_missile_launcher.papa","animations":{"start":"/pa/units/land/tactical_missile_launcher/tactical_missile_launcher_anim_start.papa","loop":"/pa/units/land/tactical_missile_launcher/tactical_missile_launcher_anim_loop.papa","end":"/pa/units/land/tactical_missile_launcher/tactical_missile_launcher_anim_end.papa"},"animtree":"/pa/anim/anim_trees/constant_idle_transition.json","skirt_decal":"/pa/effects/specs/skirt_08.json"},"tools":[{"spec_id":"/pa/units/land/tactical_missile_launcher/tactical_missile_launcher_tool_weapon.json","aim_bone":"bone_missile01","muzzle_bone":"bone_missile01"}],"events":{"build_complete":{"audio_cue":"/SE/Build_Complete/factory"},"firing":{"audio_cue":"/SE/Weapons/structure/tactical_missile_launcher_fire"},"died":{"audio_cue":"/SE/Death/Factory","effect_scale":0.8}},"building_skirt":[20,20],"TEMP_texelinfo":15.8261}