{
    "context": "client",
    "identifier": "com.pa.conundrum.cGGButton",
    "display_name": "Auto GG Button",
    "description": "Plays the GG Button sound every time someone types GG in chat.",
    "author": "Captain Conundrum",
    "version": "1.0.1",
    "build": "61450",
    "date": "2014/03/04",
    "signature": "not yet implemented",
    "forum": "https://forums.uberent.com/threads/rel-auto-gg-button.56861/",
    "icon": "",
    "category": [
        "in-game",
        "ui",
        "taunts",
        "sound"
    ],
    "id": "cGGButton",
    "priority": 100,
    "global_mod_list": [],
    "live_game": [
        "coui://ui/mods/cGGButton/cGGButton.js",
        "coui://ui/mods/cGGButton/ingame.js"
    ],
    "enabled": true
}