{
    "context": "client",
    "identifier": "fr.pa.fr33lancer.TeamCommExplosionColor",
    "display_name": "Team Commander Explosion Color",
    "description": "Changes the Commander Explosion Effects to your Team Color instead of blue",
    "author": "Fr33lancer",
    "version": "1.0.0",
    "build": "70289",
    "date": "2014/08/10",
    "signature": "not yet implemented",
    "forum": "https://forums.uberent.com/threads/rel-team-commander-explosion-color-70289.62819/",
	"icon": "http://pamods.github.io/icons/CommBoom.gif",
    "category": [
	  "in-game",
	  "shader"
    ],
    "id": "TeamCommExplosionColor",
    "priority": 100,
    "enabled": true
}
