{"base_spec":"/pa/tools/base_missile_tactical_turret/base_missile_tactical_turret.json","tool_type":"TOOL_Weapon","ammo_id":"/pa/units/land/tactical_missile_launcher/tactical_missile_launcher_ammo.json","ammo_source":"energy","rate_of_fire":1,"ammo_capacity":20000,"ammo_demand":2000,"ammo_per_shot":20000,"max_range":500,"yaw_rate":180,"pitch_rate":180,"yaw_range":0,"pitch_range":0,"spread_fire":true,"firing_arc_yaw":180,"firing_arc_pitch":180,"auto_attack":true,"target_layers":["WL_LandHorizontal","WL_WaterSurface"]}