{
    "context": "client",
    "identifier": "com.pa.superouman.SpacedOutDefenceTowers",
    "display_name": "Spaced-out Defence Towers",
    "description": "Puts more space between dragged turret lines",
    "author": "superouman",
    "version": "1.11",
    "build": "64498",
    "date": "2014/05/05",
    "signature": "not yet implemented",
    "forum": "https://forums.uberent.com/threads/notyet",
    "category": [
        "In-game"
    ],
    "id": "SpacedOutDefenceTowers",
    "priority": 100,
    "enabled": false
}