{"navigation":{"acceleration":35,"move_speed":35,"brake":35,"circle_max_time":3,"type":"air","turn_speed":180,"aggressive_behavior":"circle","circle_min_time":1},"build_metal_cost":1500,"display_index":100,"guard_radius":60,"max_health":100,"recon":{"observer":{"items":[{"layer":"surface_and_air","radius":100,"channel":"sight","shape":"capsule"}]}},"attachable":{"offsets":{"root":[0,0,0],"head":[0,0,2.7]}},"description":"Advanced Fabrication: Builds advanced structures","audio":{"loops":{"move":{"cue":"/SE/Movement/air/fab_air_loop","should_start_func":"is_moving","flag":"vel_changed","should_stop_func":"is_not_moving"},"build":{"cue":"/SE/Construction/Fab_contruction_beam_loop","flag":"build_target_changed","should_start_func":"has_build_target","should_stop_func":"no_build_target"}}},"command_caps":["ORDER_Move","ORDER_Patrol","ORDER_Build","ORDER_Reclaim","ORDER_Repair","ORDER_Assist","ORDER_Use"],"unit_types":["UNITTYPE_Air","UNITTYPE_Fabber","UNITTYPE_Construction","UNITTYPE_Mobile","UNITTYPE_Advanced","UNITTYPE_FactoryBuild"],"tools":[{"spec_id":"/pa/units/air/fabrication_aircraft_adv/fabrication_aircraft_adv_build_arm.json","aim_bone":"bone_turret"}],"model":{"animations":{"fly":"/pa/units/air/fabrication_aircraft_adv/fabrication_aircraft_adv_anim_fly.papa"},"animtree":"/pa/anim/anim_trees/fabrication_aircraft_adv.json","filename":"/pa/units/air/fabrication_aircraft_adv/fabrication_aircraft_adv.papa"},"TEMP_texelinfo":7.54279,"transportable":{"size":1},"guard_layer":"WL_LandHorizontal","buildable_types":"Land & Structure & Advanced - Factory | Factory & Advanced & Air | FabAdvBuild | FabBuild","base_spec":"/pa/units/air/base_flyer/base_flyer.json","display_name":"Advanced Fab Aircraft","events":{"build_complete":{"audio_cue":"/SE/Build_Complete/fab"},"died":{"audio_cue":"/SE/Death/Air"}},"physics":{"gravity_scalar":1,"radius":4},"mesh_bounds":[10.1522,7.52258,8.02892],"display_group":100,"fx_offsets":[{"type":"build","filename":"/pa/effects/specs/fab_spray.pfx","bone":"socket_muzzle","orientation":[0,0,0],"offset":[0,0,0]},{"orientation":[0,90,0],"offset":[1.386,0,-1.139],"type":"moving","filename":"/pa/units/air/fabrication_aircraft_adv/fabrication_aircraft_adv_jets.pfx","bone":"bone_rightWing"},{"orientation":[0,90,0],"offset":[-1.386,0,-1.139],"type":"moving","filename":"/pa/units/air/fabrication_aircraft_adv/fabrication_aircraft_adv_jets.pfx","bone":"bone_leftWing"}]}