{"base_spec":"/pa/units/land/base_bot/base_bot.json","display_name":"Fabrication Bot","description":"Fabrication: Builds structures","display_group":100,"display_index":80,"max_health":50,"build_metal_cost":200,"attachable":{"offsets":{"root":[0,0,0],"head":[0,0,3.6]}},"buildable_types":"Land & Structure & Basic | Factory & Basic | Factory & Advanced & Bot & Land | FabBuild","unit_types":["UNITTYPE_Fabber","UNITTYPE_Construction","UNITTYPE_Bot","UNITTYPE_Mobile","UNITTYPE_Land","UNITTYPE_Basic","UNITTYPE_FactoryBuild"],"command_caps":["ORDER_Move","ORDER_Patrol","ORDER_Build","ORDER_Reclaim","ORDER_Repair","ORDER_Assist","ORDER_Use"],"transportable":{"size":1},"guard_radius":60,"guard_layer":"WL_LandHorizontal","navigation":{"type":"land-small","acceleration":120,"brake":120,"move_speed":12,"turn_speed":360},"physics":{"radius":2,"push_class":100,"allow_pushing":true},"recon":{"observer":{"items":[{"layer":"surface_and_air","channel":"sight","shape":"capsule","radius":10000}]}},"model":{"filename":"/pa/units/land/fabrication_bot/fabrication_bot.papa","animations":{"death01":"/pa/units/land/fabrication_bot/fabrication_bot_anim_death01.papa","walk":"/pa/units/land/fabrication_bot/fabrication_bot_anim_run.papa","aim_up":"/pa/units/land/fabrication_bot/fabrication_bot_anim_aimUp.papa","aim_down":"/pa/units/land/fabrication_bot/fabrication_bot_anim_aimDown.papa"},"animtree":"/pa/anim/anim_trees/fabrication_bipedal_mech.json","walk_speed":12},"tools":[{"spec_id":"/pa/units/land/fabrication_bot/fabrication_bot_build_arm.json","aim_bone":"bone_root"}],"events":{"build_complete":{"audio_cue":"/SE/Build_Complete/fab"},"died":{"audio_cue":"/SE/Death/Bot","effect_scale":0.6}},"audio":{"loops":{"build":{"cue":"/SE/Construction/Fab_contruction_beam_loop","flag":"build_target_changed","should_start_func":"has_build_target","should_stop_func":"no_build_target"},"move":{"cue":"/SE/Movement/bot/fab_loop","flag":"vel_changed","should_start_func":"is_moving","should_stop_func":"is_not_moving"}}},"fx_offsets":[{"type":"build","filename":"/pa/effects/specs/fab_spray.pfx","bone":"bone_rightElbow","offset":[0,-1.891,-0.11],"orientation":[0,0,0]},{"type":"build","filename":"/pa/effects/specs/fab_spray.pfx","bone":"bone_leftElbow","offset":[0,-1.891,-0.11],"orientation":[0,0,0]}],"TEMP_texelinfo":5.11028}