{
  "ammo_type": "Projectile",
  "armor_damage_map": {
    "AT_Commander": 0.5,
    "AT_Structure": 0.5
  },
  "audio_loop": "/SE/Weapons/commander/Commander_uber_cannon_fire",
  "burn_damage": 500,
  "burn_radius": 15,
  "damage": 2000,
  "events": {
    "died": {
      "audio_cue": "/SE/Impacts/cannon_uber",
      "effect_spec": "/pa/effects/specs/uber_proj_explosion.pfx"
    }
  },
  "flight_type": "Seeking",
  "full_damage_splash_radius": 10,
  "fx_trail": {
    "filename": "/pa/effects/specs/rocket_proj_trail.pfx",
    "offset": [
      0.0,
      4.6,
      0.0
    ]
  },
  "initial_velocity": 100.0,
  "lifetime": 5,
  "max_velocity": 100.0,
  "model": {
    "filename": "/pa/units/air/missile_tactical/missile_tactical.papa"
  },
  "physics": {
    "add_to_spatial_db": false,
    "allow_underground": true,
    "ignore_gravity": false,
    "push_class": 1,
    "radius": 10
  },
  "spawn_layers": "WL_Air",
  "splash_damage": 1000,
  "splash_radius": 25,
  "turn_rate": 180
}