{"base_spec":"/pa/units/air/fabrication_aircraft/fabrication_aircraft.json","build_metal_cost":1,"max_health":200000,"display_name":"Avatar Commander","storage":{"metal":10000,"energy":100000},"production":{"energy":100000,"metal":100000},"navigation":{"aggressive_behavior":"circle","turn_speed":1080,"vertical_speed":50,"aggressive_distance":25,"type":"air","aggressive_Height":25,"wobble_factor":0,"hover_time":10000,"brake":700,"move_speed":500,"wobble_speed":0,"acceleration":700},"buildable_types":"Structure & Basic | Structure & Advanced | FabBuild | FabAdvBuild | FabOrbBuild","tools":[{"aim_bone":"bone_pitch","spec_id":"/pa/units/commanders/avatar/avatar_build_arm.json"}],"unit_types":["UNITTYPE_Air","UNITTYPE_Fabber","UNITTYPE_Debug","UNITTYPE_Construction","UNITTYPE_Mobile"],"description":"For debugging purposes"}