{
    "context": "client",
    "identifier": "com.pa.conundrum.cSketchJS",
    "display_name": "Sketch Tools For Casters",
    "description": "Adds a sketch.js layer over the game window so that casters can draw lines or arrows on the screen.",
    "author": "Captain Conundrum, LavaSnake, Martenus",
    "version": "1.2.0",
    "build": "63234",
    "date": "2014/04/09",
    "signature": "not yet implemented",
    "forum": "https://forums.uberent.com/threads/request-click-drag-colorful-arrows-for-casters.58029",
    "category": [
        "in-game",
        "ui"
    ],
    "icon": "http://pamods.github.io/icons/cSketchJS.png",
    "live_game": [
        "coui://ui/mods/cSketchJS/sketch.js",
        "coui://ui/mods/cSketchJS/LavaDraw.js",
        "coui://ui/mods/cSketchJS/cSketchJS.js",
        "coui://ui/mods/cSketchJS/cSketchJS.css"
    ],
    "requires": [
        "rFloatFrame"
    ],
    "id": "cSketchJS",
    "priority": 100,
    "enabled": true
}