{
    "context": "client",
    "identifier": "info.nanodesu.staticmenu",
    "display_name": "Staticmenu",
    "description": "Faster main menu",
    "author": "Cola_Colin",
    "version": "2",
    "build": "58772",
    "date": "2013/12/27",
    "signature": "not yet implemented",
    "forum": "https://forums.uberent.com/threads/rel-static-menu-58197.54758/",
    "category": [
        "ui"
    ],
    "id": "staticmenu",
    "priority": 100,
	"start": [
		"coui://ui/mods/staticmenu/staticmenu.js"
	],
	"global_mod_list": [
		"coui://ui/mods/staticmenu/nofade.js"
	],
    "enabled": true
}