{
    "context": "client",
    "identifier": "com.uberent.pa.mods.client.teamubercannoncolor",
    "display_name": "Team Uber Cannon Color",
    "description": "Changes the Uber Canon Effects to your Team Color instead of blue",
    "author": "Fr33lancer,TrophySystem",
    "version": "1.0.2",
    "build": "67342",
    "date": "2014/06/15",
    "signature": "not yet implemented",
    "forum": "https://forums.uberent.com/threads/rel-team-uber-cannon-color.60629/",
    "category": [
	  "in-game",
	  "shader"
    ],
    "id": "TeamUberCannonColor",
    "priority": 100,
    "enabled": true
}
