{ "author" : "SXX, Yrrep, DeathByDenim", "build" : "67457", "category" : [ "Bugfix" ], "context" : "client", "date" : "2014/06/17", "description" : "Fixes the mouse cursor when using Mesa or bumblebee under Linux.", "display_name" : "Mouse cursor fix", "enabled" : true, "forum" : "", "id" : "MouseFix", "identifier" : "com.pa.DeathByDenim.MouseFix", "priority" : 1, "requires" : null, "scenes" : { "start" : [ "coui://ui/mods/MouseFix/mouse_fix_start.js" ] }, "signature" : "not yet implemented", "version" : "1.0" }