{"model":{"filename":"/pa/units/orbital/radar_satellite/radar_satellite.papa"},"build_metal_cost":19500,"TEMP_texelinfo":5.39039,"unit_types":["UNITTYPE_Mobile","UNITTYPE_Orbital","UNITTYPE_EnergyProduction","UNITTYPE_Economy","UNITTYPE_Advanced"],"navigation":{"dodge_multiplier":1,"wobble_factor":0.001,"brake":100,"dodge_radius":10,"wobble_speed":0.1,"acceleration":1,"move_speed":10,"hover_time":-1,"type":"orbital","turn_speed":90},"command_caps":["ORDER_Move","ORDER_Patrol","ORDER_Assist"],"recon":{"observer":{"items":[{"radius":250,"shape":"sphere","layer":"orbital","channel":"sight"}]}},"physics":{"radius":10,"gravity_scalar":0.001,"push_class":15},"max_health":7500,"base_spec":"/pa/units/orbital/base_orbital/base_orbital.json","events":{"firing":{"audio_cue":"/SE/Weapons/air/bomber_fire"},"build_complete":{"audio_cue":"/SE/Build_Complete/air"},"died":{"effect_spec":"/pa/effects/specs/default_explosion.pfx","audio_cue":"/SE/Death/Air"}},"display_name":"Mining Platform","production":{"metal":75},"description":"Mining Platform: Extract metal from asteroid fields, metal planets."}