{
    "context": "client",
    "identifier": "info.nanodesu.kodef",
    "display_name": "include KO Deferred",
    "description": "Speed up the UI a _lot_. May introduce UI bugs. Test for yourself, report in the forums :)",
    "author": "Cola_Colin",
    "version": "2.0",
    "build": "63475",
    "signature": "not yet implemented",
    "priority": 1,
    "enabled": true,
    "id": "kodef",
    "forum": "https://forums.uberent.com/threads/experiment-ko-deferred.58294/",
    "category": [
        "Bugfix"
    ],
    "date": "2014/03/28"
}