{
  "author": "wondible and friends",
  "build": "66830",
  "category": [
    "in-game",
    "ui"
  ],
  "context": "client",
  "date": "2014/06/07",
  "description": "Select your commander when starting the game.  With inspiration and support from tatsujb, raevn, Cola_Colin, and the PA modders forum.",
  "display_name": "Autoselect Commander",
  "enabled": true,
  "forum": null,
  "id": "autoselect_commander",
  "identifier": "com.wondible.pa.autoselect_commander",
  "priority": 100,
  "requires": [],
  "scenes": {
    "live_game": [
      "coui://ui/mods/autoselect_commander/autoselect_commander.js"
    ]
  },
  "signature": "not yet implemented",
  "version": "2.0.1"
}
