{
	"enabled" : true,
    "context" : "server",
    "identifier" : "com.stuart98.server.desertrevamp",
    "display_name" : "Desert Revamp Expansion",
    "description" : "Changes the sandbox biome to the good old deserts form Alpha/early Beta. Server side portion of the mod, allows hosted games to use the new deserts. For textures you need the client side version.",
    "author" : "Stuart98",
    "version" : "0.0.1",
    "category": [
    	"in-game",
    	"server-mod"
    ],
    "signature" : "(not yet implemented)"
}