{
    "context": "client",
    "identifier": "com.pa.vipez.vipeztrees",
    "display_name": "Christmas Trees",
    "description": "Christmas Spirit in PA!",
    "author": "vipez",
    "version": "2",
    "build": "61694",
    "date": "2014/02/26",
    "signature": "not yet implemented",
    "forum": "https://forums.uberent.com/threads/rel-christmas-trees.50033/",
    "icon": "https://dl.dropboxusercontent.com/u/22720750/df.jpg",
    "category": [
    "christmas","trees","in-game"
    ],
    "id": "vipeztress",
    "priority": 100,
    "enabled": true
}