{
    "context": "client",
    "identifier": "com.pa.danzel.dBetterSystemView",
    "display_name": "Better System View",
    "description": "Improves the System View",
    "author": "danzel",
    "version": "1.1",
    "build": "58772",
    "date": "2013/12/23",
    "signature": "not yet implemented",
    "forum": "https://twitter.com/daveleaver",
    "category": [
        "in-game",
        "ui"
    ],
    "id": "dBetterSystemView",
    "priority": 100,
    "live_game": [
        "coui://ui/mods/dBetterSystemView/dBetterSystemView.css",
        "coui://ui/mods/dBetterSystemView/dBetterSystemView.js"
    ],
    "enabled": true
}