{
  "ambient_sound": "/SE/Ambience/Amb_Planet_Earth",
  "atmosphere": {
    "color": [
      0.1,
      0.25,
      0.45,
      0.5
    ],
    "density": 15.0,
    "hdr_intensity": 2.0,
    "ldr_intensity": 1.0
  },
  "base_biome": "/pa/terrain/base/base.json",
  "biomes": [
    {
      "elevation": [
        -1,
        0.2,
        1
      ],
      "spec": "/pa/terrain/sand/sand.json",
      "temperture": [
        0.0,
        1,
        1
      ],
      "water_distance": [
        null,
        40,
        1
      ]
    },
    {
      "elevation": [
        0.1,
        0.9,
        1
      ],
      "spec": "/pa/terrain/jungle/jungle.json",
      "temperture": [
        0.2,
        1,
        1
      ],
      "water_distance": [
        -30,
        null,
        1
      ]
    },
    {
      "elevation": [
        -1,
        0.6,
        0
      ],
      "spec": "/pa/terrain/ice/ice.json",
      "temperture": [
        -1,
        -0.5,
        3
      ],
      "water_distance": [
        null,
        null,
        0
      ]
    },
    {
      "elevation": [
        0.6,
        1,
        3
      ],
      "spec": "/pa/terrain/mountain/mountain.json",
      "temperture": [
        -0.8,
        0.8,
        1
      ],
      "water_distance": [
        null,
        null,
        0
      ]
    },
    {
      "elevation": [
        0.2,
        null,
        0.2
      ],
      "spec": "/pa/terrain/desert/desert.json",
      "temperture": [
        0.6,
        1,
        2
      ],
      "water_distance": [
        150,
        null,
        1
      ]
    },
    {
      "elevation": [
        0.2,
        1.0,
        0.5
      ],
      "spec": "/pa/terrain/grass/grass.json",
      "temperture": [
        -0.7,
        0.8,
        1
      ],
      "water_distance": [
        -30,
        null,
        1
      ]
    }
  ],
  "enable_features": true,
  "lighting": {
    "ambient": {
      "day_ground": [
        0.2,
        0.2,
        0.4
      ],
      "day_intensity_hdr": 1.0,
      "day_intensity_ldr": 1.3,
      "day_sky": [
        0.6,
        0.7,
        1.0
      ],
      "hdr_intensity": 0.0,
      "ldr_intensity": 0.0,
      "night_ground": [
        0.2,
        0.2,
        0.4
      ],
      "night_intensity_hdr": 1.0,
      "night_intensity_ldr": 1.3,
      "night_sky": [
        0.4,
        0.5,
        1.0
      ]
    },
    "sun": {
      "diffuse": [
        0.8,
        0.7,
        0.4
      ],
      "hdr_intensity": 10.0,
      "ldr_intensity": 4.0,
      "specular": [
        0.2,
        0.2,
        0.2
      ]
    }
  },
  "name": "earth",
  "water": {
    "shader": "planet_liquid_transparent",
    "textures": {
      "DepthColorTexture": "/pa/effects/textures/water_depth_diffuse.papa",
      "DiffuseTexture": "/pa/effects/textures/water_diffuse.papa",
      "NoiseTexture": "/pa/effects/textures/CloudNoise.papa",
      "NormalTexture": "/pa/effects/textures/water_normal.papa"
    }
  }
}