{
  "base_spec": "/pa/units/commanders/base_commander/base_commander.json",
  "description": "Raptor Class Commander. - If you're seeing this, something is wrong in your commander.",
  "display_name": "Raptor Class Commander",
  "model": {
    "animations": {
      "aim_down": "/pa/units/commanders/raptor_base/raptor_base_anim_aimDown.papa",
      "aim_up": "/pa/units/commanders/raptor_base/raptor_base_anim_aimUp.papa",
      "idle": "/pa/units/commanders/raptor_base/raptor_base_anim_idle01.papa",
      "walk": "/pa/units/commanders/raptor_base/raptor_base_anim_walk01.papa"
    },
    "animtree": "/pa/anim/anim_trees/commander_anim_tree.json",
    "filename": "/pa/units/commanders/raptor_nemicus/raptor_nemicus.papa",
    "walk_speed": 4.93
  }
}