{
    "context": "client",
    "identifier": "com.pa.xedi.pixelicons",
    "display_name": "Pixel icons",
    "description": "Strategic icons in the style of Supreme Commander",
    "author": "Xedi",
    "version": "3.5",
    "build": "66943",
    "date": "2014/06/09",
    "signature": "not yet implemented",
    "forum": "https://forums.uberent.com/threads/49316/",
    "icon": "http://pamods.github.io/icons/pixelicons.png",
    "category": [
        "in-game",
        "ui",
        "strategic icons"
    ],
    "id": "PixelIcons",
    "priority": 100,
    "enabled": true
}