{
    "context": "client",
    "identifier": "com.pa.xedi.pixelicons",
    "display_name": "Pixel icons",
    "description": "strategic icons in the style of Supreme Commander",
    "author": "Xedi",
    "version": "3.0",
    "build": "66567",
    "date": "2014/05/25",
    "signature": "not yet implemented",
    "forum": "https://forums.uberent.com/threads/49316/",
    "icon": "http://pamods.github.io/icons/pixelicons.png",
    "category": [
        "in-game",
        "ui"
    ],
    "id": "PixelIcons",
    "priority": 100,
    "enabled": true
}