{
    "context": "client",
    "identifier": "info.nanodesu.keymapper",
    "display_name": "Hotbuild 1",
    "description": "Basic hotbuild",
    "author": "Cola_Colin",
    "version": "1337+4",
    "build": "57164",
    "date": "2013/12/27",
    "signature": "not yet implemented",
    "forum": "https://forums.uberent.com/threads/rel-hotbuild-51853.50260/",
    "category": [
        "in-game",
        "ui"
    ],
    "id": "keymapper",
    "priority": 100,
	"live_game": [
		"../../mods/keymapper/live_game/map.js",
		"../../mods/keymapper/live_game/keymapper.js"
	],
    "enabled": true
}