{
    "context": "client",
    "identifier": "de.lostmekkasoft.dinosaurfix",
    "display_name": "Dinosaur Fix",
    "description": "Fixes a bug where the Ptahosaurus is not correctly displayed in the main menu.",
    "author": "Pt4h",
    "version": "1.0.0.1",
    "build": "62857",
    "signature": "not yet implemented",
    "priority": 100,
    "enabled": true,
    "forum": "https://forums.uberent.com/threads/rel-dinosaur-fix-v1-0-62857.57995/",
    "icon": "http://pamods.github.io/icons/dinosaurfix.png",
    "id": "dinosaurfix",
    "category": [
        "Bugfix"
    ],
    "date": "2014/03/21"
}