{
  "base_spec": "/pa/units/commanders/imperial_base/imperial_base.json",
  "description": "Imperial Class Commander. - If you're seeing this, something is wrong in your commander.",
  "display_name": "Imperial Class Commander",
  "tools": [
    {
      "aim_bone": "bone_turret",
      "build_arm": true,
      "spec_id": "/pa/tools/commander_build_arm/commander_build_arm.json"
    },
    {
      "aim_bone": "bone_turret",
      "aim_weapon": true,
      "muzzle_bone": "socket_rightMuzzle",
      "primary_weapon": true,
      "spec_id": "/pa/units/commanders/base_commander/base_commander_tool_weapon.json"
    },
    {
      "aim_bone": "bone_turret",
      "ammo_weapon": true,
      "muzzle_bone": "socket_rightMuzzle",
      "secondary_weapon": true,
      "spec_id": "/pa/tools/uber_cannon/uber_cannon.json"
    },
    {
      "death_weapon": true,
      "spec_id": "/pa/tools/commander_death/commander_death.json"
    }
  ]
}