{
    "context": "client",
    "identifier": "com.pa.raevn.rfloatingui",
    "display_name": "Floating UI",
    "description": "Makes many default UI elements draggable",
    "author": "raevn",
    "version": "1.1",
    "build": "58772",
    "date": "2013/12/26",
    "signature": "not yet implemented",
    "forum": "https://forums.uberent.com/threads/rel-floating-ui-v1-0-58197.54617/",
    "category": [
        "ui"
    ],
    "id": "rFloatingUI",
    "priority": 100,
    "global_mod_list": [
        "coui://ui/mods/rFloatingUI/rFloatingUI.css"
    ],
    "settings": [
        "coui://ui/mods/rFloatingUI/rFloatingUI_settings.js"
    ],
    "live_game": [
        "coui://ui/mods/rFloatingUI/rFloatingUI_live_game.js"
    ],
    "start": [
        "coui://ui/mods/rFloatingUI/rFloatingUI_start.js"
    ],
    "system_editor": [
        "coui://ui/mods/rFloatingUI/rFloatingUI_system.js"
    ],
    "requires": [
        "rFloatFrame",
        "rSettingsManager"
    ],
    "enabled": true
}