{
    "context": "client",
    "identifier": "local.pownie.pamod.twitchonstart",
    "display_name": "Twitch controls in Main menu",
    "description": "Allows to login to twitch and control the stream from the main menu",
    "author": "pownie",
    "version": "2",
    "build": "62443",
    "date": "2014/03/04",
    "signature": "(not yet implemented)",
    "forum": "https://forums.uberent.com/threads/wip-add-twitch-login-and-streaming-controls-to-the-main-menu-v1.57447/",
    "category": [
        "ui"
    ],
    "id": "powTwitchOnStart",
    "priority": 100,
    "scenes": {
        "start": [
            "coui://ui/mods/powTwitchOnStart/powTwitchOnStart.css",
            "coui://ui/mods/powTwitchOnStart/powTwitchOnStart.js"
        ]
    },
    "enabled": true
}