{
    "context": "client",
    "identifier": "com.stuart98.stateraicons",
    "display_name": "Statera Icons",
    "description": "Enanbles icons in Statera.",
    "author": "Stuart98, SquishyPon3, ZX0, Zombiefan564, TheTrophySystem",
    "version": "0.7",
    "signature": "not yet implemented",
    "priority": 100,
    "enabled": true,
    "forum": "https://forums.uberent.com/threads/wip-server-mod-statera-balance-mod.60342/",
    "category": [
        "Strategic Icons"
    ],
    "date": "2014/07/27",
    "build": "69564"
}