{
    "context": "client",
    "identifier": "com.pa.burntcustard.bRemoveAlertPIPs",
    "display_name": "bRemoveAlertPIPs",
    "description": "Stops a PIP appearing when putting mouse over an alert, to help reduce lag.",
    "author": "burntcustard",
    "version": "1.0",
    "build": "66567",
    "date": "2014/05/26",
    "signature": "not yet implemented",
    "category": [
        "in-game",
        "ui"
    ],
    "live_game": [
        "coui://ui/mods/bRemoveAlertPIPs/bRemoveAlertPIPs.js"
    ],
    "id": "bRemoveAlertPIPs",
    "priority": 100,
    "enabled": true
}