{"model":{"filename":"/pa/units/sea/sea_scout/sea_scout.papa","arrows":5,"animtree":"/pa/anim/anim_trees/constant_idle.json","animations":{"idle":"/pa/units/sea/sea_scout/sea_scout_anim_idle.papa"}},"audio":{"loops":{"move":{"should_stop_func":"is_not_moving","should_start_func":"is_moving","cue":"/SE/Movement/sea/sea_scout_ship_loop","flag":"vel_changed"}}},"display_index":80,"physics":{"push_class":2,"radius":6},"spawn_layers":"WL_WaterSurface","base_spec":"/pa/units/sea/base_ship/base_ship.json","recon":{"observer":{"items":[{"radius":250,"shape":"capsule","channel":"sight","layer":"surface_and_air"}]}},"navigation":{"type":"water","turn_speed":60,"move_speed":15,"acceleration":4,"brake":10},"unit_types":["UNITTYPE_Naval","UNITTYPE_Scout","UNITTYPE_Mobile","UNITTYPE_Basic","UNITTYPE_FactoryBuild"],"tools":[{"aim_bone":"bone_root","spec_id":"/pa/units/sea/sea_scout/sea_scout_tool_weapon.json","muzzle_bone":"bone_root"}],"TEMP_texelinfo":4.24257,"build_metal_cost":225,"description":"Scout Class: Light weaponry, fast speed","display_name":"Sun Fish","events":{"build_complete":{"audio_cue":"/SE/Build_Complete/sea"},"firing":{"audio_cue":"/SE/Weapons/sea/sea_scout_fire"},"died":{"audio_cue":"/SE/Death/Sea"}},"max_health":200,"display_group":80}