{
  "ambient_sound": "/SE/Ambience/Amb_Planet_Lava",
  "atmosphere": {
    "color": [
      0.1,
      0.01,
      0.0,
      1.0
    ],
    "density": 11.0,
    "hdr_intensity": 5.0,
    "ldr_intensity": 5.0
  },
  "base_biome": "/pa/terrain/base/base.json",
  "biomes": [
    {
      "elevation": [
        0,
        0.2,
        1
      ],
      "spec": "/pa/terrain/lava/lava.json",
      "temperture": [
        0.2,
        1,
        1
      ],
      "water_distance": [
        0,
        500,
        1
      ]
    }
  ],
  "enable_features": true,
  "enable_lava": true,
  "lighting": {
    "ambient": {
      "day_ground": [
        0.5,
        0.5,
        0.5
      ],
      "day_intensity_hdr": 1.0,
      "day_intensity_ldr": 1.3,
      "day_sky": [
        0.7,
        0.7,
        0.7
      ],
      "hdr_intensity": 0.0,
      "ldr_intensity": 0.0,
      "night_ground": [
        0.5,
        0.3,
        0.3
      ],
      "night_intensity_hdr": 2.0,
      "night_intensity_ldr": 2.5,
      "night_sky": [
        0.6,
        0.4,
        0.4
      ]
    },
    "sun": {
      "diffuse": [
        1.0,
        0.4,
        0.2
      ],
      "hdr_intensity": 12.0,
      "ldr_intensity": 9.5,
      "specular": [
        0.2,
        0.2,
        0.2
      ]
    }
  },
  "name": "lava"
}