{
  "TEMP_texelinfo": 14.1009,
  "area_build_separation": 18,
  "base_spec": "/pa/units/land/base_structure/base_structure.json",
  "build_metal_cost": 1000,
  "command_caps": [
    "ORDER_Attack"
  ],
  "description": "Advanced Torpedo Launcher: Analysis: Defense: Long range anti-sub and anti-ship torpedos.",
  "display_group": 50,
  "display_index": 75,
  "display_name": "Advanced Torpedo Launcher",
  "events": {
    "build_complete": {
      "audio_cue": "/SE/Build_Complete/sea"
    },
    "died": {
      "audio_cue": "/SE/Death/Sea"
    },
    "fired": {
      "audio_cue": "/SE/Weapons/sea/torpedo_fire"
    }
  },
  "guard_layer": "WL_AnySurface",
  "guard_radius": 320,
  "max_health": 9200,
  "model": {
    "animations": {
      "idle": "/pa/units/sea/torpedo_launcher/torpedo_launcher_anim_idle.papa"
    },
    "animtree": "/pa/anim/anim_trees/torpedo_launcher_adv_anim_tree.json",
    "filename": "/pa/units/sea/torpedo_launcher_adv/torpedo_launcher_adv.papa"
  },
  "spawn_layers": "WL_WaterSurface",
  "tools": [
    {
      "aim_bone": "bone_turret",
      "muzzle_bone": "socket_rightMuzzle",
      "spec_id": "/pa/units/sea/torpedo_launcher_adv/torpedo_launcher_adv_tool_weapon.json"
    }
  ],
  "unit_types": [
    "UNITTYPE_Structure",
    "UNITTYPE_Advanced",
    "UNITTYPE_Naval",
    "UNITTYPE_Defense",
    "UNITTYPE_FabAdvBuild"
  ]
}