{
    "context": "client",
    "identifier": "com.pa.maxpowerz.tankcommander",
    "display_name": "Tank Commander",
    "description": "Replaces Delta commander with unreleased Tank Commander",
    "author": "maxpowerz",
    "version": "1.0",
    "signature": "not yet implemented",
    "priority": 100,
    "enabled": true,
    "id": "tankcommander",
    "forum": "https://forums.uberent.com/threads/i-dont-know-if-youve-noticed-or-not.55559/",
    "category": [
        "Commander"
    ],
    "date": "2014/01/12",
    "build": "58772"
}