{
  "TEMP_texelinfo": 5.84968,
  "attachable": {
    "offsets": {
      "head": [
        0,
        0,
        2.7
      ],
      "root": [
        0,
        0,
        0
      ]
    }
  },
  "audio": {
    "loops": {
      "move": {
        "cue": "/SE/Movement/veh/tank_light_laser_loop",
        "flag": "vel_changed",
        "should_start_func": "is_moving",
        "should_stop_func": "is_not_moving"
      }
    }
  },
  "base_spec": "/pa/units/land/base_vehicle/base_vehicle.json",
  "build_metal_cost": 200,
  "description": "Radar Satellite: Analysis: Tank: Anti-land and anti-ship lasers. Slow speed. Medium armor.",
  "display_group": 40,
  "display_index": 80,
  "display_name": "Radar Satellite",
  "events": {
    "build_complete": {
      "audio_cue": "/SE/Build_Complete/veh"
    },
    "died": {
      "audio_cue": "/SE/Death/Veh"
    },
    "fired": {
      "audio_cue": "/SE/Weapons/veh/land_scout_fire",
      "effect_spec": "/pa/effects/specs/tank_muzzle_flash.pfx socket_muzzle"
    }
  },
  "guard_layer": "WL_LandHorizontal",
  "guard_radius": 120,
  "headlights": [
    {
      "color": [
        0.9,
        0.92,
        1.0
      ],
      "far_distance": 20.0,
      "gobo": "/pa/effects/textures/gobo/spotlight_gobo.papa",
      "intensity": 1.4,
      "near_distance": 1.2,
      "near_height": 2.0,
      "near_width": 2.0,
      "offset": [
        0.0,
        -1.0,
        1.5
      ],
      "orientation": [
        0.0,
        65.0,
        0.0
      ]
    }
  ],
  "max_health": 750,
  "mesh_bounds": [
    4.93769,
    7.57193,
    2.6835
  ],
  "model": {
    "animtree": "/pa/anim/anim_trees/turret_anim_tree.json",
    "arrows": 5,
    "filename": "/pa/units/land/tank_light_laser/tank_light_laser.papa"
  },
  "navigation": {
    "acceleration": 100,
    "brake": 100,
    "move_speed": 8,
    "turn_speed": 60,
    "type": "land-small"
  },
  "physics": {
    "push_class": 60,
    "radius": 4
  },
  "recon": {
    "observer": {
      "items": [
        {
          "channel": "sight",
          "layer": "surface_and_air",
          "radius": 100,
          "shape": "capsule"
        }
      ]
    }
  },
  "tools": [
    {
      "aim_bone": "socket_aim",
      "muzzle_bone": "socket_muzzle",
      "spec_id": "/pa/units/land/tank_light_laser/tank_light_laser_tool_weapon.json"
    }
  ],
  "transportable": {
    "size": 1
  },
  "unit_types": [
    "UNITTYPE_Tank",
    "UNITTYPE_Mobile",
    "UNITTYPE_Land",
    "UNITTYPE_Basic",
    "UNITTYPE_FactoryBuild"
  ],
  "wreckage_health_frac": 1.0
}
