{
    "context": "client",
    "identifier": "com.warren.pa.locate_commander",
    "display_name": "Locate Commander",
    "description": "Locates commander.",
    "author": "warren",
    "version": ".01",
    "build": "67523",
    "date": "2014/06/26",
    "signature": "not yet implemented",
    "forum": "https://forums.uberent.com/threads/rel-select-commander-button-client-ui-mod.61349/",
    "category": [
        "in-game",
        "ui"
    ],
    "id": "locate_commander",
	"icon": "locate_commander.png",
    "priority": 100,
    "live_game": [
        "coui://ui/mods/locate_commander/locate_commander.css",
        "coui://ui/mods/locate_commander/locate_commander.js"
    ],
    "enabled": true
}