{"emitters":[{"spec":{"shader":"particle_transparent_ramp","facing":"velocity","red":1.0,"green":1.0,"blue":1.0,"alpha":{"keys":[[0,0],[0.1,1.0],[1,1]],"stepped":false},"size":{"keys":[[0,0.75],[0.5,1],[1,0]],"stepped":false},"baseTexture":"/pa/effects/textures/particles/flat_tail.papa","rampTexture":"/pa/effects/textures/particles/uncompressed/no_ramp.papa"},"sizeX":0.4,"sizeY":1.6,"sizeRangeX":0.1,"sizeRangeY":0.2,"velocityY":-0.75,"velocityX":{"keys":[[0,0.08],[0.083,0.05],[0.167,-0.05],[0.25,-0.08],[0.33,-0.05],[0.41,0.05],[0.5,0.08],[0.583,0.05],[0.667,-0.05],[0.75,-0.08],[0.83,-0.05],[0.91,0.05],[1.0,0.08],[1.083,0.05],[1.167,-0.05],[1.25,-0.08],[1.33,-0.05],[1.41,0.05],[1.5,0.08],[1.583,0.05],[1.667,-0.05],[1.75,-0.08],[1.83,-0.05],[1.91,0.05],[2.0,0.08]],"stepped":false},"velocityZ":{"keys":[[0.0,0.0],[0.042,-0.05],[0.125,-0.08],[0.208,-0.05],[0.292,0.05],[0.375,0.08],[0.458,0.05],[0.542,-0.05],[0.625,-0.08],[0.708,-0.05],[0.792,0.05],[0.875,0.08],[0.958,0.05],[1.042,-0.05],[1.125,-0.08],[1.208,-0.05],[1.292,0.05],[1.375,0.08],[1.458,0.05],[1.542,-0.05],[1.625,-0.08],[1.708,-0.05],[1.792,0.05],[1.875,0.08],[1.958,0.05],[2.0,0.0]],"stepped":false},"velocityRangeX":0.04,"velocityRangeZ":0.04,"velocity":20.0,"velocityRange":2.5,"emissionRate":100,"rotationRange":0.0,"lifetime":1.0,"lifetimeRange":0.3,"emitterLifetime":2,"maxParticles":500,"useWorldSpace":true,"endDistance":600},{"spec":{"shader":"particle_transparent","facing":"velocity","red":1.0,"green":1.0,"blue":1.0,"alpha":{"keys":[[0,0],[0.1,1],[0.5,1],[1,1]],"stepped":false},"size":{"keys":[[0,0.75],[0.5,1.25],[1,0]],"stepped":false},"baseTexture":"/pa/effects/textures/particles/flat_tail.papa","rampTexture":"/pa/effects/textures/particles/uncompressed/no_ramp.papa"},"sizeX":0.7,"sizeY":2.4,"sizeRangeX":0.1,"sizeRangeY":0.2,"velocityY":-0.75,"velocityX":{"keys":[[0,0.08],[0.083,0.05],[0.167,-0.05],[0.25,-0.08],[0.33,-0.05],[0.41,0.05],[0.5,0.08],[0.583,0.05],[0.667,-0.05],[0.75,-0.08],[0.83,-0.05],[0.91,0.05],[1.0,0.08],[1.083,0.05],[1.167,-0.05],[1.25,-0.08],[1.33,-0.05],[1.41,0.05],[1.5,0.08],[1.583,0.05],[1.667,-0.05],[1.75,-0.08],[1.83,-0.05],[1.91,0.05],[2.0,0.08]],"stepped":false},"velocityZ":{"keys":[[0.0,0.0],[0.042,-0.05],[0.125,-0.08],[0.208,-0.05],[0.292,0.05],[0.375,0.08],[0.458,0.05],[0.542,-0.05],[0.625,-0.08],[0.708,-0.05],[0.792,0.05],[0.875,0.08],[0.958,0.05],[1.042,-0.05],[1.125,-0.08],[1.208,-0.05],[1.292,0.05],[1.375,0.08],[1.458,0.05],[1.542,-0.05],[1.625,-0.08],[1.708,-0.05],[1.792,0.05],[1.875,0.08],[1.958,0.05],[2.0,0.0]],"stepped":false},"velocityRangeX":0.02,"velocityRangeZ":0.02,"velocity":20.0,"velocityRange":0.0,"emissionRate":30,"rotationRange":0.0,"lifetime":0.8,"lifetimeRange":0.2,"emitterLifetime":2,"maxParticles":75,"useWorldSpace":true,"endDistance":600},{"spec":{"shape":"pointlight","red":1.0,"green":1.0,"blue":1.0,"alpha":{"keys":[[0,0],[0.25,0.125],[0.75,0.1],[1,0]],"stepped":false},"size":{"keys":[[0,0.5],[1,1]],"stepped":false}},"velocityY":-0.75,"velocity":20.0,"sizeX":35,"sizeRangeX":20,"emissionRate":5,"lifetime":1.0,"emitterLifetime":2,"maxParticles":15,"useWorldSpace":true},{"spec":{"shader":"particle_add","red":1.0,"green":1.0,"blue":1.0,"alpha":{"keys":[[0,0],[0.5,0.5],[1,0]],"stepped":false},"cameraPush":2,"baseTexture":"/pa/effects/textures/particles/softdot.papa","rampTexture":"/pa/effects/textures/particles/uncompressed/no_ramp.papa"},"velocity":1.0,"sizeX":8,"sizeRangeX":2,"emissionBursts":1,"lifetime":0.5,"lifetimeRange":0.1,"emitterLifetime":0.25,"killOnDeactivate":true,"maxParticles":3,"endDistance":600}]}