{
    "author": "Dementiurge",
    "build": "61649",
    "context": "client",
    "date": "2014/02/25",
    "description": "Shows advanced planet details in the New Game and Lobby screens.",
    "display_name": "Advanced Planet Details",
    "identifier": "com.pa.dementiurge.planetpreview",
    "forum": "https://forums.uberent.com/threads/rel-advanced-planet-details-61649.54290/",
    "id": "planetpreview",
    "priority": 100,
    "signature": "TBD",
    "version": "1.3.1",

    "category": [
        "in-game",
        "ui"
    ],
    "new_game": [
        "coui://ui/mods/planetpreview/pp_newgame.js"
    ],
    "lobby": [
        "coui://ui/mods/planetpreview/pp_lobby.js"
    ],

    "enabled": true
}