{"uber":{"keybinding_Lock Pole":"\"y\"","keybinding_Requeue":"\"o\"","keybinding_Toggle Energy":"\"tab\"","keybinding_View Notification":"\"space\"","keybinding_abort":"\"\"","keybinding_align to pole":"\"n\"","keybinding_assist":"\"i\"","keybinding_attack":"\"\"","keybinding_bug report":"\"ctrl+f10\"","keybinding_build advanced air factory":"\"\"","keybinding_build advanced bot factory":"\"\"","keybinding_build advanced energy plant":"\"\"","keybinding_build advanced floating laser":"\"\"","keybinding_build advanced laser defense tower":"\"\"","keybinding_build advanced metal extractor":"\"\"","keybinding_build advanced naval factory":"\"\"","keybinding_build advanced orbital factory":"\"\"","keybinding_build advanced orbital launcher":"\"\"","keybinding_build advanced radar":"\"\"","keybinding_build advanced sonar":"\"\"","keybinding_build advanced torpedo launcher":"\"\"","keybinding_build advanced vehicle factory":"\"\"","keybinding_build air defense tower":"\"\"","keybinding_build air factory":"\"\"","keybinding_build ant":"\"\"","keybinding_build anti-nuke launcher":"\"\"","keybinding_build avatar":"\"alt+f1\"","keybinding_build avatar factory":"\"alt+f2\"","keybinding_build barracuda":"\"\"","keybinding_build bluebottle":"\"\"","keybinding_build bot factory":"\"\"","keybinding_build bumblebee":"\"\"","keybinding_build catapult":"\"\"","keybinding_build dolphin":"\"\"","keybinding_build energy storage":"\"\"","keybinding_build energy_plant":"\"\"","keybinding_build fabrication aircraft":"\"\"","keybinding_build fabrication aircraft_adv":"\"\"","keybinding_build fabrication bot":"\"\"","keybinding_build fabrication ship":"\"\"","keybinding_build fabrication ship_adv":"\"\"","keybinding_build fabrication sub":"\"\"","keybinding_build fabrication vehicle":"\"\"","keybinding_build fabrication vehicle_adv":"\"\"","keybinding_build fabrication_bot_adv":"\"\"","keybinding_build firefly":"\"\"","keybinding_build floating laser tower":"\"\"","keybinding_build hornet":"\"\"","keybinding_build hummingbird":"\"\"","keybinding_build jellyfish":"\"\"","keybinding_build laser defense tower":"\"\"","keybinding_build leveler":"\"\"","keybinding_build leviathan":"\"\"","keybinding_build lobber":"\"\"","keybinding_build metal extractor":"\"\"","keybinding_build metal storage":"\"\"","keybinding_build narwhal":"\"\"","keybinding_build naval factory":"\"\"","keybinding_build nuke launcher":"\"\"","keybinding_build orbital fabrication_bot":"\"\"","keybinding_build orbital factory":"\"\"","keybinding_build orbital fighter":"\"\"","keybinding_build orbital gas_mine":"\"\"","keybinding_build orbital lander":"\"\"","keybinding_build orbital laser":"\"\"","keybinding_build orbital launcher":"\"\"","keybinding_build pelter":"\"\"","keybinding_build peregrine":"\"\"","keybinding_build radar":"\"\"","keybinding_build radar advanced satellite":"\"\"","keybinding_build radar satellite":"\"\"","keybinding_build sea barrier":"\"\"","keybinding_build sea energy plant":"\"\"","keybinding_build sea energy plant adv":"\"\"","keybinding_build sea energy storage":"\"\"","keybinding_build sea metal extractor":"\"\"","keybinding_build sea metal extractor adv":"\"\"","keybinding_build sea metal storage":"\"\"","keybinding_build sheller":"\"\"","keybinding_build skitter":"\"\"","keybinding_build slammer":"\"\"","keybinding_build solar array":"\"\"","keybinding_build sonar":"\"\"","keybinding_build spinner":"\"\"","keybinding_build stinger":"\"\"","keybinding_build stingray":"\"\"","keybinding_build stomper":"\"\"","keybinding_build sun fish":"\"\"","keybinding_build torpedo launcher":"\"\"","keybinding_build unit cannon":"\"\"","keybinding_build vehicle factory":"\"\"","keybinding_build wall":"\"\"","keybinding_capture anchor 0":"\"shift+0\"","keybinding_capture anchor 1":"\"shift+1\"","keybinding_capture anchor 2":"\"shift+2\"","keybinding_capture anchor 3":"\"shift+3\"","keybinding_capture anchor 4":"\"shift+4\"","keybinding_capture anchor 5":"\"shift+5\"","keybinding_capture anchor 6":"\"shift+6\"","keybinding_capture anchor 7":"\"shift+7\"","keybinding_capture anchor 8":"\"shift+8\"","keybinding_capture anchor 9":"\"shift+9\"","keybinding_capture group 0":"\"ctrl+0\"","keybinding_capture group 1":"\"ctrl+1\"","keybinding_capture group 2":"\"ctrl+2\"","keybinding_capture group 3":"\"ctrl+3\"","keybinding_capture group 4":"\"ctrl+4\"","keybinding_capture group 5":"\"ctrl+5\"","keybinding_capture group 6":"\"ctrl+6\"","keybinding_capture group 7":"\"ctrl+7\"","keybinding_capture group 8":"\"ctrl+8\"","keybinding_capture group 9":"\"ctrl+9\"","keybinding_command mode [assist]":"\"\"","keybinding_command mode [attack]":"\"\"","keybinding_command mode [celestial move]":"\"\"","keybinding_command mode [move]":"\"\"","keybinding_command mode [patrol]":"\"\"","keybinding_command mode [reclaim]":"\"\"","keybinding_command mode [repair]":"\"\"","keybinding_command mode [special move]":"\"\"","keybinding_command mode [unload]":"\"\"","keybinding_copy unit":"\"ctrl+c\"","keybinding_crash":"\"\"","keybinding_decreaseCameraPanSpeed":"\"\"","keybinding_disable navigation debug info":"\"\"","keybinding_enable navigation debug info":"\"\"","keybinding_fire at will":"\"\"","keybinding_hold fire":"\"\"","keybinding_hold position":"\"\"","keybinding_increaseCameraPanSpeed":"\"\"","keybinding_last psuedo frame":"\"\"","keybinding_maneuver":"\"\"","keybinding_move":"\"m\"","keybinding_next build tab":"\"\"","keybinding_next planet":"\",\"","keybinding_next psuedo frame":"\"\"","keybinding_normal chat":"\"enter\"","keybinding_paste unit":"\"ctrl+v\"","keybinding_patrol":"\"\"","keybinding_pause time":"\"\"","keybinding_play backwards at 100%":"\"\"","keybinding_play backwards at 50%":"\"\"","keybinding_play forward at 100%":"\"\"","keybinding_play forward at 50%":"\"\"","keybinding_previous planet":"\"\"","keybinding_quick profile":"\"ctrl+f11\"","keybinding_recall anchor 0":"\"alt+0\"","keybinding_recall anchor 1":"\"alt+1\"","keybinding_recall anchor 2":"\"alt+2\"","keybinding_recall anchor 3":"\"alt+3\"","keybinding_recall anchor 4":"\"alt+4\"","keybinding_recall anchor 5":"\"alt+5\"","keybinding_recall anchor 6":"\"alt+6\"","keybinding_recall anchor 7":"\"alt+7\"","keybinding_recall anchor 8":"\"alt+8\"","keybinding_recall anchor 9":"\"alt+9\"","keybinding_recall group 0":"\"0\"","keybinding_recall group 1":"\"1\"","keybinding_recall group 2":"\"2\"","keybinding_recall group 3":"\"3\"","keybinding_recall group 4":"\"4\"","keybinding_recall group 5":"\"5\"","keybinding_recall group 6":"\"6\"","keybinding_recall group 7":"\"7\"","keybinding_recall group 8":"\"8\"","keybinding_recall group 9":"\"9\"","keybinding_reclaim":"\"\"","keybinding_relax constraints":"\"\"","keybinding_reload view":"\"f5\"","keybinding_repair":"\"\"","keybinding_restore constraints":"\"\"","keybinding_resume at latest time":"\"\"","keybinding_return fire":"\"\"","keybinding_roam":"\"\"","keybinding_select all air combat units":"\"ctrl+shift+f8\"","keybinding_select all air combat units on screen":"\"shift+f8\"","keybinding_select all combat units":"\"ctrl+shift+f6\"","keybinding_select all combat units on screen":"\"shift+f6\"","keybinding_select all factories":"\"shift+f1\"","keybinding_select all factories on screen":"\"shift+f3\"","keybinding_select all idle factories":"\"shift+f2\"","keybinding_select all idle factories on screen":"\"shift+f4\"","keybinding_select all land combat units":"\"ctrl+shift+f7\"","keybinding_select all land combat units on screen":"\"shift+f7\"","keybinding_select all matching units on screen":"\"ctrl+z\"","keybinding_select all naval combat units":"\"ctrl+shift+f9\"","keybinding_select all naval combat units on screen":"\"shift+f9\"","keybinding_select commander":"\"\"","keybinding_select commie":"\"b\"","keybinding_select idle fabbers":"\"\"","keybinding_self destruct selected unit":"\"del\"","keybinding_set army from hover":"\"ctrl+b\"","keybinding_set debug camera":"\"\"","keybinding_set free camera":"\"\"","keybinding_set space camera":"\"\"","keybinding_show/hide UI":"\"ctrl+u\"","keybinding_show/hide performance panel":"\"ctrl+p\"","keybinding_smooth zoom in":"\"\"","keybinding_smooth zoom out":"\"\"","keybinding_stop":"\"q\"","keybinding_stop command":"\"\"","keybinding_team chat":"\"shift+enter\"","keybinding_toggle FOW":"\"ctrl+j\"","keybinding_toggle audio logging":"\"\"","keybinding_toggle debug camera":"\"ctrl+m\"","keybinding_toggle free camera":"\"\"","keybinding_toggle fullscreen":"\"alt+enter\"","keybinding_toggle music":"\"ctrl+s\"","keybinding_toggle space camera":"\"\"","keybinding_track selection with camera":"\"\"","keybinding_unload":"\"u\"","keybinding_zoom to air":"\"\"","keybinding_zoom to celestial":"\"\"","keybinding_zoom to orbital":"\"\"","keybinding_zoom to surface":"\"\""},"hotbuildglobalkey":{},"hotbuildglobal":{}}