{
    "context": "client",
    "identifier": "net.corang.corToggleableSplitScreen",
    "display_name": "PA Toggleable Split Screen",
    "description": "Toggle between one view and two split screen views with the PiP button",
    "author": "Corang",
    "version": "1.0",
    "build": "61450",
    "date": "2014/02/22",
    "signature": "not yet implemented",
    "forum": "",
    "category": [
        "in-game",
        "ui"
    ],
    "id": "corToggleableSplitScreen",
    "priority": 100,
    "enabled": true
}