{
  "base_spec":"/pa/ammo/base_artillery/base_artillery.json",
  "model": {
    "filename": "/pa/units/land/bot_bomb/bot_bomb.papa"
  },
  "splash_damage": 250,
  "splash_radius": 15,
  "damage": 250,
  "splash_damages_allies":false,
  "initial_velocity":120,
  "max_velocity":120,
  "lifetime":10,
  "audio_loop":"/SE/Movement/missile/tactical_missile_fly_loop",
  "events": {
    "died": {
      "audio_cue": "/SE/Impacts/bomb",
      "effect_spec": "/pa/units/land/bot_bomb/bot_bomb_ammo_explosion.pfx"
    }
  }
}