{
  "tool_type":"TOOL_Weapon",
  "ammo_id":"/pa/units/land/tank_heavy_mortar/tank_heavy_mortar_ammo.json",
  "ammo_source":"metal",
  "ammo_capacity":45,
  "ammo_demand":15,
  "ammo_per_shot":45,
  "rate_of_fire":0.33,
  "idle_aim_delay":5,
  "max_range":200,
  "arc_type":"ARC_Low",
  "yaw_rate":60,
  "pitch_rate":45,
  "yaw_range":180,
  "pitch_range":70,
  "spread_fire":true,
  "auto_attack":true,
  "target_layers":[
    "WL_LandHorizontal",
    "WL_Seafloor",
    "WL_WaterSurface"
  ]
}