{
    "context": "client",
    "identifier": "com.pa.raevn.rcommanderhp",
    "display_name": "Commander Health Display",
    "description": "Adds a display to the UI that tracks your commander's health",
    "author": "raevn, danzel, burntcustard",
    "version": "2.7.3",
    "build": "58772",
    "date": "2014/01/13",
    "signature": "not yet implemented",
    "forum": "https://forums.uberent.com/threads/rel-commander-health-display-v2.50584/",
    "category": [
        "in-game",
        "ui"
    ],
    "id": "rCommanderHP",
    "priority": 100,
    "live_game": [
        "coui://ui/mods/rCommanderHP/rCommanderHP.css",
        "coui://ui/mods/rCommanderHP/rCommanderHP.js"
    ],
    "settings": [
        "coui://ui/mods/rCommanderHP/rCommanderHP_settings.js"
    ],
    "requires": [
        "rFloatFrame",
        "rSettingsManager"
    ],
    "enabled": true
}