{
    "context": "client",
    "identifier": "com.pa.danzel.dReminderTimer",
    "display_name": "In Game Reminders Timer",
    "description": "Improves the System View",
    "author": "danzel",
    "version": "1.2",
    "build": "58772",
    "date": "2013/12/27",
    "signature": "not yet implemented",
    "forum": "https://forums.uberent.com/threads/rel-reminder-timer-v1-0.53625/",
    "category": [
        "in-game",
        "ui"
    ],
    "id": "dReminderTimer",
    "priority": 100,
    "live_game": [
        "coui://ui/mods/dReminderTimer/dReminderTimer.css",
        "coui://ui/mods/dReminderTimer/dReminderTimer.js"
    ],
    "enabled": true
}