{
    "context": "client",
    "identifier": "net.corang.corBetterBuildBars",
    "display_name": "Better Build Bar",
    "description": "Updated for galactic war! Only one preset now, doesn't require settings manager anymore",
    "author": "Corang",
    "version": "2.0",
    "build": "66567",
    "date": "2014/05/23",
    "signature": "not yet implemented",
    "forum": "https://forums.uberent.com/threads/rel-better-build-bar.57183/",
    "category": [
        "in-game",
        "ui"
    ],
    "id": "corBetterBuildBars",
    "priority": 100,
    "live_game": [
        "coui://ui/mods/corBetterBuildBars/corBetterBuildBar.js"
    ],
    "settings": [
        "coui://ui/mods/corBetterBuildBars/CBBSettings.js"
    ],
    "icon": "http://pamods.github.io/icons/corBBB.png",
    "enabled": true
}