{
	"enabled" : true,
    "context" : "client",
    "identifier" : "com.aevns.acliffplanets",
    "display_name" : "Cliff Planets",
    "description" : "Custom planets with cliff biomes. Client-side part of the mod, for use with the system editor. Replaces 'sandbox' planet and biome types.",
    "author" : "ae",
    "version" : "0.0.2",
    "signature" : "not yet implemented",
    "date": "2014/06/19",
    "category": [
    	"system editor"
    ],
    "id": "cliffPlanetsAE",
    "priority": 100,
    "system_editor":  [
    	"coui://ui/mods/cliffPlanets/cliffPlanets.js"
    ]
}