{
    "context": "client",
    "identifier": "com.pa.trialq.tGWLoadout",
    "display_name": "Galactic War Loadouts",
    "description": "New loadouts for use in Galactic War",
    "author": "trialq",
    "version": "1.0",
    "build": "66567",
    "date": "2014/05/28",
    "signature": "not yet implemented",
    "forum": "https://forums.uberent.com/threads/rel-galactic-war-loadouts.60187/",
    "icon": "http://pamods.github.io/icons/tGWLoadout.png",
    "category": [
        "in-game",
        "galactic-war"
    ],
    "scenes": {
        "galactic_war": [
            "coui://ui/main/game/galactic_war/cards/tgw_start_broken.js",
            "coui://ui/main/game/galactic_war/cards/tgw_start_nomex.js",
            "coui://ui/main/game/galactic_war/cards/tgw_start_speed.js",
            "coui://ui/main/game/galactic_war/cards/tgw_start_tank.js"
        ]
    },
    "id": "tGWLoadout",
    "priority": 100,
    "enabled": true
}
