{
    "context": "client",
    "identifier": "fr.mereth.pa.twentyfour",
    "display_name": "Twenty-Four Hours",
    "description": "Change the 12AM/PM clock for a 24H clock.",
    "author": "mereth",
    "version": "1.0.0",
    "build": "66943",
    "date": "2014/06/13",
    "signature": "not yet implemented",
    "id": "mereth.twentyfour",
    "priority": 100,
    "scenes": {
      "uberbar": [
          "coui://ui/mods/mereth.twentyfour/twentyfour.js"
          ,"coui://ui/mods/mereth.twentyfour/twentyfour.css"
      ]
    },
    "category": [
        "uberbar",
        "ui"
    ],
    "enabled": true
}