{
  "ammo_id": "/pa/units/land/missile_silo/anti_missile_ammo.json",
  "ammo_source": "factory",
  "anti_entity_targets": [
    "/pa/units/land/missile_silo/tactical_missile_ammo.json",
	"/pa/units/land/missile_silo/cluster_missile_ammo.json",
	"/pa/units/land/missile_silo/ecm_missile_ammo.json",
	"/pa/units/land/missile_silo/ion_missile_ammo.json"
  ],
  "auto_attack": false,
  "auto_task_type": "anti_entity",
  "base_spec": "/pa/tools/base_missile_tactical_turret/base_missile_tactical_turret.json",
  "firing_arc_pitch": 180,
  "firing_arc_yaw": 180,
  "manual_fire": true,
  "lifetime": 30,
  "max_range": 1200,
  "pitch_range": 180,
  "pitch_rate": 0,
  "rate_of_fire": 1.00,
  "spread_fire": true,
  "target_layers": [
    "WL_LandHorizontal",
    "WL_WaterSurface",
    "WL_Orbital"
  ],
  "tool_type": "TOOL_Weapon",
  "yaw_range": 180,
  "yaw_rate": 0
}