{"base_spec":"/pa/units/orbital/base_orbital/base_orbital.json","display_name":"Astraeus","description":"Orbital Lander: Load it up, get units to other planets.","max_health":150,"build_metal_cost":2400,"usable":true,"attachable":{"offsets":{"root":[0,0,0]}},"unit_types":["UNITTYPE_Orbital","UNITTYPE_Mobile","UNITTYPE_Transport","UNITTYPE_Advanced","UNITTYPE_FactoryBuild"],"command_caps":["ORDER_Move","ORDER_Patrol","ORDER_Assist","ORDER_Load","ORDER_Unload","ORDER_SpecialMove"],"events":{"build_complete":{"audio_cue":"/SE/Build_Complete/air"},"died":{"audio_cue":"/SE/Death/Air","effect_spec":"/pa/effects/specs/default_explosion.pfx"}},"audio":{"loops":{"move":{"cue":"/SE/Movement/air/air_gunship_loop","flag":"vel_changed","should_start_func":"is_moving","should_stop_func":"is_not_moving"}}},"useable":{"type":"transport","range":10},"transporter":{"capacity":1,"transporter_attach_bone":"bone_payload","transportable_attach_offset":"head"},"navigation":{"type":"orbital","acceleration":10,"brake":10,"move_speed":10,"turn_speed":360,"hover_time":-1.0,"vertical_speed":50},"physics":{"radius":8,"push_class":25,"gravity_scalar":0.001},"recon":{"observer":{"items":[{"layer":"surface_and_air","channel":"sight","shape":"capsule","radius":10000},{"layer":"orbital","channel":"sight","shape":"sphere","radius":100}]}},"model":{"filename":"/pa/units/orbital/orbital_lander/orbital_lander.papa","animations":{"open":"/pa/units/orbital/orbital_lander/orbital_lander_anim_open.papa","closed":"/pa/units/orbital/orbital_lander/orbital_lander_anim_closed.papa"},"animtree":"/pa/anim/anim_trees/temp_satellite.json"},"mesh_bounds":[30,20,10],"TEMP_texelinfo":23.9658}