{
  "ammo_capacity": 8000,
  "ammo_demand": 8000,
  "ammo_id": "/pa/units/land/bot_tactical_missile/bot_tactical_missile_ammo.json",
  "ammo_per_shot": 8000,
  "ammo_source": "energy",
  "auto_attack": true,
  "base_spec": "/pa/tools/base_missile_turret/base_missile_turret.json",
  "firing_standard_deviation": 3.0,
  "max_range": 180,
  "pitch_range": 90,
  "pitch_rate": 3600,
  "rate_of_fire": 0.25,
  "spread_fire": true,
  "target_layers": [
    "WL_LandHorizontal",
    "WL_WaterSurface"
  ],
  "yaw_range": 180,
  "yaw_rate": 30
}