{
    "context": "client",
    "identifier": "info.nanodesu.blackscreenfix",
    "display_name": "No Blackscreens",
    "description": "Experimental stuff for PA v.61450",
    "author": "Cola_Colin",
    "version": "1.0",
    "build": "61450",
    "signature": "not yet implemented",
    "priority": 1,
    "enabled": true,
    "id": "blackscreenfix",
    "forum": "https://forums.uberent.com/threads/rel-possible-fix-for-blackscreen-issues.56735/",
    "category": [
        "Bugfix"
    ],
    "date": "2014/02/22"
}