{"base_spec":"/pa/units/land/base_structure/base_structure.json","unit_name":"Metal Storage","display_name":"Metal Storage","description":"Metal: Increases maximum metal storage capacity","display_group":80,"display_index":40,"max_health":2500,"build_metal_cost":450,"atrophy_rate":50.0,"atrophy_cool_down":30.0,"spawn_layers":"WL_AnyHorizontalGroundOrWaterSurface","area_build_type":"Line","storage":{"metal":1500},"unit_types":["UNITTYPE_Structure","UNITTYPE_Basic","UNITTYPE_CmdBuild","UNITTYPE_FabBuild","UNITTYPE_FabAdvBuild","UNITTYPE_Economy"],"recon":{"observer":{"items":[{"layer":"surface_and_air","channel":"sight","shape":"capsule","radius":100}]}},"model":[{"layer":"WL_LandHorizontal","filename":"/pa/units/land/metal_storage/metal_storage.papa"},{"layer":"WL_WaterSurface","filename":"/pa/units/sea/sea_metal_storage/sea_metal_storage.papa"}],"events":{"build_complete":{"audio_cue":"/SE/Build_Complete/metal"},"died":{"audio_cue":"/SE/Death/Factory","effect_scale":0.7}},"mesh_bounds":[20,20.0769,15.151],"building_skirt":[24,24],"TEMP_texelinfo":21.4256,"influence":{"range":50,"values":{"Economy":5}}}