{
  "ammo_type": "Projectile",
  "audio_loop": "/SE/Movement/missile/anti_nuke_missile_fly_loop",
  "build_metal_cost": 5000,
  "collision_bounds": 5,
  "collision_check": "target",
  "collision_response": "destroy",
  "damage": 1,
  "description": "Anti-nuke - Intercepts incoming nuclear missiles.",
  "display_name": "SR-24 -Shield- Missile Defense",
  "events": {
    "died": {
      "audio_cue": "/SE/Impacts/missile_antinuke",
      "effect_spec": "/pa/units/land/anti_nuke_launcher/anti_nuke_launcher_ammo_explosion.pfx",
      "effect_world_aligned": false
    }
  },
  "flight_type": "Staged",
  "fx_trail": {
    "filename": "/pa/units/land/anti_nuke_launcher/anti_nuke_launcher_ammo_trail.pfx",
    "offset": [
      0.0,
      4.6,
      0.0
    ]
  },
  "initial_velocity": 400.0,
  "lifetime": 0,
  "max_velocity": 400.0,
  "model": {
    "filename": "/pa/units/air/missile_anti_nuke/missile_anti_nuke.papa"
  },
  "physics": {
    "add_to_spatial_db": false,
    "allow_underground": true,
    "gravity_scalar": 3,
    "ignore_gravity": true,
    "push_class": 1,
    "radius": 5
  },
  "show_strategic_icon": true,
  "spawn_layers": "WL_Air",
  "splash_damage": 1,
  "splash_radius": 0,
  "stages": [
    {
      "ignores_LOS": true,
      "ignores_gravity": true,
      "rotates_to_velocity": true,
      "stage_duration": 100,
      "stage_turn_rate": 180
    },
    {
      "ignores_LOS": false,
      "ignores_gravity": true,
      "rotates_to_velocity": true,
      "stage_duration": 0,
      "stage_turn_rate": 1080
    }
  ],
  "turn_rate": 3600
}
