{
    "context": "client",
    "identifier": "com.pa.danzel.dBetterSystemView",
    "display_name": "Better System View",
    "description": "Adds a Metal Spot count to the System View and makes it show all the time.",
    "author": "danzel",
    "version": "1.3",
    "build": "63234",
    "date": "2014/03/24",
    "signature": "not yet implemented",
    "forum": "https://forums.uberent.com/threads/rel-better-system-view-55089.52922/",
    "category": [
        "in-game",
        "ui"
    ],
    "id": "dBetterSystemView",
    "priority": 100,
    "live_game": [
        "coui://ui/mods/dBetterSystemView/dBetterSystemView.css",
        "coui://ui/mods/dBetterSystemView/dBetterSystemView.js"
    ],
    "enabled": true
}