{
  "base_spec": "/pa/tools/base_laser_turret/base_laser_turret.json",
  "ammo_id":"/pa/units/commanders/base_commander/base_commander_ammo.json",
  "rate_of_fire":8.0,
  "max_range":120,
  "yaw_rate":360,
  "pitch_rate":360,
  "yaw_range":180,
  "pitch_range":40,
  "auto_attack":true,
  "idle_aim_delay":2,
  "firing_standard_deviation": 1,
  "target_layers":[
    "WL_LandHorizontal",
    "WL_Seafloor",
    "WL_WaterSurface",
    "WL_Air"
  ],
  "target_priorities":[
    "Mobile - Air",
    "Structure - Wall",
    "Mobile"
  ]
}