{
	"base_spec": "/pa/tools/base_bomb_bay/base_bomb_bay.json",
	"ammo_id": "/pa/units/air/bomber_adv/bomber_adv_ammo.json",
	"ammo_source": "energy",
	"rate_of_fire": 1,
	"ammo_capacity": 20000,
	"ammo_demand": 2000,
	"ammo_per_shot": 20000,
	"max_range": 4,
	"yaw_rate": 3600,
	"pitch_rate": 3600,
	"yaw_range": 180,
	"pitch_range": 180,
	"auto_attack": true,
	"spread_fire": false,
	"carpet_fire": true,
	"firing_standard_deviation": 30,
	"target_layers": ["WL_LandHorizontal",
	"WL_WaterSurface",
	"WL_Seafloor"]

}