{
    "context": "client",
    "identifier": "com.uberent.pa.mods.stockmods.client.NavalReduxIcons",
    "display_name": "NavalReduxIcons",
    "description": "Adds Icons for Units in NavalRedux.",
    "author": "Stuart98, SquishyPon3, TheTrophySystem, zx0, Zombiefan564",
    "version": "1.21",
    "build": "70289",
    "date": "2014/8/10",
    "signature": "not yet implemented",
    "forum": "https://forums.uberent.com/threads/rel-server-navalredux-1-2.60768/",
    "id": "NavalReduxIcons",
    "priority": 100,
    "icon": "http://pamods.github.io/icons/NavalReduxIcon.png",
    "enabled": true}