{
    "context": "client",
    "identifier": "net.corang.corLingerPiP",
    "display_name": "Alert PiP Lingererer",
    "description": "changes the PiP alert that when your mouse hovers over it and leaves it 'lingererers' for 3 seconds then disappears",
    "author": "Corang",
    "version": "1.0",
    "build": "62519",
    "date": "2014/03/12",
    "signature": "not yet implemented",
    "forum": "https://forums.uberent.com/threads/rel-alert-pip-lingerer-er-er.57832/",
    "category": [
        "in-game",
        "ui"
    ],
    "id": "corLingerPiP",
    "priority": 100,
    "live_game": [
        "coui://ui/mods/corLingerPiP/corLingerPiP.js"
    ],
    "enabled": true
}