{
  "blend_root": {
    "type": "bind_pose"
  },
  "skeleton_controls": [
    {
      "rotation_axis": "z",
      "rotation_bone": "bone_turret01",
      "type": "procedural_aim",
      "weapon_index": 0
    },
    {
      "rotation_axis": "x",
      "rotation_bone": "bone_pitch01",
      "type": "procedural_aim",
      "weapon_index": 0
    },
    {
      "rotation_axis": "z",
      "rotation_bone": "bone_turret02",
      "type": "procedural_aim",
      "weapon_index": 0
    },
    {
      "rotation_axis": "x",
      "rotation_bone": "bone_pitch02",
      "type": "procedural_aim",
      "weapon_index": 0
    },
    {
      "rotation_axis": "z",
      "rotation_bone": "bone_turret03",
      "type": "procedural_aim",
      "weapon_index": 1
    },
    {
      "rotation_axis": "x",
      "rotation_bone": "bone_pitch03",
      "type": "procedural_aim",
      "weapon_index": 1
    },
    {
      "rotation_axis": "z",
      "rotation_bone": "bone_turret04",
      "type": "procedural_aim",
      "weapon_index": 1
    },
    {
      "rotation_axis": "x",
      "rotation_bone": "bone_pitch04",
      "type": "procedural_aim",
      "weapon_index": 1
    },
    {
      "rotation_axis": "z",
      "rotation_bone": "bone_smallTurret01",
      "type": "procedural_aim",
      "weapon_index": 2
    },
    {
      "rotation_axis": "x",
      "rotation_bone": "bone_smallPitch01",
      "type": "procedural_aim",
      "weapon_index": 2
    },
    {
      "rotation_axis": "z",
      "rotation_bone": "bone_smallTurret02",
      "type": "procedural_aim",
      "weapon_index": 2
    },
    {
      "rotation_axis": "x",
      "rotation_bone": "bone_smallPitch02",
      "type": "procedural_aim",
      "weapon_index": 2
    },
    {
      "rotation_axis": "z",
      "rotation_bone": "bone_smallTurret03",
      "type": "procedural_aim",
      "weapon_index": 3
    },
    {
      "rotation_axis": "x",
      "rotation_bone": "bone_smallPitch03",
      "type": "procedural_aim",
      "weapon_index": 3
    },
    {
      "rotation_axis": "z",
      "rotation_bone": "bone_smallTurret04",
      "type": "procedural_aim",
      "weapon_index": 3
    },
    {
      "rotation_axis": "x",
      "rotation_bone": "bone_smallPitch04",
      "type": "procedural_aim",
      "weapon_index": 3
    },
    {
      "bone": "bone_recoil01",
      "recoil_dist": 4.0,
      "restore_time": 2.0,
      "type": "recoil",
      "unit_event": "fired0"
    },
    {
      "bone": "bone_recoil02",
      "recoil_dist": 4.0,
      "restore_time": 2.0,
      "type": "recoil",
      "unit_event": "fired0"
    },
    {
      "bone": "bone_recoil03",
      "recoil_dist": 4.0,
      "restore_time": 2.0,
      "type": "recoil",
      "unit_event": "fired0"
    },
    {
      "bone": "bone_recoil04",
      "recoil_dist": 4.0,
      "restore_time": 2.0,
      "type": "recoil",
      "unit_event": "fired0"
    },
    {
      "bone": "bone_recoil05",
      "recoil_dist": 4.0,
      "restore_time": 2.0,
      "type": "recoil",
      "unit_event": "fired0"
    },
    {
      "bone": "bone_recoil06",
      "recoil_dist": 4.0,
      "restore_time": 2.0,
      "type": "recoil",
      "unit_event": "fired0"
    },
    {
      "bone": "bone_recoil07",
      "recoil_dist": 4.0,
      "restore_time": 2.0,
      "type": "recoil",
      "unit_event": "fired1"
    },
    {
      "bone": "bone_recoil08",
      "recoil_dist": 4.0,
      "restore_time": 2.0,
      "type": "recoil",
      "unit_event": "fired1"
    },
    {
      "bone": "bone_recoil09",
      "recoil_dist": 4.0,
      "restore_time": 2.0,
      "type": "recoil",
      "unit_event": "fired1"
    },
    {
      "bone": "bone_recoil10",
      "recoil_dist": 4.0,
      "restore_time": 2.0,
      "type": "recoil",
      "unit_event": "fired1"
    },
    {
      "bone": "bone_recoil11",
      "recoil_dist": 4.0,
      "restore_time": 2.0,
      "type": "recoil",
      "unit_event": "fired1"
    },
    {
      "bone": "bone_recoil12",
      "recoil_dist": 4.0,
      "restore_time": 2.0,
      "type": "recoil",
      "unit_event": "fired1"
    }
  ]
}