{
    "context": "client",
    "identifier": "fr.mereth.pa.startingplanet",
    "display_name": "Show Starting Planets",
    "description": "Change color of starting planets name in server browser to green.",
    "author": "mereth",
    "version": "1.0.0",
    "build": "66943",
    "date": "2014/06/13",
    "signature": "not yet implemented",
    "id": "mereth.startingplanet",
    "priority": 100,
    "scenes": {
        "server_browser": [
            "coui://ui/mods/mereth.startingplanet/startingplanet.js"
        ]
    },
    "category": [
        "lobby",
        "ui"
    ],
    "enabled": true
}