{
    "context": "client",
    "identifier": "com.pa.burntcustard.bEfficiencyBoxFix",
    "display_name": "Efficiency Box Fix",
    "description": "Temporary fix for the new efficiency box, to make it look nice.",
    "author": "burntcustard",
    "version": "1.0",
    "build": "63180",
    "date": "2014/03/21",
    "signature": "not yet implemented",
    "category": [
        "in-game",
        "ui",
		"bugfix"
    ],
    "live_game_econ": [
        "coui://ui/mods/bEfficiencyBoxFix/bEfficiencyBoxFix.js"
    ],
    "id": "bEfficiencyBoxFix",
	"icon": "http://pamods.github.io/icons/bEfficiencyBoxFix.png",
    "forum": "https://forums.uberent.com/threads/rel-the-efficiency-box-is-ugly-and-ive-fixed-it.58125/",
    "priority": 100,
    "enabled": true
}