{
    "context": "client",
    "identifier": "com.pa.rcix.teamBuildColor",
    "display_name": "Team Build Color",
    "description": "Changes the Build Color to your Team Color instead of green",
    "author": "rcix",
    "version": "1.0.0",
    "build": "58772",
    "date": "2013/12/28",
    "signature": "not yet implemented",
    "forum": "https://forums.uberent.com/threads/rel-modified-fab-shader.47691/",
    "category": [
        "in-game"
    ],
    "id": "teamBuildColor",
    "priority": 100,
    "enabled": true
}