{
    "enabled" : true,
    "context" : "server",
    "identifier" : "com.pychnight.missilemod",
	"category": ["IN-GAME", "SERVER-MOD"],
	"build": "69721",
	"priority": 100,
	"date": "2014/08/05",
    "display_name" : "Missile Mod v0.6",
    "description" : "Makes the Game Revolve around defending and building missiles",
	"forum": "https://forums.uberent.com/threads/wip-missile-mod.62388/",
    "author" : "Pychnight",
    "version" : "0.6",
    "signature" : "(not yet implemented)"
}
