{
  "base_spec": "/pa/units/land/base_bot/base_bot.json",
  "build_metal_cost": 10000,
  "max_health": 50000,
  "model": {
    "filename": "/pa/units/land/megabot/megabot.papa"
  },
  "navigation": {
    "acceleration": 5,
    "brake": 10,
    "dodge_multiplier": 1.0,
    "dodge_radius": 15,
    "move_speed": 10,
    "turn_speed": 90,
    "type": "land-small",
    "wobble_factor": 0.1,
    "wobble_speed": 0.2
  },
  "physics": {
    "air_friction": 0.5,
    "push_class": 2,
    "radius": 3.5
  },
  "spawn_layers": "LandHorizontal",
  "unit_types": [
    "UNITTYPE_Bot",
    "UNITTYPE_Mobile",
    "UNITTYPE_Land",
    "UNITTYPE_Advanced"
  ]
}