{
    "context": "client",
    "identifier": "com.pa.trialq.tAnnoyMe",
    "display_name": "Annoy Me",
    "description": "Audibly alert the player, repeatedly, when the economy is being wasted or stalling.",
    "author": "trialq",
    "version": "1.2",
    "build": "63475",
    "date": "2014/04/20",
    "signature": "not yet implemented",
    "forum": "https://forums.uberent.com/threads/rel-annoy-me.58786/",
    "category": [
        "in-game",
        "ui"
    ],
    "live_game": [
        "coui://ui/mods/tAnnoyMe/live_game/js.js"
    ],
    "settings": [
        "coui://ui/mods/tAnnoyMe/settings/js.js"
    ],
    "requires": [
        "rSettingsManager"
    ],
    "id": "tAnnoyMe",
    "priority": 100,
    "enabled": true
}