{"base_spec":"/pa/units/land/base_structure/base_structure.json","unit_name":"Energy Storage","display_name":"Energy Storage","description":"Energy: Increases maximum energy storage capacity","display_group":80,"display_index":30,"max_health":2500,"build_metal_cost":450,"atrophy_rate":50.0,"atrophy_cool_down":30.0,"spawn_layers":"WL_AnyHorizontalGroundOrWaterSurface","area_build_type":"Line","storage":{"energy":100000},"unit_types":["UNITTYPE_Structure","UNITTYPE_Basic","UNITTYPE_CmdBuild","UNITTYPE_FabBuild","UNITTYPE_FabAdvBuild","UNITTYPE_Economy"],"recon":{"observer":{"items":[{"layer":"surface_and_air","channel":"sight","shape":"capsule","radius":100}]}},"model":[{"layer":"WL_LandHorizontal","filename":"/pa/units/land/energy_storage/energy_storage.papa"},{"layer":"WL_WaterSurface","filename":"/pa/units/sea/sea_energy_storage/sea_energy_storage.papa"}],"events":{"build_complete":{"audio_cue":"/SE/Build_Complete/energy"},"died":{"audio_cue":"/SE/Death/Factory","effect_scale":0.5}},"mesh_bounds":[20,20,15.1778],"building_skirt":[20,20],"TEMP_texelinfo":26.4567,"influence":{"range":50,"values":{"Economy":5}}}