{
    "context": "client",
    "identifier": "com.pa.someonewhoisnobody.inGameBrowser",
    "display_name": "In Game Browser",
    "description": "Adds an in game web browser",
    "author": "someonewhoisnobody",
    "version": "2.0.2",
    "build": "66567",
    "date": "2014/5/27",
    "signature": "not yet implemented",
    "forum": "https://forums.uberent.com/threads/rel-in-game-browser-v1-0.57290/",
    "category": [
        "in-game",
        "ui",
        "uberbar"
    ],
    "id": "inGameBrowser",
    "icon": "http://i.imgur.com/J9MG5mX.png",
    "priority": 100,
    "scenes": {
        "uberbar": [
            "coui://ui/main/uberbar/js/inGameBrowser_uberbar.js"
        ],
        "start": [
            "coui://ui/main/game/start/inGameBrowser_start.js"
        ]
    },
    "enabled": true
}
