{
	"guard_layer": "WL_AnySurface",
	"physics": {
		"push_class": 2,
		"radius": 2
	},
	"transportable": {
		"size": 1
	},
	"base_spec": "/pa/units/land/base_bot/base_bot.json",
	"recon": {
		"observer": {
			"items": [{
				"layer": "surface_and_air",
				"channel": "sight",
				"radius": 85,
				"shape": "capsule"
			}]
		}
	},
	"mesh_bounds": [4,
	3,
	4],
	"audio": {
		"loops": {
			"move": {
				"should_stop_func": "is_not_moving",
				"should_start_func": "is_moving",
				"cue": "/SE/Movement/bot/assault_loop",
				"flag": "vel_changed"
			}
		}
	},
	"display_index": 80,
	"model": {
		"filename": "/pa/units/land/assault_bot/assault_bot.papa",
		"walk_speed": 12,
		"animtree": "/pa/anim/anim_trees/bipedal_mech.json",
		"animations": {
			"death01": "/pa/units/land/assault_bot/assault_bot_anim_death01.papa",
			"walk": "/pa/units/land/assault_bot/assault_bot_anim_run.papa",
			"aim_down": "/pa/units/land/assault_bot/assault_bot_anim_aim_dwn.papa",
			"aim_up": "/pa/units/land/assault_bot/assault_bot_anim_aim_up.papa"
		}
	},
	"events": {
		"build_complete": {
			"audio_cue": "/SE/Build_Complete/bot"
		},
		"firing": {
			"effect_spec": "/pa/effects/specs/default_small_muzzle_flash.pfx socket_rightMuzzle /pa/effects/specs/default_small_muzzle_flash.pfx socket_leftMuzzle",
			"audio_cue": "/SE/Weapons/bot/assault_fire"
		},
		"died": {
			"audio_cue": "/SE/Death/Bot",
			"effect_scale": 0.5,
			"effect_spec": "/pa/effects/specs/default_explosion.pfx"
		}
	},
	"display_group": 40,
	"max_health": 140,
	"description": "Infantry: Slow but packs a punch. Anti-land",
	"display_name": "Dox",
	"attachable": {
		"offsets": {
			"head": [0,
			0,
			3.5],
			"root": [0,
			0,
			0]
		}
	},
	"guard_radius": 90,
	"TEMP_texelinfo": 4.07719,
	"tools": [{
		"muzzle_bone": ["socket_rightMuzzle", "socket_leftMuzzle"],
		"spec_id": "/pa/units/land/assault_bot/assault_bot_tool_weapon.json",
		"aim_bone": "socket_aim"
	}],
	"build_metal_cost": 100,
	"navigation": {
		"turn_speed": 540,
		"type": "land-small",
		"move_speed": 10,
		"acceleration": 120,
		"brake": 120
	},
	"unit_types": ["UNITTYPE_Bot",
	"UNITTYPE_Mobile",
	"UNITTYPE_Land",
	"UNITTYPE_Basic",
	"UNITTYPE_FactoryBuild"]
}