{
  "ammo_id": "/pa/units/land/bot_tactical_missile/bot_tactical_missile_interceptor_ammo.json",
  "anti_entity_targets": [
    "/pa/units/land/bot_tactical_missile/bot_tactical_missile_ammo.json",
    "/pa/units/land/tactical_missile_launcher/tactical_missile_launcher_ammo.json",
    "/pa/units/sea/missile_ship/missile_ship_ammo.json"
  ],
  "auto_attack": true,
  "auto_task_type": "anti_entity",
  "base_spec": "/pa/tools/base_missile_turret/base_missile_turret.json",
  "max_range": 105,
  "pitch_range": 85,
  "pitch_rate": 3600,
  "rate_of_fire": 1,
  "spread_fire": true,
  "target_layers": [
    "WL_Air"
  ],
  "yaw_range": 180,
  "yaw_rate": 3600
}