{
    "author": "Dementiurge",
    "build": "63475",
    "context": "client",
    "date": "2014/04/04",
    "description": "Shows planet details in the New Game and Lobby screens.",
    "display_name": "Advanced Planet Details 2.0",
    "identifier": "com.pa.dementiurge.apd",
    "forum": "https://forums.uberent.com/threads/rel-advanced-planet-details-63475.54290/",
    "id": "advancedplanetdetails",
    "priority": 100,
    "signature": "TBD",
    "version": "2.0",
    "category": [
        "ui"
    ],
    "new_game": [
        "coui://ui/mods/apd/apd_newgame.js"
    ],
    "enabled": true
}