{
    "context": "client",
    "identifier": "com.pa.LavaSnake.ProfilePicFixer",
    "display_name": "Profile Pic Fixer",
    "description": "A simple mod that makes it easy to change the placeholder profile picture in PA's main menu. Can also add info from PA Stats Ladder to the main menu. (See forum link for setup instructions)",
    "author": "LavaSnake",
    "version": "1.67",
    "build": "61694",
    "date": "2014/02/28",
    "signature": "not yet implemented",
    "forum": "https://forums.uberent.com/threads/rel-profile-pic-fixer-56387.53531/",
    "category": [
        "Main Menu",
        "ui"
    ],
    "id": "LavaSnakes_ProfilePicFixer",
    "priority": 100,
    "start": [
        "coui://ui/mods/LavaSnakes_ProfilePicFixer/ProfilePicFixer.js"
    ],
	"icon": "http://pamods.github.io/icons/ProfilePicFixer.png",
    "enabled": true
}