{
    "context": "client",
    "identifier": "com.pa.trialq.tCustomBuildBar",
    "display_name": "Custom Build Bar",
    "description": "Adds a custom tab to the build bar",
    "author": "trialq",
    "version": "0.1",
    "build": "59607",
    "date": "2014/02/10",
    "signature": "not yet implemented",
    "forum": "https://forums.uberent.com/threads/rel-custom-build-bar.56383/",
    "icon": "http://pamods.github.io/icons/tCustomBuildBar.png",
    "category": [
        "in-game",
        "ui"
    ],
    "live_game": [
        "coui://ui/mods/tCustomBuildBar/tCustomBuildBar.js"
    ],
    "id": "tCustomBuildBar",
    "priority": 100,
    "enabled": true
}
