{"model":{"arrows":5,"filename":"/pa/units/sea/nuclear_sub/nuclear_sub.papa"},"physics":{"push_class":2,"radius":6},"spawn_layers":"WL_WaterSurface","base_spec":"/pa/units/sea/base_ship/base_ship.json","recon":{"observer":{"items":[{"shape":"capsule","radius":200,"layer":"surface_and_air","channel":"sight"}]}},"audio":{"loops":{"move":{"flag":"vel_changed","should_stop_func":"is_not_moving","should_start_func":"is_moving","cue":"/SE/Movement/sea/nuclear_sub_loop"}}},"display_index":100,"mesh_bounds":[5,35,5],"TEMP_texelinfo":16.0481,"tools":[{"aim_bone":"bone_root","muzzle_bone":"bone_root","spec_id":"/pa/units/sea/nuclear_sub/nuclear_sub_tool_weapon.json"}],"build_metal_cost":4320,"unit_types":["UNITTYPE_Naval","UNITTYPE_Mobile","UNITTYPE_Advanced","UNITTYPE_Sub"],"navigation":{"dodge_radius":15,"brake":50,"wobble_speed":0,"acceleration":50,"move_speed":10,"turn_speed":30,"type":"water","wobble_factor":0,"dodge_multiplier":1},"max_health":1400,"display_group":40,"events":{"died":{"audio_cue":"/SE/Death/Sea_sub"},"firing":{"audio_cue":"/SE/Weapons/sea/nuclear_sub_fire"},"build_complete":{"audio_cue":"/SE/Build_Complete/sea"}},"display_name":"Barracuda","description":"Sub Class: Anti-sub and anti-ship torpedoes, long range ballistic nuclear missile"}