{
    "context": "client",
    "identifier": "com.pa.stuart98.anchorsfx",
    "display_name": "Anchor Sound Mod",
    "description": "Replaces the sound effect for the Anchor firing with that of the Umbrella.",
    "author": "Stuart98",
    "version": "1.0",
    "build": "65588",
    "date": "2014/05/21",
    "signature": "not yet implemented",
    "icon": "http://pamods.github.io/icons/tSmasherDox.jpg",
    "forum": "https://forums.uberent.com/threads/rel-stuart98s-minimods.59559/",
    "category": [
        "in-game",
        "anchor",
        "sound",
        "sfx"",
        "bugfix"
    ],
    "id": "anchorsfx",
    "priority": 100,
    "enabled": true
}