{
    "context": "client",
    "identifier": "com.pa.superouman.HideFogOfWar",
    "display_name": "Hide Fog of War",
    "description": "Removes the grey lighting from the fog of war. For cinematic purposes.",
    "author": "superouman",
    "version": "1.0",
    "build": "63475",
    "date": "2014/04/15",
    "signature": "not yet implemented",
    "forum": "https://forums.uberent.com/threads/notyet",
    "category": [
        "In-game"
    ],
    "id": "HideFogOfWar",
    "priority": 100,
    "enabled": true
}