{
    "context": "client",
    "identifier": "com.pa.burntcustard.bUITweaks",
    "display_name": "burntcustard's UI Tweaks",
    "description": "Removes empty build bar boxes and does stuff",
    "author": "burntcustard",
    "version": "1.01",
    "build": "66567",
    "date": "2014/05/29",
    "signature": "not yet implemented",
    "category": [
        "in-game",
        "ui"
    ],
    "live_game": [
        "coui://ui/mods/bUITweaks/bBuildBar.js",
        "coui://ui/mods/bUITweaks/bBleepOnHotkey.js"
    ],
    "id": "bUITweaks",
    "icon": "http://pamods.github.io/icons/bUITweaks.png",
    "forum": "https://forums.uberent.com/threads/rel-burntcustards-ui-tweaks.60233/",
    "priority": 100,
    "enabled": true
}