{
    "context": "client",
    "identifier": "net.orfjackal.pa-mentor",
    "display_name": "PA Mentor",
    "description": "Shows how your in-game stats compare to other players, to help in learning how fast to expand",
    "author": "ORFJackal",
    "version": "0.4.1",
    "build": "62857",
    "date": "2014/03/16",
    "forum": "https://forums.uberent.com/threads/rel-pa-mentor.55399/",
    "icon": "http://pamods.github.io/icons/PAMentor.png",
    "category": [
        "in-game",
        "ui"
    ],
    "id": "PAMentor",
    "priority": 100,
    "scenes": {
        "live_game": [
            "coui://ui/mods/PAMentor/core.js",
            "coui://ui/mods/PAMentor/live_game/pa_mentor.css",
            "coui://ui/mods/PAMentor/live_game/init.js"
        ]
    },
    "requires": [
        "rFloatFrame"
    ],
    "enabled": true
}