{
    "context": "client",
    "identifier": "info.nanodesu.blackscreenfix",
    "display_name": "No Blackscreens",
    "description": "Fix for Blackscreens when loading css in mods for PA v.63180",
    "author": "Cola_Colin",
    "version": "5.0",
    "build": "63180",
    "signature": "not yet implemented",
    "priority": 1,
    "enabled": true,
    "id": "blackscreenfix",
    "forum": "https://forums.uberent.com/threads/rel-possible-fix-for-blackscreen-issues.56735/",
    "category": [
        "Bugfix"
    ],
    "date": "2014/03/21"
}