{
    "context": "client",
    "identifier": "com.pa.maxpowerz.maxTinyPoles",
    "display_name": "Tiny Poles",
    "description": "Reduces the size of the 'N' and 'S' pole indicators",
    "author": "maxpowerz",
    "version": "1.0",
    "build": "64498",
    "date": "2014/04/28",
    "signature": "not yet implemented",
    "forum": "https://forums.uberent.com/threads/s-and-n-marks-super-awkward.58122/",
    "category": [
        "in-game"
    ],
    "id": "maxTinyPoles",
    "priority": 100,
    "enabled": true
}
