{
    "context": "client",
    "identifier": "com.pa.raevn.rcommanderhp",
    "display_name": "Commander HUD",
    "description": "Adds a HUD that tracks your commander's health and more!",
    "author": "LavaSnake, raevn, and others",
    "version": "3.3",
    "build": "68331",
    "date": "2014/7/3",
    "signature": "not yet implemented",
    "forum": "https://forums.uberent.com/threads/wip-commander-hud-v3.59137/",
    "category": [
        "in-game",
        "ui"
    ],
    "priority": 100,
    "live_game": [
        "coui://ui/mods/rCommanderHP/rCommanderHP.css",
        "coui://ui/mods/rCommanderHP/rCommanderHP.js"
    ],
    "dependencies": [
        "com.pa.raevn.rfloatframe"
    ],
    "icon": "http://pamods.github.io/icons/ComHUDIcon.png",
    "enabled": true
}