{
    "context": "client",
    "identifier": "com.pa.conundrum.cGenesisDevice",
    "display_name": "Genesis Device",
    "description": "Advanced System Designer tools. Allows you to build more accurate ellipses by allowing an easier use of Polar Coordinate System instead of the old X&Y Cartesian Coordinate System.",
    "author": "[RLM]Total Annihilation, Captain Conundrum",
    "version": "1.0.0",
    "build": "73823",
    "date": "2014/10/13",
    "signature": "not yet implemented",
    "forum": "https://forums.uberent.com/threads/rel-the-genesis-device.65187/",
    "category": [
        "system-editor",
        "ui"
    ],
    "scenes": {
        "system_editor": [
            "coui://ui/mods/cGenesisDevice/cGenesisDevice.js",
            "coui://ui/mods/cGenesisDevice/orbital_voodoo/voodoo_math.js",
            "coui://ui/mods/cGenesisDevice/orbital_voodoo/voodoo_ui.js",
            "coui://ui/mods/cGenesisDevice/orbital_voodoo/voodoo_style.css"
        ]
    },
    "id": "cGenesisDevice",
    "icon": "http://i.imgur.com/JuY1JUy.png",
    "priority": 100,
    "enabled": true
}