{
    "author": "wondible",
    "build": "66943",
    "category": [
        "in-game",
        "ui"
    ],
    "context": "client",
    "date": "2014/06/08",
    "description": "Use secondary color for icon outlines, and white for selected.",
    "display_name": "Two Color Icons",
    "enabled": true,
    "forum": "https://forums.uberent.com/threads/wip-two-color-icons.60568/",
    "id": "two_color_icons",
    "identifier": "com.wondible.pa.two_color_icons",
    "priority": 100,
    "requires": [],
    "signature": "not yet implemented",
    "version": "1.0.0"
}
