{
    "context": "client",
    "identifier": "com.pa.proeleert.nostarfield",
    "display_name": "NoStarField",
    "description": "Removes the StarField Animation from Home",
    "author": "proeleert",
    "version": "1.0.0",
    "build": "58772",
    "date": "2013/12/23",
    "signature": "not yet implemented",
    "forum": "https://forums.uberent.com/threads/rel-static-menu-58197.54758/",
    "category": [
        "ui"
    ],
    "id": "nostarfield",
    "priority": 100,
    "enabled": true
}