{
    "name": "sandbox",
    "color": [
        0.74,
        0.33,
        0.20,
        1
    ],
    "base_texture": "/pa/terrain/mountain/textures/base/mountain_tile_diffuse.papa",
    "normal_texture": "/pa/terrain/mountain/textures/base/mountain_tile_normal.papa",
    "layers": [
        {
            "note": "1",
            "disable": true
        },
        {
            "note": "2",
            "disable": false,
            "noise": {
                "scale": 1,
                "zoom": 2,
                "type": "simplex",
                "simplex_scale": 10,
                "simplex_octaves": 5,
                "simplex_persistence": 0.8
            }
        },
        {
            "note": "3",
            "disable": false,
            "noise": {
                "scale": 1,
                "zoom": 2,
                "type": "simplex",
                "simplex_scale": 10
            }
        },
        {
            "note": "4",
            "inherit_noise": true
        },
        {
            "inherit_noise": true
        },
        {
            "inherit_noise": true
        },
        {
            "inherit_noise": true
        },
        {
            "inherit_noise": true
        },
        {
            "inherit_noise": true
        },
        {
            "inherit_noise": true
        },
        {
            "inherit_noise": true
        },
        {
            "inherit_noise": true
        },
        {
            "inherit_noise": true
        },
        {
            "inherit_noise": true
        },
        {
            "inherit_noise": true
        },
        {
            "inherit_noise": true
        },
        {
            "inherit_noise": true
        },
        {
            "inherit_noise": true
        },
        {
            "inherit_noise": true
        },
        {
            "inherit_noise": true
        },
        {
            "inherit_noise": true
        }
    ],
    "brushes": [
        {
            "layer": 3,
            "brush_spec": "/pa/terrain/mountain/brushes/mountain_pit_02.json",
            "op": "BO_Subtract",
            "proj": "BP_None",
            "noise_range": [
                0,
                0.6
            ],
            "biome_distance_range": [
            	0,
            	null
            ],
            "threshold": 1,
            "weight": 0.3,
            "weight_scale": 0.02,
            "bias": 1,
            "scale": [
                2.3,
                2.3,
                8
            ],
            "scale_variation": 0.15
        }
    ],
    "features": [],
    "decals": [
        {
            "layer": 8,
            "bias": 100,
            "noise_range": [
                0,
                1
            ],
            "elevation_range": [
                -1,
                1
            ],
            "pos_range": [
                0,
                0
            ],
            "scale": [
                50,
                50,
                1
            ],
            "scale_variation": 0,
            "count": 1,
            "material_spec": "/pa/terrain/mountain/decals/mountain_decal_01.json"
        },
        {
            "layer": 9,
            "bias": 200,
            "noise_range": [
                0,
                1
            ],
            "pos_range": [
                0.2,
                0.2
            ],
            "elevation_range": [
                -1,
                1
            ],
            "biome_distance_range": [
                0,
                5
            ],
            "scale": [
                60,
                60,
                1
            ],
            "scale_variation": 0.2,
            "count": 1,
            "material_spec": "/pa/terrain/mountain/decals/mountain_decal_02.json"
        },
        {
            "layer": 10,
            "bias": 200,
            "noise_range": [
                0.5,
                0.6
            ],
            "pos_range": [
                0.2,
                0.2
            ],
            "elevation_range": [
                -1,
                1
            ],
            "scale": [
                50,
                50,
                1
            ],
            "scale_variation": 0,
            "count": 1,
            "material_spec": "/pa/terrain/mountain/decals/mountain_decal_03.json"
        }
    ]
}