{
    "context": "client",
    "identifier": "com.pa.werty.wEconomyGraph",
    "display_name": "Live Economy Graphs",
    "description": "Shows a live graph depicting your Energy and Metal income history.",
    "author": "The Magnificent Werty",
    "version": "0.1.3",
    "build": "62443",
    "date": "2014/03/07",
    "forum": "https://forums.uberent.com/threads/rel-live-economy-graphs-v0-1-0.57602/",
    "icon": "http://pamods.github.io/icons/wEconomyGraph.png",
    "category": [
        "in-game",
        "ui"
    ],
    "id": "wEconomyGraph",
    "priority": 100,
    "live_game": [
        "coui://ui/mods/wEconomyGraphs/smoothie.js",
        "coui://ui/mods/wEconomyGraphs/init.js",
        "coui://ui/mods/wEconomyGraphs/economygraphs.css"
    ],
    "requires": [
        "rFloatFrame"
    ],
    "enabled": true
}