{"base_spec":"/pa/units/land/base_vehicle/base_vehicle.json","display_name":"Sheller","description":"Mobile Artillery: Mobile Artillery","display_group":60,"display_index":100,"max_health":125,"build_metal_cost":575,"attachable":{"offsets":{"root":[0,0,0],"head":[0,0,3.1]}},"unit_types":["UNITTYPE_Tank","UNITTYPE_Mobile","UNITTYPE_Land","UNITTYPE_Artillery","UNITTYPE_Advanced","UNITTYPE_FactoryBuild"],"transportable":{"size":1},"guard_radius":180,"guard_layer":"WL_AnySurface","navigation":{"type":"land-small","acceleration":500,"brake":500,"move_speed":5,"turn_speed":45},"physics":{"radius":6,"push_class":60},"recon":{"observer":{"items":[{"layer":"surface_and_air","channel":"sight","shape":"capsule","radius":10000}]}},"model":{"filename":"/pa/units/land/tank_heavy_mortar/tank_heavy_mortar.papa","animtree":"/pa/anim/anim_trees/turret.json","arrows":5},"nearby_target_tick_update_interval":15,"tools":[{"spec_id":"/pa/units/land/tank_heavy_mortar/tank_heavy_mortar_tool_weapon.json","aim_bone":"socket_aim","muzzle_bone":"socket_muzzle"}],"events":{"build_complete":{"audio_cue":"/SE/Build_Complete/veh"},"firing":{"audio_cue":"/SE/Weapons/veh/tank_heavy_mortar_fire"},"died":{"audio_cue":"/SE/Death/Veh","effect_scale":1.4}},"audio":{"loops":{"move":{"cue":"/SE/Movement/veh/tank_heavy_mortar_loop","flag":"vel_changed","should_start_func":"is_moving","should_stop_func":"is_not_moving"}}},"TEMP_texelinfo":9.31488}