{ "author" : "wondible", "build" : "63234", "category" : [ "in-game", "ui" ], "context" : "client", "date" : "2014/03/23", "description" : "Status bar that emphasises income and expense so that they can be visually compared.", "display_name" : "Gross Economy", "enabled" : true, "forum" : "https://forums.uberent.com/threads/rel-gross-economy-v1-0.56640/", "id" : "gross_economy", "identifier" : "com.wondible.pa.gross_economy", "priority" : 100, "requires" : null, "scenes" : { "live_game_econ" : [ "coui://ui/mods/gross_economy/status_bar.css", "coui://ui/mods/gross_economy/bootstrap.js" ] }, "signature" : "not yet implemented", "version" : "2.0.1" }