{
    "context": "client",
    "identifier": "local.pownie.pamod.lobbycountdown",
    "display_name": "Countdown before game start",
    "description": "Sends a count down via chat when starting a game",
    "author": "pownie",
    "version": "1",
    "build": "62409",
    "date": "2014/03/05",
    "signature": "(not yet implemented)",
    "forum": "https://forums.uberent.com/threads/rel-new-game-courtesy-countdown-v1.57492/",
    "category": [
        "ui"
    ],
    "id": "powLobbyCountdown",
    "priority": 100,
    "scenes": {
        "new_game": [
            "coui://ui/mods/powLobbyCountdown/powLobbyCountdown.css",
            "coui://ui/mods/powLobbyCountdown/powLobbyCountdown.js"
        ]
    },
    "enabled": true
}