{
    "context": "client",
    "identifier": "com.pa.gtc.settingsmanager",
    "display_name": "GTC Settings Manager",
    "description": "Framework for extended settings",
    "author": "gonzo4711",
    "version": "2.0",
    "signature": "not yet implemented",
    "priority": 11,
    "id": "gtcSettingsManager",
    "forum": "https://forums.uberent.com/threads/wip-more-settings-manager.61034/",
    "category": [
        "Framework"
    ],
    "icon": "http://pamods.github.io/icons/gtcsettingsm.png",
    "scenes": {
        "settings": [
            "coui://ui/mods/gtcSettingsManager/gtcSettingsManager.js",
            "coui://ui/mods/gtcSettingsManager/gtcSettingsManager.css"
        ]
    },
    "global_mod_list": [
        "coui://ui/mods/gtcSettingsManager/gtcSettingsManager_global.js"
    ],
    "date": "2014/08/02",
    "build": "69721",
    "enabled": true,
    "dependencies": []
}