{
  "author": "wondible",
  "build": "62225",
  "category": ["in-game", "ui"],
  "context": "client",
  "date": "2014/03/11",
  "description": "Allow players and systems panels to be toggled always-on. Expected to be obsolete post-62519.",
  "display_name": "Stay Down",
  "enabled": true,
  "forum": "https://forums.uberent.com/threads/wip-stay-down.57424/",
  "id": "stay_down",
  "identifier": "com.wondible.pa.stay_down",
  "priority": 100,
  "requires": [],
  "scenes": {
    "live_game": [
      "coui://ui/mods/stay_down/stay_down.css",
      "coui://ui/mods/stay_down/stay_down.js"
    ]
  },
  "signature": "not yet implemented",
  "version": "1.1.0"
}

