{
    "context": "client",
    "identifier": "net.corang.corTestEnvironment",
    "display_name": "Mod Test Environment",
    "description": "Adds test option to AI difficulty dropdown that sets AI economic multiplier to -1",
    "author": "Corang",
    "version": "1.0",
    "build": "62110",
    "date": "2014/03/02",
    "signature": "not yet implemented",
    "forum": "https://forums.uberent.com/threads/rel-testing-environment-for-mods-etc.57225/",
    "category": [
        "ui"
    ],
    "id": "corTestEnvironment",
    "priority": 100,
    "enabled": true
}