{"ammo_type":"Projectile","flight_type":"Staged","damage":0,"splash_damage":0,"splash_radius":0,"initial_velocity":75.0,"max_velocity":75.0,"turn_rate":90,"lifetime":0,"audio_loop":"/SE/Movement/missile/orbital_missile_fly_loop","build_metal_cost":1,"cruise_height":150,"splash_damages_allies":"false","attachable":{"offsets":{"root":[0,0,0]}},"model":{"filename":"/pa/units/air/missile_orbital/missile_orbital.papa"},"physics":{"layer":"air","radius":10,"push_class":1,"gravity_scalar":3,"ignore_gravity":true,"add_to_spatial_db":false,"allow_underground":true},"fx_trail":{"filename":"/pa/units/land/anti_nuke_launcher/anti_nuke_launcher_ammo_trail.pfx","offset":[0.0,16.8,0.0]},"events":{"died":{"audio_cue":"/SE/Impacts/missile_orbital","effect_spec":"/pa/units/land/anti_nuke_launcher/anti_nuke_launcher_ammo_explosion.pfx","effect_world_aligned":false}},"stages":[{"ignores_gravity":true,"ignores_LOS":true,"stage_duration":300,"stage_turn_rate":0,"rotates_to_velocity":true},{"ignores_gravity":true,"ignores_LOS":true,"stage_duration":0,"stage_turn_rate":90,"climb_angle":45,"stage_change_height":200,"rotates_to_velocity":true},{"apply_thrust":false,"ignores_gravity":false,"ignores_LOS":false,"stage_duration":1000,"climb_angle":45,"rotates_to_velocity":true},{"release_payload":true,"apply_thrust":false,"ignores_gravity":false,"ignores_LOS":false,"stage_duration":0,"rotates_to_velocity":true,"die_here":true}]}