{ "author" : "DeathByDenim", "build" : "59607", "category" : [ "ui" ], "context" : "client", "date" : "2014/01/24", "description" : "Automatically select your favourite colour in the lobby.", "description_de" : "Wahl automatisch Ihre Lieblingsfarbe in der Lobby.", "description_fr" : "Choisissez automatiquement votre couleur pr\u00e9f\u00e9r\u00e9e dans l'entr\u00e9e.", "description_nl" : "Kies automatisch je lievelingskleur in de lobby.", "display_name" : "Favourite Colour", "display_name_de" : "Lieblingsfarbe", "display_name_fr" : "Couleur pr\u00e9f\u00e9r\u00e9e.", "display_name_nl" : "Lievelingskleur", "enabled" : true, "forum" : "https://forums.uberent.com/threads/rel-favourite-colour-v1-2.55782/", "global_mod_list" : [ "coui://ui/mods/dFavouriteColour/dFavouriteColour_global.js" ], "icon" : "http://pamods.github.io/icons/dFavouriteColour.png",  "id" : "dFavouriteColour", "identifier" : "com.pa.DeathByDenim.dFavouriteColour", "lobby" : [ "coui://ui/mods/dFavouriteColour/dFavouriteColour_lobby.js" ], "priority" : 100, "requires" : [ "rSettingsManager" ], "settings" : [ "coui://ui/mods/dFavouriteColour/dFavouriteColour_settings.js" ], "signature" : "not yet implemented", "version" : "1.2" }
