{ "author" : "DeathByDenim", "build" : "59607", "category" : [ "ui" ], "context" : "client", "date" : "2014/01/24", "description" : "Automatically select your favourite colour in the lobby.", "display_name" : "Favourite Colour", "enabled" : true, "forum" : "https://forums.uberent.com/threads/rel-favourite-colour-v1-2.55782/", "global_mod_list" : [ "coui://ui/mods/dFavouriteColour/dFavouriteColour_global.js" ], "id" : "dFavouriteColour", "identifier" : "com.pa.DeathByDenim.dFavouriteColour", "lobby" : [ "coui://ui/mods/dFavouriteColour/dFavouriteColour_lobby.js" ], "priority" : 100, "requires" : [ "rSettingsManager" ], "settings" : [ "coui://ui/mods/dFavouriteColour/dFavouriteColour_settings.js" ], "signature" : "not yet implemented", "version" : "1.2" }
