{
    "context": "client",
    "identifier": "com.pa.shalkka.sTeamNotes",
    "display_name": "Team Notes",
    "description": "Organise information in teams",
    "description_fi": "Tiimity�skentelyn tiedonhallintaan",
    "author": "Shalkka",
    "version": "v0.1",
    "build": "64498",
    "date": "2014/04/23",
    "signature": "not yet implemented",
    "forum": "https://forums.uberent.com/threads/dev-request-team-task-list.58385/",
    "category": [
        "in-game",
        "ui"
    ],
    "scenes": {
        "live_game": [
            "coui://ui/mods/sTeamNotes/sTeamNotes.js",
            "coui://ui/mods/sTeamNotes/sTeamNotes.css"
        ]
    },
    "id": "sTeamNotes",
    "priority": 100,
    "enabled": true
}