{"model":{"filename":"/pa/units/sea/fabrication_ship/fabrication_ship.papa","animtree":"/pa/anim/anim_trees/fabrication_turret.json"},"base_spec":"/pa/units/sea/base_ship/base_ship.json","transportable":{"size":1},"physics":{"shape":"box","radius":6,"allow_pushing":true,"push_class":2},"spawn_layers":"WL_WaterSurface","recon":{"observer":{"items":[{"shape":"capsule","radius":100,"channel":"sight","layer":"surface_and_air"}]}},"mesh_bounds":[5,8,5],"audio":{"loops":{"move":{"flag":"vel_changed","should_start_func":"is_moving","cue":"/SE/Movement/sea/Fab_ship_loop","should_stop_func":"is_not_moving"},"build":{"flag":"build_target_changed","should_start_func":"has_build_target","cue":"/SE/Construction/Fab_contruction_beam_loop","should_stop_func":"no_build_target"}}},"display_index":80,"tools":[{"spec_id":"/pa/units/sea/fabrication_ship/fabrication_ship_build_arm.json","aim_bone":"bone_root"}],"TEMP_texelinfo":7.50603,"build_metal_cost":800,"unit_types":["UNITTYPE_Fabber","UNITTYPE_Construction","UNITTYPE_Naval","UNITTYPE_Mobile","UNITTYPE_Basic","UNITTYPE_FactoryBuild"],"command_caps":["ORDER_Move","ORDER_Patrol","ORDER_Build","ORDER_Reclaim","ORDER_Repair","ORDER_Assist"],"navigation":{"acceleration":3,"brake":7,"turn_speed":40,"type":"water","move_speed":10},"events":{"build_complete":{"audio_cue":"/SE/Build_Complete/fab"},"died":{"audio_cue":"/SE/Death/Sea"}},"fx_offsets":[{"orientation":[0,0,0],"filename":"/pa/effects/specs/fab_spray.pfx","offset":[0.585,-2.948,-0.236],"bone":"bone_pitch","type":"build"},{"offset":[-0.585,-2.948,-0.236],"orientation":[0,0,0],"filename":"/pa/effects/specs/fab_spray.pfx","type":"build","bone":"bone_pitch"}],"display_group":100,"max_health":100,"buildable_types":"Naval & Structure & Basic | Naval & Factory & Advanced | Air & Factory & Basic | FabBuild","description":"Fabricator: Builds naval structures","display_name":"Fabrication Ship","attachable":{"offsets":{"head":[0,0,4],"root":[0,0,0]}}}