{
    "context": "client",
    "identifier": "info.nanodesu.EcoEffv2",
    "display_name": "Economy Efficiency v2",
    "description": "Improves the Eco Information bars",
    "author": "Stan_petit_cul, Cola_colin",
    "version": "2.0",
    "build": "62519",
    "date": "2014/03/13",
    "signature": "not yet implemented",
    "forum": "TODO",
    "category": [
        "in-game",
        "ui"
    ],
    "id": "EcoEffv2",
    "icon": "http://pamods.github.io/icons/EcoEff.png",
    "priority": 100,
    "scenes": {
        "live_game_econ": [
            "coui://ui/mods/EcoEffv2/live_game_econ.css",
            "coui://ui/mods/EcoEffv2/live_game_econ.js"
        ],
        "live_game": [
            "coui://ui/mods/EcoEffv2/live_game.js"
        ]
    },
    "enabled": true
}