{
	"base_spec": "/pa/units/land/base_structure/base_structure.json",
	"display_name": "Single Laser Defense Tower",
	"description": "Defense: Direct fire anti-land, and anti-ship defense",
	"display_group": 20,
	"display_index": 95,
	"max_health": 400,
	"build_metal_cost": 100,
	"atrophy_rate": 10.0,
	"atrophy_cool_down": 30.0,
	"spawn_layers": "WL_AnyHorizontalGroundOrWaterSurface",
	"unit_types": ["UNITTYPE_Structure",
	"UNITTYPE_Basic",
	"UNITTYPE_Land",
	"UNITTYPE_SurfaceDefense",
	"UNITTYPE_Defense",
	"UNITTYPE_FabBuild",
	"UNITTYPE_CmdBuild"],
	"command_caps": ["ORDER_Attack"],
	"guard_radius": 120,
	"guard_layer": "WL_AnySurface",
	"recon": {
		"observer": {
			"items": [{
				"layer": "surface_and_air",
				"channel": "sight",
				"shape": "capsule",
				"radius": 130
			}]
		}
	},
	"model": [{
		"layer": "WL_LandHorizontal",
		"filename": "/pa/units/land/laser_defense_single/laser_defense_single.papa",
		"animtree": "/pa/anim/anim_trees/defense_turret_single.json",
		"skirt_decal": "/pa/effects/specs/skirt_defense.json"
	},
	{
		"layer": "WL_WaterSurface",
		"filename": "/pa/units/sea/floating_laser_single/floating_laser_single.papa",
		"animtree": "/pa/anim/anim_trees/defense_turret_single.json"
	}],
	"tools": [{
		"spec_id": "/pa/units/land/laser_defense_single/laser_defense_single_tool_weapon.json",
		"aim_bone": "bone_pitch",
		"muzzle_bone": ["socket_muzzle"]
	}],
	"events": {
		"build_complete": {
			"audio_cue": "/SE/Build_Complete/structure_small"
		},
		"firing": {
			"audio_cue": "/SE/Weapons/structure/laser_defence_fire",
			"effect_spec": "/pa/effects/specs/default_muzzle_flash.pfx socket_muzzle"
		},
		"died": {
			"audio_cue": "/SE/Death/structure_small",
			"effect_scale": 0.3
		}
	},
	"mesh_bounds": [5,
	5.76558,
	16.0541],
	"area_build_separation": 6,
	"TEMP_texelinfo": 10.2184
}