{
    "context": "client",
    "identifier": "net.orfjackal.pa-build-power",
    "display_name": "Build Power",
    "description": "Shows the fabrication rate and energy consumption of the selected units and factories",
    "author": "ORFJackal",
    "version": "1.1.1",
    "build": "61250",
    "date": "2014/02/20",
    "forum": "https://forums.uberent.com/threads/build-power.54974/",
    "icon": "http://pamods.github.io/icons/BuildPower.png",
    "category": [
        "in-game",
        "ui"
    ],
    "id": "BuildPower",
    "priority": 100,
    "live_game": [
        "coui://ui/mods/BuildPower/core.js",
        "coui://ui/mods/BuildPower/live_game/init.js",
        "coui://ui/mods/BuildPower/live_game/build_power.css"
    ],
    "enabled": true
}