{"base_spec":"/pa/units/sea/base_ship/base_ship.json","display_name":"Orca","description":"Destroyer Class: Anti-land and anti-ship guns","display_group":60,"display_index":80,"build_metal_cost":450,"max_health":750,"spawn_layers":"WL_WaterSurface","mesh_bounds":[5,40,5],"unit_types":["UNITTYPE_Naval","UNITTYPE_Mobile","UNITTYPE_Basic","UNITTYPE_FactoryBuild"],"guard_radius":240,"guard_layer":"WL_AnySurface","navigation":{"type":"water","acceleration":3,"brake":3,"move_speed":6,"turn_speed":15},"physics":{"radius":10,"shape":"box","push_class":2},"recon":{"observer":{"items":[{"layer":"surface_and_air","channel":"sight","shape":"capsule","radius":150}]}},"model":{"filename":"/pa/units/sea/destroyer/destroyer.papa","animtree":"/pa/anim/anim_trees/destroyer.json","arrows":5},"nearby_target_tick_update_interval":15,"tools":[{"spec_id":"/pa/units/sea/destroyer/destroyer_tool_weapon.json","aim_bone":"bone_pitch01","muzzle_bone":["bone_rightRecoil01","bone_leftRecoil01"]},{"spec_id":"/pa/units/sea/destroyer/destroyer_tool_weapon.json","aim_bone":"bone_pitch01","muzzle_bone":"bone_leftRecoil01"},{"spec_id":"/pa/units/sea/destroyer/destroyer_tool_weapon.json","aim_bone":"bone_pitch02","muzzle_bone":["bone_rightRecoil02","bone_leftRecoil02"]},{"spec_id":"/pa/units/sea/destroyer/destroyer_tool_weapon.json","aim_bone":"bone_pitch02","muzzle_bone":"bone_leftRecoil02"}],"events":{"build_complete":{"audio_cue":"/SE/Build_Complete/sea"},"firing":{"audio_cue":"/SE/Weapons/sea/destroyer_fire"},"died":{"audio_cue":"/SE/Death/Sea_large"}},"audio":{"loops":{"move":{"cue":"/SE/Movement/sea/destroyer_loop","flag":"vel_changed","should_start_func":"is_moving","should_stop_func":"is_not_moving"}}},"TEMP_texelinfo":22.1895}