{
    "context": "client",
    "identifier": "net.sirscruff.sirHighlightedBuildings",
    "display_name": "Highlighted Buildings",
    "description": "Green: Economic - Blue: Factories - Red: Strategic - Yellow: Defensive -- T2 Buildings have a more intense glow",
    "author": "sirscruff - packaging:Corang",
    "version": "1.1",
    "build": "63234",
    "date": "2014/03/25",
    "forum": "https://forums.uberent.com/threads/mod-help-highlighted-buildings-bar.57879/",
    "signature": "not yet implemented",
    "category": [
        "in-game",
        "ui"
    ],
    "id": "sirHighlightedBuildings",
    "icon": "http://pamods.github.io/icons/sirHighlightedBuildings.png",
    "enabled": true,
    "priority": 100
}
