{
   "uber":[
      {
         "name":"general",
         "keybinds":[
            {
               "group":"general",
               "action":"show/hide UI",
               "binding":"ctrl+u",
               "value":"ctrl+u",
               "bound":true
            },
            { "action" : "show/hide AR",
              "conflicted" : false,
              "default" : "ctrl+y",
              "dirty" : false,
              "group" : "general",
              "value" : "ctrl+y"
            },            
            {
               "group":"general",
               "action":"show/hide performance panel",
               "binding":"ctrl+p",
               "value":"ctrl+p",
               "bound":true
            },
            {
               "group":"general",
               "action":"toggle music",
               "binding":"ctrl+s",
               "value":"ctrl+s",
               "bound":true
            },
            {
               "group":"general",
               "action":"toggle fullscreen",
               "binding":"",
               "value" : "alt+enter",
               "bound":true
            },
            {
               "group":"general",
               "action":"normal chat",
               "binding":"enter",
               "value":"enter",
               "bound":true
            },
            {
               "group":"general",
               "action":"team chat",
               "binding":"shift+enter",
               "value":"shift+enter",
               "bound":true
            },
            {
               "group":"general",
               "action":"twitch chat",
               "binding":"ctrl+enter",
               "value":"ctrl+enter",
               "bound":true
            },
            {
               "group":"general",
               "action":"toggle pips",
               "binding":"f6",
               "value":"f6",
               "bound":true
            },
            {
               "group":"general",
               "action":"swap pips",
               "binding":"f7",
               "value":"f7",
               "bound":true
            },
            {
               "group":"general",
               "action":"copy to pip",
               "binding":"",
               "value":"",
               "bound":true
            }
         ]
      },
      {
         "name":"gameplay",
         "keybinds":[
            {
               "group":"gameplay",
               "action":"command mode [move]",
               "binding":"",
               "bound":true
            },
            {
               "group":"gameplay",
               "action":"command mode [attack]",
               "binding":"",
               "bound":true
            },
            {
               "group":"gameplay",
               "action":"command mode [assist]",
               "binding":"",
               "bound":true
            },
            {
               "group":"gameplay",
               "action":"command mode [repair]",
               "binding":"",
               "bound":true
            },
            {
               "group":"gameplay",
               "action":"command mode [reclaim]",
               "binding":"",
               "bound":true
            },
            {
               "group":"gameplay",
               "action":"command mode [patrol]",
               "binding":"",
               "bound":true
            },
            {
               "group":"gameplay",
               "action":"command mode [special move]",
               "binding":"",
               "bound":true
            },
            {
               "group":"gameplay",
               "action":"command mode [unload]",
               "binding":"",
               "bound":true
            },
            {
               "group":"gameplay",
               "action":"command mode [alt fire]",
               "binding":"u",
               "bound":true
            },
            {
               "group":"gameplay",
               "action":"command mode [ping]",
               "binding":"g",
               "bound":true
            },
            {
               "group":"gameplay",
               "action":"stop command",
               "binding":"",
               "bound":true
            },
            {
               "group":"gameplay",
               "action":"next build tab",
               "binding":"",
               "bound":true
            },
            {
               "group":"gameplay",
               "action":"fire at will",
               "binding":"",
               "bound":true
            },
            {
               "group":"gameplay",
               "action":"return fire",
               "binding":"",
               "bound":true
            },
            {
               "group":"gameplay",
               "action":"hold fire",
               "binding":"",
               "bound":true
            },
            {
               "group":"gameplay",
               "action":"toggle fire orders",
               "binding":"",
               "bound":true
            },
            {
               "group":"gameplay",
               "action":"maneuver",
               "binding":"",
               "bound":true
            },
            {
               "group":"gameplay",
               "action":"roam",
               "binding":"",
               "bound":true
            },
            {
               "group":"gameplay",
               "action":"hold position",
               "binding":"",
               "bound":true
            },
            {
               "group":"gameplay",
               "action":"toggle move orders",
               "binding":"",
               "bound":true
            },
            {
               "group":"gameplay",
               "action":"on",
               "binding":"",
               "bound":true
            },
            {
               "group":"gameplay",
               "action":"off",
               "binding":"",
               "bound":true
            },
            {
               "group":"gameplay",
               "action":"toggle energy orders",
               "binding":"",
               "bound":true
            },
            {
               "group":"gameplay",
               "action":"build once",
               "binding":"",
               "bound":true
            },
            {
               "group":"gameplay",
               "action":"build loop",
               "binding":"",
               "bound":true
            },
            {
               "group":"gameplay",
               "action":"toggle build orders",
               "binding":"",
               "bound":true
            },
            {
               "group":"gameplay",
               "action":"enable navigation debug info",
               "binding":"",
               "bound":true
            },
            {
               "group":"gameplay",
               "action":"disable navigation debug info",
               "binding":"",
               "bound":true
            },
            {
               "group":"gameplay",
               "action":"select commander",
               "binding":"",
               "bound":true
            },
            {
               "group":"gameplay",
               "action":"select idle fabbers",
               "binding":"p",
               "value":"p",
               "bound":true
            },
            {
               "group":"gameplay",
               "action":"select all factories",
               "binding":"shift+f1",
               "value":"shift+f1",
               "bound":true
            },
            {
               "group":"gameplay",
               "action":"select all idle factories",
               "binding":"o",
               "value":"o",
               "bound":true
            },
            {
               "group":"gameplay",
               "action":"select all factories on screen",
               "binding":"shift+f3",
               "value":"shift+f3",
               "bound":true
            },
            {
               "group":"gameplay",
               "action":"select all idle factories on screen",
               "binding":"m",
               "value":"m",
               "bound":true
            },
            {
               "group":"gameplay",
               "action":"select all combat units",
               "binding":"ctrl+shift+f6",
               "value":"ctrl+shift+f6",
               "bound":true
            },
            {
               "group":"gameplay",
               "action":"select all combat units on screen",
               "binding":"shift+f6",
               "value":"shift+f6",
               "bound":true
            },
            {
               "group":"gameplay",
               "action":"select all air combat units on screen",
               "binding":"shift+f8",
               "value":"shift+f8",
               "bound":true
            },
            {
               "group":"gameplay",
               "action":"select all naval combat units on screen",
               "binding":"shift+f9",
               "value":"shift+f9",
               "bound":true
            },
            {
               "group":"gameplay",
               "action":"select all land combat units on screen",
               "binding":"shift+f7",
               "value":"shift+f7",
               "bound":true
            },
            {
               "group":"gameplay",
               "action":"select all air combat units",
               "binding":"ctrl+shift+f8",
               "value":"ctrl+shift+f8",
               "bound":true
            },
            {
               "group":"gameplay",
               "action":"select all naval combat units",
               "binding":"ctrl+shift+f9",
               "value":"ctrl+shift+f9",
               "bound":true
            },
            {
               "group":"gameplay",
               "action":"select all land combat units",
               "binding":"ctrl+shift+f7",
               "value":"ctrl+shift+f7",
               "bound":true
            },
            {
               "group":"gameplay",
               "action":"select all matching units on screen",
               "binding":".",
               "value":".",
               "bound":true
            },
            {
               "group":"gameplay",
               "action":"track selection with camera",
               "binding":"j",
               "value":"j",
               "bound":true
            },
            {
               "group":"gameplay",
               "action":"self destruct selected unit",
               "binding":"del",
               "value":"del",
               "bound":true
            },
            {
               "group":"gameplay",
               "action":"resume at latest time",
               "binding":"",
               "bound":true
            },
            {
               "group":"gameplay",
               "action":"pause time",
               "binding":"",
               "bound":true
            },
            {
               "group":"gameplay",
               "action":"play forward at 100%",
               "binding":"",
               "bound":true
            },
            {
               "group":"gameplay",
               "action":"play backwards at 100%",
               "binding":"",
               "bound":true
            },
            {
               "group":"gameplay",
               "action":"play forward at 50%",
               "binding":"",
               "bound":true
            },
            {
               "group":"gameplay",
               "action":"play backwards at 50%",
               "binding":"",
               "bound":true
            },
            {
               "group":"gameplay",
               "action":"last pseudo frame",
               "bound":true
            },
            {
               "group":"gameplay",
               "action":"next pseudo frame",
               "bound":true
            },
            {
               "group":"gameplay",
               "action":"capture group 1",
               "binding":"ctrl+1",
               "value":"ctrl+1",
               "bound":true
            },
            {
               "group":"gameplay",
               "action":"capture group 2",
               "binding":"ctrl+2",
               "value":"ctrl+2",
               "bound":true
            },
            {
               "group":"gameplay",
               "action":"capture group 3",
               "binding":"ctrl+3",
               "value":"ctrl+3",
               "bound":true
            },
            {
               "group":"gameplay",
               "action":"capture group 4",
               "binding":"ctrl+4",
               "value":"ctrl+4",
               "bound":true
            },
            {
               "group":"gameplay",
               "action":"capture group 5",
               "binding":"ctrl+5",
               "value":"ctrl+5",
               "bound":true
            },
            {
               "group":"gameplay",
               "action":"capture group 6",
               "binding":"ctrl+6",
               "value":"ctrl+6",
               "bound":true
            },
            {
               "group":"gameplay",
               "action":"capture group 7",
               "binding":"ctrl+7",
               "value":"ctrl+7",
               "bound":true
            },
            {
               "group":"gameplay",
               "action":"capture group 8",
               "binding":"ctrl+8",
               "value":"ctrl+8",
               "bound":true
            },
            {
               "group":"gameplay",
               "action":"capture group 9",
               "binding":"ctrl+9",
               "value":"ctrl+9",
               "bound":true
            },
            {
               "group":"gameplay",
               "action":"capture group 0",
               "binding":"ctrl+0",
               "value":"ctrl+0",
               "bound":true
            },
            {
               "group":"gameplay",
               "action":"recall group 1",
               "binding":"1",
               "value":"1",
               "bound":true
            },
            {
               "group":"gameplay",
               "action":"recall group 2",
               "binding":"2",
               "value":"2",
               "bound":true
            },
            {
               "group":"gameplay",
               "action":"recall group 3",
               "binding":"3",
               "value":"3",
               "bound":true
            },
            {
               "group":"gameplay",
               "action":"recall group 4",
               "binding":"4",
               "value":"4",
               "bound":true
            },
            {
               "group":"gameplay",
               "action":"recall group 5",
               "binding":"5",
               "value":"5",
               "bound":true
            },
            {
               "group":"gameplay",
               "action":"recall group 6",
               "binding":"6",
               "value":"6",
               "bound":true
            },
            {
               "group":"gameplay",
               "action":"recall group 7",
               "binding":"7",
               "value":"7",
               "bound":true
            },
            {
               "group":"gameplay",
               "action":"recall group 8",
               "binding":"8",
               "value":"8",
               "bound":true
            },
            {
               "group":"gameplay",
               "action":"recall group 9",
               "binding":"9",
               "value":"9",
               "bound":true
            },
            {
               "group":"gameplay",
               "action":"recall group 0",
               "binding":"0",
               "value":"0",
               "bound":true
            }
         ]
      },
      { "keybinds" : [ { "action" : "start build utility",
              "conflicted" : false,
              "default" : "",
              "dirty" : false,
              "group" : "build structure",
              "value" : ""
            },
            { "action" : "start build factory",
              "conflicted" : false,
              "default" : "",
              "dirty" : false,
              "group" : "build structure",
              "value" : ""
            },
            { "action" : "start build combat",
              "conflicted" : false,
              "default" : "",
              "dirty" : false,
              "group" : "build structure",
              "value" : ""
            }
          ],
        "name" : "build structure"
      },
      { "keybinds" : [ { "action" : "start build vehicle",
              "conflicted" : false,
              "default" : "",
              "dirty" : false,
              "group" : "build unit",
              "value" : ""
            },
            { "action" : "start build bot",
              "conflicted" : false,
              "default" : "",
              "dirty" : false,
              "group" : "build unit",
              "value" : ""
            },
            { "action" : "start build air",
              "conflicted" : false,
              "default" : "",
              "dirty" : false,
              "group" : "build unit",
              "value" : ""
            },
            { "action" : "start build sea",
              "conflicted" : false,
              "default" : "",
              "dirty" : false,
              "group" : "build unit",
              "value" : ""
            },
            { "action" : "start build orbital",
              "conflicted" : false,
              "default" : "",
              "dirty" : false,
              "group" : "build unit",
              "value" : ""
            }
          ],
        "name" : "build unit"
      },
      { "keybinds" : [ { "action" : "build item 1",
              "conflicted" : false,
              "default" : "",
              "dirty" : false,
              "group" : "build",
              "value" : ""
            },
            { "action" : "build item 2",
              "conflicted" : false,
              "default" : "",
              "dirty" : false,
              "group" : "build",
              "value" : ""
            },
            { "action" : "build item 3",
              "conflicted" : false,
              "default" : "",
              "dirty" : false,
              "group" : "build",
              "value" : ""
            },
            { "action" : "build item 4",
              "conflicted" : false,
              "default" : "",
              "dirty" : false,
              "group" : "build",
              "value" : ""
            },
            { "action" : "build item 5",
              "conflicted" : false,
              "default" : "",
              "dirty" : false,
              "group" : "build",
              "value" : ""
            },
            { "action" : "build item 6",
              "conflicted" : false,
              "default" : "",
              "dirty" : false,
              "group" : "build",
              "value" : ""
            },
            { "action" : "build item 7",
              "conflicted" : false,
              "default" : "",
              "dirty" : false,
              "group" : "build",
              "value" : ""
            },
            { "action" : "build item 8",
              "conflicted" : false,
              "default" : "",
              "dirty" : false,
              "group" : "build",
              "value" : ""
            },
            { "action" : "build item 9",
              "conflicted" : false,
              "default" : "",
              "dirty" : false,
              "group" : "build",
              "value" : ""
            },
            { "action" : "build item 10",
              "conflicted" : false,
              "default" : "",
              "dirty" : false,
              "group" : "build",
              "value" : ""
            },
            { "action" : "build item 11",
              "conflicted" : false,
              "default" : "",
              "dirty" : false,
              "group" : "build",
              "value" : ""
            },
            { "action" : "build item 12",
              "conflicted" : false,
              "default" : "",
              "dirty" : false,
              "group" : "build",
              "value" : ""
            },
            { "action" : "build item 13",
              "conflicted" : false,
              "default" : "",
              "dirty" : false,
              "group" : "build",
              "value" : ""
            },
            { "action" : "build item 14",
              "conflicted" : false,
              "default" : "",
              "dirty" : false,
              "group" : "build",
              "value" : ""
            },
            { "action" : "build item 15",
              "conflicted" : false,
              "default" : "",
              "dirty" : false,
              "group" : "build",
              "value" : ""
            },
            { "action" : "build item 16",
              "conflicted" : false,
              "default" : "",
              "dirty" : false,
              "group" : "build",
              "value" : ""
            }
          ],
        "name" : "build"
      },      
      {
         "name":"camera",
         "keybinds":[
            {
               "group":"camera",
               "action":"capture anchor 1",
               "binding":"ctrl+f1",
               "value":"ctrl+f1",
               "bound":true
            },
            {
               "group":"camera",
               "action":"capture anchor 2",
               "binding":"ctrl+f2",
               "value":"ctrl+f2",
               "bound":true
            },
            {
               "group":"camera",
               "action":"capture anchor 3",
               "binding":"ctrl+f3",
               "value":"ctrl+f3",
               "bound":true
            },
            {
               "group":"camera",
               "action":"capture anchor 4",
               "binding":"ctrl+f4",
               "value":"ctrl+f4",
               "bound":true
            },
            {
               "group":"camera",
               "action":"capture anchor 5",
               "binding":"shift+5",
               "value":"shift+5",
               "bound":true
            },
            {
               "group":"camera",
               "action":"capture anchor 6",
               "binding":"shift+6",
               "value":"shift+6",
               "bound":true
            },
            {
               "group":"camera",
               "action":"capture anchor 7",
               "binding":"shift+7",
               "value":"shift+7",
               "bound":true
            },
            {
               "group":"camera",
               "action":"capture anchor 8",
               "binding":"shift+8",
               "value":"shift+8",
               "bound":true
            },
            {
               "group":"camera",
               "action":"capture anchor 9",
               "binding":"shift+9",
               "value":"shift+9",
               "bound":true
            },
            {
               "group":"camera",
               "action":"capture anchor 0",
               "binding":"shift+0",
               "value":"shift+0",
               "bound":true
            },
            {
               "group":"camera",
               "action":"recall anchor 1",
               "binding":"f1",
               "value":"f1",
               "bound":true
            },
            {
               "group":"camera",
               "action":"recall anchor 2",
               "binding":"f2",
               "value":"f2",
               "bound":true
            },
            {
               "group":"camera",
               "action":"recall anchor 3",
               "binding":"f3",
               "value":"f3",
               "bound":true
            },
            {
               "group":"camera",
               "action":"recall anchor 4",
               "binding":"f4",
               "value":"f4",
               "bound":true
            },
            {
               "group":"camera",
               "action":"recall anchor 5",
               "binding":"alt+5",
               "value":"alt+5",
               "bound":true
            },
            {
               "group":"camera",
               "action":"recall anchor 6",
               "binding":"alt+6",
               "value":"alt+6",
               "bound":true
            },
            {
               "group":"camera",
               "action":"recall anchor 7",
               "binding":"alt+7",
               "value":"alt+7",
               "bound":true
            },
            {
               "group":"camera",
               "action":"recall anchor 8",
               "binding":"alt+8",
               "value":"alt+8",
               "bound":true
            },
            {
               "group":"camera",
               "action":"recall anchor 9",
               "binding":"alt+9",
               "value":"alt+9",
               "bound":true
            },
            {
               "group":"camera",
               "action":"recall anchor 0",
               "binding":"alt+0",
               "value":"alt+0",
               "bound":true
            },
            {
               "group":"camera",
               "action":"set planet camera",
               "bound":true
            },
            {
               "group":"camera",
               "action":"set free camera",
               "binding":"",
               "bound":true
            },
            {
               "group":"camera",
               "action":"set debug camera",
               "binding":"",
               "bound":true
            },
            {
               "group":"camera",
               "action":"set space camera",
               "binding":"",
               "bound":true
            },
            {
               "group":"camera",
               "action":"toggle free camera",
               "binding":"",
               "bound":true
            },
            {
               "group":"camera",
               "action":"toggle debug camera",
               "binding":"",
               "bound":true
            },
            {
               "group":"camera",
               "action":"toggle space camera",
               "binding":"",
               "bound":true
            },
            {
               "group":"camera",
               "action":"zoom to surface",
               "binding":"",
               "bound":true
            },
            {
               "group":"camera",
               "action":"zoom to air",
               "binding":"",
               "bound":true
            },
            {
               "group":"camera",
               "action":"zoom to orbital",
               "binding":"",
               "bound":true
            },
            {
               "group":"camera",
               "action":"zoom to celestial",
               "binding":"",
               "bound":true
            },
            {
               "group":"camera",
               "action":"previous planet",
               "binding":"",
               "bound":true
            },
            {
               "group":"camera",
               "action":"next planet",
               "binding":"",
               "bound":true
            },
            {
               "group":"camera",
               "action":"align to pole",
               "binding":"n",
               "bound":true
            },
            {
               "group":"camera",
               "action":"increaseCameraPanSpeed",
               "binding":"",
               "bound":true
            },
            {
               "group":"camera",
               "action":"decreaseCameraPanSpeed",
               "binding":"",
               "bound":true
            },
            {
               "group":"camera",
               "action":"smooth zoom out",
               "binding":"",
               "bound":true
            },
            {
               "group":"camera",
               "action":"smooth zoom in",
               "binding":"",
               "bound":true
            },
            {
               "group":"camera",
               "action":"relax constraints",
               "binding":"",
               "bound":true
            },
            {
               "group":"camera",
               "action":"restore constraints",
               "binding":"",
               "bound":true
            }
         ]
      },
      {
         "name":"debugging",
         "keybinds":[
            {
               "group":"debugging",
               "action":"abort",
               "binding":"",
               "bound":true
            },
            {
               "group":"debugging",
               "action":"crash",
               "binding":"",
               "bound":true
            },
            {
               "group":"debugging",
               "action":"reload view",
               "binding":"f5",
               "value":"f5",
               "bound":true
            },
            {
               "group":"debugging",
               "action":"toggle audio logging",
               "binding":"",
               "bound":true
            },
            {
               "group":"debugging",
               "action":"quick profile",
               "binding":"ctrl+f11",
               "bound":true
            },
            {
               "group":"debugging",
               "action":"bug report",
               "binding":"ctrl+f10",
               "bound":true
            }
         ]
      },
      {
         "name":"hacks",
         "keybinds":[
            {
               "group":"hacks",
               "action":"copy unit",
               "binding":"",
               "bound":true
            },
            {
               "group":"hacks",
               "action":"paste unit",
               "binding":"",
               "bound":true
            },
            {
               "group":"hacks",
               "action":"set army from hover",
               "binding":"",
               "bound":true
            },
            {
               "group":"hacks",
               "action":"toggle FOW",
               "binding":"",
               "bound":true
            }
         ]
      },
      {
         "name":"hotbuild",
         "keybinds":[
            {
               "group":"hotbuild",
               "action":"Toggle Energy",
               "binding":"tab",
               "value":"tab",
               "bound":true
            },
            {
               "group":"hotbuild",
               "action":"Lock Pole",
               "binding":"",
               "bound":true
            },
            {
               "group":"hotbuild",
               "action":"Requeue",
               "binding":"y",
               "value":"y",
               "bound":true
            },
            {
               "group":"hotbuild",
               "action":"View Notification",
               "binding":"",
               "bound":true
            },
            {
               "group":"hotbuild",
               "action":"move",
               "binding":"",
               "bound":true
            },
            {
               "group":"hotbuild",
               "action":"attack",
               "binding":"a",
               "value":"a",
               "bound":true
            },
            {
               "group":"hotbuild",
               "action":"assist",
               "binding":"",
               "bound":true
            },
            {
               "group":"hotbuild",
               "action":"repair",
               "binding":"",
               "bound":true
            },
            {
               "group":"hotbuild",
               "action":"reclaim",
               "binding":"z",
               "value":"z",
               "bound":true
            },
            {
               "group":"hotbuild",
               "action":"patrol",
               "binding":"q",
               "value":"q",
               "bound":true
            },
            {
               "group":"hotbuild",
               "action":"stop",
               "binding":"h",
               "value":"h",
               "bound":true
            },
            {
               "group":"hotbuild",
               "action":"select commie",
               "binding":"",
               "bound":true
            },
            {
               "group":"hotbuild",
               "action":"unload",
               "binding":"i",
               "value":"i",
               "bound":true
            },
            {
               "group":"hotbuild",
               "action":"D-Gun",
               "binding":"",
               "bound":true
            },
            {
               "group":"hotbuild",
               "action":"Ping",
               "binding":"",
               "bound":true
            }
         ]
      }
   ],
   "hotbuildglobalkey":{
      "hotbuild1s":"w",
      "hotbuild2s":"e",
      "hotbuild3s":"r",
      "hotbuild4s":"t",
      "hotbuild5s":"f",
      "hotbuild6s":"s",
      "hotbuild7s":"x",
      "hotbuild8s":"c",
      "hotbuild9s":"v",
      "hotbuild10s":"d",
      "hotbuild11s":"g"
   },
   "hotbuildglobal":{
      "hotbuild1s":[
         {
            "json":"/pa/units/land/vehicle_factory/vehicle_factory.json"
         },
         {
            "json":"/pa/units/land/bot_factory/bot_factory.json"
         },
         {
            "json":"/pa/units/land/fabrication_bot_adv/fabrication_bot_adv.json"
         },
         {
            "json":"/pa/units/land/fabrication_bot/fabrication_bot.json"
         },
         {
            "json":"/pa/units/land/fabrication_vehicle_adv/fabrication_vehicle_adv.json"
         },
         {
            "json":"/pa/units/land/fabrication_vehicle/fabrication_vehicle.json"
         },
         {
            "json":"/pa/units/air/fabrication_aircraft_adv/fabrication_aircraft_adv.json"
         },
         {
            "json":"/pa/units/air/fabrication_aircraft/fabrication_aircraft.json"
         },
         {
            "json":"/pa/units/sea/fabrication_ship/fabrication_ship.json"
         },
         {
            "json":"/pa/units/sea/fabrication_ship_adv/fabrication_ship_adv.json"
         }
      ],
      "hotbuild2s":[
         {
            "json":"/pa/units/air/air_factory/air_factory.json"
         },
         {
            "json":"/pa/units/air/air_factory_adv/air_factory_adv.json"
         },
         {
            "json":"/pa/units/sea/naval_factory/naval_factory.json"
         },
         {
            "json":"/pa/units/air/transport/transport.json"
         },
         {
            "json":"/pa/units/sea/naval_factory_adv/naval_factory_adv.json"
         },
         {
            "json":"/pa/units/orbital/orbital_launcher/orbital_launcher.json"
         },
         {
            "json":"/pa/units/land/land_scout/land_scout.json"
         },
         {
            "json":"/pa/units/land/fabrication_bot_combat/fabrication_bot_combat.json"
         },
         {
            "json":"/pa/units/land/fabrication_bot_combat_adv/fabrication_bot_combat_adv.json"
         },
         {
            "json":"/pa/units/air/air_scout/air_scout.json"
         },
         {
            "json":"/pa/units/sea/sea_scout/sea_scout.json"
         }
      ],
      "hotbuild3s":[
         {
            "json":"/pa/units/land/radar_adv/radar_adv.json"
         },
         {
            "json":"/pa/units/air/fighter_adv/fighter_adv.json"
         },
         {
            "json":"/pa/units/land/radar/radar.json"
         },
         {
            "json":"/pa/units/orbital/deep_space_radar/deep_space_radar.json"
         },
         {
            "json":"/pa/units/air/fighter/fighter.json"
         },
         {
            "json":"/pa/units/land/bot_aa/bot_aa.json"
         },
         {
            "json":"/pa/units/sea/frigate/frigate.json"
         }
      ],
      "hotbuild4s":[
         {
            "json":"/pa/units/land/vehicle_factory_adv/vehicle_factory_adv.json"
         },
         {
            "json":"/pa/units/land/bot_factory_adv/bot_factory_adv.json"
         },
         {
            "json":"/pa/units/land/assault_bot/assault_bot.json"
         },
         {
            "json":"/pa/units/land/assault_bot_adv/assault_bot_adv.json"
         },
         {
            "json":"/pa/units/land/tank_laser_adv/tank_laser_adv.json"
         },
         {
            "json":"/pa/units/land/tank_light_laser/tank_light_laser.json"
         },
         {
            "json":"/pa/units/air/bomber_adv/bomber_adv.json"
         },
         {
            "json":"/pa/units/air/bomber/bomber.json"
         },
         {
            "json":"/pa/units/sea/destroyer/destroyer.json"
         },
         {
            "json":"/pa/units/sea/battleship/battleship.json"
         },
         {
            "json":"/pa/units/orbital/orbital_fighter/orbital_fighter.json"
         },
         {
            "json":"/pa/units/land/teleporter/teleporter.json"
         }
      ],
      "hotbuild5s":[
         {
            "json":"/pa/units/land/energy_plant_adv/energy_plant_adv.json"
         },
         {
            "json":"/pa/units/land/tank_armor/tank_armor.json"
         },
         {
            "json":"/pa/units/air/gunship/gunship.json"
         },
         {
            "json":"/pa/units/land/tank_heavy_armor/tank_heavy_armor.json"
         },
         {
            "json":"/pa/units/land/bot_bomb/bot_bomb.json"
         },
         {
            "json":"/pa/units/land/energy_plant/energy_plant.json"
         }
      ],
      "hotbuild6s":[
         {
            "json":"/pa/units/land/metal_extractor_adv/metal_extractor_adv.json"
         },
         {
            "json":"/pa/units/land/metal_extractor/metal_extractor.json"
         }
      ],
      "hotbuild7s":[
         {
            "json":"/pa/units/land/laser_defense_adv/laser_defense_adv.json"
         },
         {
            "json":"/pa/units/land/laser_defense/laser_defense.json"
         },
         {
            "json":"/pa/units/land/laser_defense_single/laser_defense_single.json"
         }
      ],
      "hotbuild8s":[
         {
            "json":"/pa/units/land/air_defense/air_defense.json"
         },
         {
            "json":"/pa/units/land/land_barrier/land_barrier.json"
         }
      ],
      "hotbuild9s":[
         {
            "json":"/pa/units/land/artillery_short/artillery_short.json"
         },
         {
            "json":"/pa/units/land/tactical_missile_launcher/tactical_missile_launcher.json"
         },
         {
            "json":"/pa/units/land/artillery_long/artillery_long.json"
         },
         {
            "json":"/pa/units/land/nuke_launcher/nuke_launcher.json"
         },
         {
            "json":"/pa/units/land/anti_nuke_launcher/anti_nuke_launcher.json"
         },
         {
            "json":"/pa/units/land/bot_artillery_adv/bot_artillery_adv.json"
         },
         {
            "json":"/pa/units/land/tank_heavy_mortar/tank_heavy_mortar.json"
         },
         {
            "json":"/pa/units/sea/missile_ship/missile_ship.json"
         },
         {
            "json":"/pa/units/orbital/orbital_laser/orbital_laser.json"
         },
         {
            "json":"/pa/units/orbital/delta_v_engine/delta_v_engine.json"
         }
      ],
      "hotbuild10s":[
         {
            "json":"/pa/units/land/energy_storage/energy_storage.json"
         },
         {
            "json":"/pa/units/land/metal_storage/metal_storage.json"
         }
      ],
      "hotbuild11s":[
         {
            "json":"/pa/units/orbital/ion_defense/ion_defense.json"
         },
         {
            "json":"/pa/units/orbital/delta_v_engine/delta_v_engine.json"
         }
      ]
   }
   ,"camera_key_pan_style":"ARROW"
}