{
	"model": {
		"animtree": "/pa/anim/anim_trees/tank_laser_adv.json",
		"arrows": 5,
		"filename": "/pa/units/land/tank_laser_adv/tank_laser_adv.papa"
	},
	"guard_layer": "WL_LandHorizontal",
	"recon": {
		"observer": {
			"items": [{
				"layer": "surface_and_air",
				"channel": "sight",
				"shape": "capsule",
				"radius": 100
			}]
		}
	},
	"transportable": {
		"size": 1
	},
	"physics": {
		"push_class": 70,
		"radius": 5
	},
	"base_spec": "/pa/units/land/base_vehicle/base_vehicle.json",
	"wreckage_health_frac": 1,
	"display_index": 100,
	"audio": {
		"loops": {
			"move": {
				"flag": "vel_changed",
				"should_stop_func": "is_not_moving",
				"should_start_func": "is_moving",
				"cue": "/SE/Movement/veh/tank_heavy_mortar_loop"
			}
		}
	},
	"build_metal_cost": 900,
	"tools": [{
		"muzzle_bone": "socket_leftMuzzle",
		"spec_id": "/pa/units/land/tank_laser_adv/tank_laser_adv_tool_weapon.json",
		"aim_bone": "socket_aim"
	},
	{
		"aim_bone": "socket_aim",
		"spec_id": "/pa/units/land/tank_laser_adv/tank_laser_adv_tool_weapon.json",
		"muzzle_bone": "socket_rightMuzzle"
	}],
	"TEMP_texelinfo": 10.3794,
	"guard_radius": 125,
	"unit_types": ["UNITTYPE_Tank",
	"UNITTYPE_Mobile",
	"UNITTYPE_Land",
	"UNITTYPE_Advanced",
	"UNITTYPE_FactoryBuild"],
	"navigation": {
		"acceleration": 100,
		"brake": 100,
		"type": "land-small",
		"turn_speed": 90,
		"move_speed": 14
	},
	"events": {
		"firing": {
			"audio_cue": "/SE/Weapons/veh/tank_heavy_mortar_fire",
			"effect_spec": "/pa/effects/specs/tank_muzzle_flash.pfx socket_leftMuzzle /pa/effects/specs/tank_muzzle_flash.pfx socket_rightMuzzle"
		},
		"build_complete": {
			"audio_cue": "/SE/Build_Complete/veh"
		},
		"died": {
			"audio_cue": "/SE/Death/Veh",
			"effect_scale": 1.6
		}
	},
	"max_health": 500,
	"display_group": 40,
	"description": "Advanced Tank: Anti-land and anti-ship guns",
	"display_name": "Leveler",
	"attachable": {
		"offsets": {
			"root": [0,
			0,
			0],
			"head": [0,
			0,
			3.4]
		}
	}
}