{"nearby_target_tick_update_interval":15,"model":{"arrows":5,"filename":"/pa/units/sea/destroyer/destroyer.papa","animtree":"/pa/anim/anim_trees/destroyer.json"},"guard_layer":"WL_AnySurface","physics":{"radius":10,"shape":"box","push_class":2},"spawn_layers":"WL_WaterSurface","base_spec":"/pa/units/sea/base_ship/base_ship.json","recon":{"observer":{"items":[{"shape":"capsule","radius":150,"layer":"surface_and_air","channel":"sight"}]}},"mesh_bounds":[5,40,5],"audio":{"loops":{"move":{"flag":"vel_changed","should_stop_func":"is_not_moving","should_start_func":"is_moving","cue":"/SE/Movement/sea/destroyer_loop"}}},"display_index":80,"tools":[{"aim_bone":"bone_pitch01","spec_id":"/pa/units/sea/destroyer/destroyer_tool_weapon.json","muzzle_bone":"socket_rightMuzzle01"},{"spec_id":"/pa/units/sea/destroyer/destroyer_tool_weapon.json","muzzle_bone":"socket_leftMuzzle01","aim_bone":"bone_pitch01"},{"muzzle_bone":"socket_rightMuzzle02","spec_id":"/pa/units/sea/destroyer/destroyer_tool_weapon.json","aim_bone":"bone_pitch02"},{"spec_id":"/pa/units/sea/destroyer/destroyer_tool_weapon.json","muzzle_bone":"socket_leftMuzzle02","aim_bone":"bone_pitch02"}],"TEMP_texelinfo":22.1895,"guard_radius":240,"build_metal_cost":450,"navigation":{"brake":3,"acceleration":3,"move_speed":6,"turn_speed":15,"type":"water"},"unit_types":["UNITTYPE_Naval","UNITTYPE_Mobile","UNITTYPE_Basic","UNITTYPE_FactoryBuild"],"events":{"died":{"audio_cue":"/SE/Death/Sea_large"},"firing":{"audio_cue":"/SE/Weapons/sea/destroyer_fire"},"build_complete":{"audio_cue":"/SE/Build_Complete/sea"}},"display_group":60,"max_health":1500,"description":"Destroyer Class: Anti-land and anti-ship guns","display_name":"Orca"}