{
	"base_spec": "/pa/tools/base_artillery_turret/base_artillery_turret.json",
	"ammo_id": "/pa/units/land/artillery_short/artillery_short_ammo.json",
	"rate_of_fire": 0.2,
	"ammo_source": "energy",
	"ammo_capacity": 1000,
	"ammo_demand": 1000,
	"ammo_per_shot": 1000,
	"max_range": 250,
	"yaw_rate": 15,
	"pitch_rate": 15,
	"yaw_range": 180,
	"pitch_range": 89.9,
	"firing_arc_yaw": 5,
	"firing_arc_pitch": 5,
	"auto_attack": true,
	"firing_standard_deviation": 0.25,
	"physics": {
		"radius": 1,
		"push_class": 1,
		"gravity_scalar": 2,
		"add_to_spatial_db": false
	},
	"target_layers": ["WL_LandHorizontal",
	"WL_Seafloor",
	"WL_WaterSurface"]
}