{
    "context": "client",
    "identifier": "com.pa.conundrum.cCameraHotkeys",
    "display_name": "eXodus eSports Camera Modes",
    "description": "Some hotkeys for switching to special camera modes.",
    "author": "Captain Conundrum",
    "version": "1.0.1",
    "build": "68767",
    "date": "2014/07/13",
    "signature": "not yet implemented",
    "forum": "https://forums.uberent.com/threads/rel-exodus-esports-camera-modes.61813/",
    "category": [
        "in-game",
        "ui"
    ],
    "scenes": {
        "global_mod_list": [
            "coui://ui/mods/cCameraHotkeys/global.js"
        ],
        "live_game": [
            "coui://ui/mods/cCameraHotkeys/cCameraHotkeys.js",
            "coui://ui/mods/cCameraHotkeys/cameras/actionCamera.js",
            "coui://ui/mods/cCameraHotkeys/cameras/pipActionCamera.js",
            "coui://ui/mods/cCameraHotkeys/cameras/slowMotionReplay.js",
            "coui://ui/mods/cCameraHotkeys/cameras/musicActionCamera.js",
            "coui://ui/mods/cCameraHotkeys/cameras/smoothZoomIn.js",
            "coui://ui/mods/cCameraHotkeys/cameras/smoothZoomOut.js",
            "coui://ui/mods/cCameraHotkeys/live_game.js"
        ]
    },
    "id": "cCameraHotkeys",
    "priority": 100,
    "enabled": true,
    "dependencies": [
        "com.pa.raevn.pamm.rsettingsmanager"
    ]
}