{
    "context": "server",
    "identifier": "com.pa.conundrum.cOrbitalCommander",
    "display_name": "Orbital Commanders",
    "description": "Commanders can fly between planets on their own, but their health is cut to 10% of normal. Watching them move can be funny.",
    "author": "Captain Conundrum",
    "version": "1.0.0",
    "build": "73823",
    "date": "2014/10/14",
    "signature": "not yet implemented",
    "category": [
        "in-game",
        "server-mod"
    ],
    "id": "cOrbitalCommander",
    "forum": "",
    "priority": 100,
    "enabled": true
}
