{
    "context": "client",
    "identifier": "net.corang.corBetterBuildBar",
    "display_name": "Better Build Bar",
    "description": "Transparent Build Bar that takes up less space",
    "author": "Corang",
    "version": "1.0",
    "build": "62110",
    "date": "2014/03/01",
    "signature": "not yet implemented",
    "forum": "https://forums.uberent.com/threads/rel-better-build-bar.57183/",
    "category": [
        "in-game",
        "ui"
    ],
    "id": "corBetterBuidBar",
    "priority": 100,
    "enabled": true
}