{
    "context": "client",
    "identifier": "com.pa.trialq.tDidYouKnow",
    "display_name": "Did You Know?",
    "description": "Provides short bites of information. Did you know this mod is awesome?",
    "author": "trialq",
    "version": "0.1",
    "build": "63475",
    "date": "2014/03/31",
    "signature": "not yet implemented",
    "forum": "https://forums.uberent.com/threads/rel-did-you-know.58384/",
    "icon": "http://pamods.github.io/icons/tDidYouKnow.png",
    "category": [
        "reference",
        "main-menu"
    ],
    "global_mod_list": [
        "http://pa-mods.com/mods/tDidYouKnow/data.js"
    ],
    "start": [
        "coui://ui/mods/tDidYouKnow/start/ui.js"
    ],
    "id": "tDidYouKnow",
    "priority": 100,
    "enabled": true
}
