{
	"ammo_type" : "Projectile",
	"audio_loop" : "/SE/Movement/missile/anti_nuke_missile_fly_loop",
	"build_metal_cost" : 17500,
	"cruise_height" : 120,
	"collision_check": "ground",
	"damage" : 63000,
	"burn_damage": 400,
    "burn_radius": 300,
    "damage_volume": {
    "burnable_remove_radius": 750.0,
    "delay": 30.0,
    "initial_radius": 20.0,
    "radius_accel": 70.0,
    "radius_velocity": 30.0
  },
  "impact_decals": [
    "/pa/effects/specs/meteor_impact_explosion_ent.json"
  ],
	"description" : "The Ionic Fusion Missile was built to demolish planets.",
	"display_name" : "IXP250 - Ionic Fusion Missile",
	"events" : {
		"collided" : {
			"audio_cue" : "/SE/Impacts/missile_seeking",
			"effect_spec" : "/pa/effects/specs/meteor_impact_explosion.pfx",
			"effect_world_aligned" : true
		}
	},
	"flight_type" : "Staged",
	"fx_trail" : {
		"filename" : "/pa/units/land/anti_nuke_launcher/anti_nuke_launcher_ammo_trail.pfx",
		"offset" : [
			0.0,
			4.6,
			0.0
		]
	},
	"has_notifications" : true,
	"influence_radius" : 1200,
	"initial_velocity" : 10.0,
	"interplanetary_type" : "INTER_System",
	"lifetime" : 120,
	"max_health" : 5,
	"max_velocity" : 75.0,
	"model" : {
		"filename" : "/pa/units/air/missile_anti_nuke/missile_anti_nuke.papa"
	},
	"physics" : {
		"add_to_spatial_db" : true,
		"allow_underground" : true,
		"gravity_scalar" : 3,
		"ignore_gravity" : true,
		"push_class" : 1,
		"radius" : 5
	},
	"show_strategic_icon" : true,
	"sim_impact_effect": "/pa/effects/specs/default_commander_explosion_ent.json",
	"spawn_layers" : "WL_Air",
	"splash_damage" : 47000,
	"splash_radius" : 2200,
	"full_damage_splash_radius": 1800,
	"splash_damages_allies" : true,
	"splash_damages_orbit" : true,
	  "stages": [
    {
      "ignores_LOS": true,
      "ignores_gravity": true,
      "rotates_to_velocity": true,
      "stage_duration": 600,
      "stage_turn_rate": 0
    },
    {
      "ignores_LOS": true,
      "ignores_gravity": true,
      "rotates_to_velocity": true,
      "stage_change_range": 75,
      "stage_duration": 0,
      "stage_turn_rate": 90
    },
    {
      "ignores_LOS": false,
      "ignores_gravity": false,
      "rotates_to_velocity": true,
      "stage_duration": 5000,
      "stage_turn_rate": 360
    },
    {
      "ignores_LOS": false,
      "ignores_gravity": false,
      "rotates_to_velocity": true,
      "stage_duration": 5000,
      "stage_turn_rate": 1080
    }
  ],
	"turn_rate" : 180,
	"crater_radius": 2200,
    "unit_types": [
    "UNITTYPE_Mobile",
    "UNITTYPE_Orbital"
  ]
}