{
  "ammo_type": "Projectile",
  "audio_loop": "/SE/Movement/missile/anti_nuke_missile_fly_loop",
  "build_metal_cost": 750,
  "cruise_height": 65,
  "collision_check" : "ground",
  "damage": 400,
  "burn_damage": 200,
  "burn_radius": 80,
  "damage_volume": {
    "burnable_remove_radius": 50.0,
    "delay": 1.0,
    "initial_radius": 20.0,
    "radius_accel": 80.0,
    "radius_velocity": 100.0
  },
  "full_damage_splash_radius": 50000,
  "impact_decals": [
    "/pa/effects/specs/meteor_impact_explosion_ent.json"
  ],
  "sim_fire_effect": "/pa/effects/specs/default_commander_explosion_ent.json",
  "description": "The Ionic Fusion Missile was built to destroy incoming moons.",
  "display_name": "IXP250 - Ionic Fusion Missile A",
  "events": {
    "collided": {
      "audio_cue": "/SE/Impacts/missile_seeking",
      "effect_spec": "/pa/effects/specs/default_commander_explosion.pfx",
      "effect_world_aligned": false
    }
  },
  "flight_type": "Staged",
  "fx_trail": {
    "filename": "/pa/units/land/anti_nuke_launcher/anti_nuke_launcher_ammo_trail.pfx",
    "offset": [
      0.0,
      4.6,
      0.0
    ]
  },
  "has_notifications": true,
  "influence_radius": 1200,
  "initial_velocity": 10.0,
  "interplanetary_type" : "INTER_System",
  "lifetime": 120,
  "max_health": 10,
  "max_velocity": 120.0,
  "model": {
    "filename": "/pa/units/air/missile_anti_nuke/missile_anti_nuke.papa"
  },
  "physics": {
    "add_to_spatial_db": true,
    "allow_underground": true,
    "gravity_scalar": 3,
    "ignore_gravity": true,
    "push_class": 1,
    "radius": 5
  },
  "show_strategic_icon": true,
  "spawn_layers": "WL_Air",
  "stages": [
    {
      "ignores_LOS": true,
      "ignores_gravity": true,
      "rotates_to_velocity": true,
      "stage_duration": 600,
      "stage_turn_rate": 0
    },
    {
      "ignores_LOS": true,
      "ignores_gravity": true,
      "rotates_to_velocity": true,
      "stage_change_range": 75,
      "stage_duration": 0,
      "stage_turn_rate": 90
    },
    {
      "ignores_LOS": false,
      "ignores_gravity": false,
      "rotates_to_velocity": true,
      "stage_duration": 5000,
      "stage_turn_rate": 360
    },
    {
      "ignores_LOS": false,
      "ignores_gravity": false,
      "rotates_to_velocity": true,
      "stage_duration": 5000,
      "stage_turn_rate": 1080
    }
  ],
  "turn_rate": 180
}