{
  "ammo_type": "Projectile",
  "audio_loop": "/SE/Movement/missile/anti_nuke_missile_fly_loop",
  "build_metal_cost": 450,
  "cruise_height": 60,
  "damage": 180,
  "description": "Tactical Missile",
  "display_name": "XF45 - Tactical Short Ranged Missile",
  "events": {
    "died": {
      "audio_cue": "/SE/Impacts/missile_antinuke",
      "effect_spec": "/pa/effects/specs/default_explosion.pfx",
      "effect_world_aligned": false
    }
  },
  "flight_type": "Seeking",
  "fx_trail": {
    "filename": "/pa/units/land/anti_nuke_launcher/anti_nuke_launcher_ammo_trail.pfx",
    "offset": [
      0.0,
      4.6,
      0.0
    ]
  },
  "has_notifications": true,
  "influence_radius": 1200,
  "initial_velocity": 10.0,
  "lifetime": 60,
  "max_health": 2,
  "max_velocity": 75.0,
  "model": {
    "filename": "/pa/units/air/missile_tactical/missile_tactical.papa"
  },
  "physics": {
    "add_to_spatial_db": true,
    "allow_underground": true,
    "gravity_scalar": 3,
    "ignore_gravity": true,
    "push_class": 1,
    "radius": 5
  },
  "show_strategic_icon": true,
  "spawn_layers": "WL_Air",
  "splash_damage": 10,
  "splash_radius": 6,
  "splash_damages_allies": true,
  "turn_rate": 3600
}