{ "cameraKeyPanStyle" : "ARROW",
  "hotbuildglobal" : { "hotbuild10s" : [ { "json" : "/pa/units/land/energy_storage/energy_storage.json" },
          { "json" : "/pa/units/land/metal_storage/metal_storage.json" }
        ],
      "hotbuild11s" : [ { "json" : "/pa/units/orbital/ion_defense/ion_defense.json" },
          { "json" : "/pa/units/orbital/delta_v_engine/delta_v_engine.json" }
        ],
      "hotbuild1s" : [ { "json" : "/pa/units/land/vehicle_factory/vehicle_factory.json" },
          { "json" : "/pa/units/land/bot_factory/bot_factory.json" },
          { "json" : "/pa/units/land/fabrication_bot_adv/fabrication_bot_adv.json" },
          { "json" : "/pa/units/land/fabrication_bot/fabrication_bot.json" },
          { "json" : "/pa/units/land/fabrication_vehicle_adv/fabrication_vehicle_adv.json" },
          { "json" : "/pa/units/land/fabrication_vehicle/fabrication_vehicle.json" },
          { "json" : "/pa/units/air/fabrication_aircraft_adv/fabrication_aircraft_adv.json" },
          { "json" : "/pa/units/air/fabrication_aircraft/fabrication_aircraft.json" },
          { "json" : "/pa/units/sea/fabrication_ship/fabrication_ship.json" },
          { "json" : "/pa/units/sea/fabrication_ship_adv/fabrication_ship_adv.json" }
        ],
      "hotbuild2s" : [ { "json" : "/pa/units/air/air_factory/air_factory.json" },
          { "json" : "/pa/units/air/air_factory_adv/air_factory_adv.json" },
          { "json" : "/pa/units/sea/naval_factory/naval_factory.json" },
          { "json" : "/pa/units/air/transport/transport.json" },
          { "json" : "/pa/units/sea/naval_factory_adv/naval_factory_adv.json" },
          { "json" : "/pa/units/orbital/orbital_launcher/orbital_launcher.json" },
          { "json" : "/pa/units/land/land_scout/land_scout.json" },
          { "json" : "/pa/units/land/fabrication_bot_combat/fabrication_bot_combat.json" },
          { "json" : "/pa/units/land/fabrication_bot_combat_adv/fabrication_bot_combat_adv.json" },
          { "json" : "/pa/units/air/air_scout/air_scout.json" },
          { "json" : "/pa/units/sea/sea_scout/sea_scout.json" }
        ],
      "hotbuild3s" : [ { "json" : "/pa/units/land/radar_adv/radar_adv.json" },
          { "json" : "/pa/units/air/fighter_adv/fighter_adv.json" },
          { "json" : "/pa/units/land/radar/radar.json" },
          { "json" : "/pa/units/orbital/deep_space_radar/deep_space_radar.json" },
          { "json" : "/pa/units/air/fighter/fighter.json" },
          { "json" : "/pa/units/land/bot_aa/bot_aa.json" },
          { "json" : "/pa/units/sea/frigate/frigate.json" }
        ],
      "hotbuild4s" : [ { "json" : "/pa/units/land/vehicle_factory_adv/vehicle_factory_adv.json" },
          { "json" : "/pa/units/land/bot_factory_adv/bot_factory_adv.json" },
          { "json" : "/pa/units/land/assault_bot/assault_bot.json" },
          { "json" : "/pa/units/land/assault_bot_adv/assault_bot_adv.json" },
          { "json" : "/pa/units/land/tank_laser_adv/tank_laser_adv.json" },
          { "json" : "/pa/units/land/tank_light_laser/tank_light_laser.json" },
          { "json" : "/pa/units/air/bomber_adv/bomber_adv.json" },
          { "json" : "/pa/units/air/bomber/bomber.json" },
          { "json" : "/pa/units/sea/destroyer/destroyer.json" },
          { "json" : "/pa/units/sea/battleship/battleship.json" },
          { "json" : "/pa/units/orbital/orbital_fighter/orbital_fighter.json" },
          { "json" : "/pa/units/land/teleporter/teleporter.json" }
        ],
      "hotbuild5s" : [ { "json" : "/pa/units/land/energy_plant_adv/energy_plant_adv.json" },
          { "json" : "/pa/units/land/tank_armor/tank_armor.json" },
          { "json" : "/pa/units/air/gunship/gunship.json" },
          { "json" : "/pa/units/land/tank_heavy_armor/tank_heavy_armor.json" },
          { "json" : "/pa/units/land/bot_bomb/bot_bomb.json" },
          { "json" : "/pa/units/land/energy_plant/energy_plant.json" }
        ],
      "hotbuild6s" : [ { "json" : "/pa/units/land/metal_extractor_adv/metal_extractor_adv.json" },
          { "json" : "/pa/units/land/metal_extractor/metal_extractor.json" }
        ],
      "hotbuild7s" : [ { "json" : "/pa/units/land/laser_defense_adv/laser_defense_adv.json" },
          { "json" : "/pa/units/land/laser_defense/laser_defense.json" },
          { "json" : "/pa/units/land/laser_defense_single/laser_defense_single.json" }
        ],
      "hotbuild8s" : [ { "json" : "/pa/units/land/air_defense/air_defense.json" },
          { "json" : "/pa/units/land/land_barrier/land_barrier.json" }
        ],
      "hotbuild9s" : [ { "json" : "/pa/units/land/artillery_short/artillery_short.json" },
          { "json" : "/pa/units/land/tactical_missile_launcher/tactical_missile_launcher.json" },
          { "json" : "/pa/units/land/artillery_long/artillery_long.json" },
          { "json" : "/pa/units/land/nuke_launcher/nuke_launcher.json" },
          { "json" : "/pa/units/land/anti_nuke_launcher/anti_nuke_launcher.json" },
          { "json" : "/pa/units/land/tank_heavy_mortar/tank_heavy_mortar.json" },
          { "json" : "/pa/units/sea/missile_ship/missile_ship.json" },
          { "json" : "/pa/units/orbital/orbital_laser/orbital_laser.json" },
          { "json" : "/pa/units/orbital/delta_v_engine/delta_v_engine.json" }
        ]
    },
  "hotbuildglobalkey" : { "hotbuild10s" : "d",
      "hotbuild11s" : "g",
      "hotbuild1s" : "w",
      "hotbuild2s" : "e",
      "hotbuild3s" : "r",
      "hotbuild4s" : "t",
      "hotbuild5s" : "f",
      "hotbuild6s" : "s",
      "hotbuild7s" : "x",
      "hotbuild8s" : "c",
      "hotbuild9s" : "v"
    },
  "uber" : [ { "keybinds" : [ { "action" : "show/hide UI",
              "actionString" : "show/hide UI",
              "conflicted" : false,
              "default" : "ctrl+u",
              "dirty" : false,
              "group" : "general",
              "value" : "ctrl+u"
            },
            { "action" : "show/hide AR",
              "actionString" : "show/hide AR",
              "conflicted" : false,
              "default" : "ctrl+y",
              "dirty" : false,
              "group" : "general",
              "value" : "ctrl+y"
            },
            { "action" : "show/hide performance panel",
              "actionString" : "show/hide performance panel",
              "conflicted" : false,
              "default" : "ctrl+p",
              "dirty" : false,
              "group" : "general",
              "value" : "ctrl+p"
            },
            { "action" : "toggle music",
              "actionString" : "toggle music",
              "conflicted" : false,
              "default" : "ctrl+s",
              "dirty" : false,
              "group" : "general",
              "value" : "ctrl+s"
            },
            { "action" : "toggle fullscreen",
              "actionString" : "toggle fullscreen",
              "conflicted" : false,
              "default" : "alt+enter",
              "dirty" : false,
              "group" : "general",
              "value" : "alt+enter"
            },
            { "action" : "normal chat",
              "actionString" : "normal chat",
              "conflicted" : false,
              "default" : "enter",
              "dirty" : false,
              "group" : "general",
              "value" : "enter"
            },
            { "action" : "team chat",
              "actionString" : "team chat",
              "conflicted" : false,
              "default" : "shift+enter",
              "dirty" : false,
              "group" : "general",
              "value" : "shift+enter"
            },
            { "action" : "twitch chat",
              "actionString" : "twitch chat",
              "conflicted" : false,
              "default" : "ctrl+enter",
              "dirty" : false,
              "group" : "general",
              "value" : "ctrl+enter"
            },
            { "action" : "toggle twitch streaming",
              "actionString" : "toggle twitch streaming",
              "binding" : "",
              "conflicted" : false,
              "default" : "f6",
              "dirty" : false,
              "group" : "general",
              "value" : ""
            },
            { "action" : "toggle twitch microphone",
              "actionString" : "toggle twitch microphone",
              "binding" : "",
              "conflicted" : false,
              "default" : "f7",
              "dirty" : false,
              "group" : "general",
              "value" : ""
            },
            { "action" : "toggle twitch system audio recording",
              "actionString" : "toggle twitch system audio recording",
              "binding" : "",
              "conflicted" : false,
              "default" : "f8",
              "dirty" : false,
              "group" : "general",
              "value" : ""
            },
            { "action" : "run twitch commercial",
              "actionString" : "run twitch commercial",
              "binding" : "",
              "conflicted" : false,
              "default" : "f9",
              "dirty" : false,
              "group" : "general",
              "value" : ""
            },
            { "action" : "toggle pips",
              "actionString" : "toggle pips",
              "binding" : "f6",
              "conflicted" : false,
              "default" : "q",
              "dirty" : false,
              "group" : "general",
              "value" : "f6"
            },
            { "action" : "swap pips",
              "actionString" : "swap pips",
              "binding" : "f7",
              "conflicted" : false,
              "default" : "shift+q",
              "dirty" : false,
              "group" : "general",
              "value" : "f7"
            },
            { "action" : "copy to pip",
              "actionString" : "copy to pip",
              "binding" : "",
              "conflicted" : false,
              "default" : "alt+q",
              "dirty" : false,
              "group" : "general",
              "value" : ""
            }
          ],
        "name" : "general"
      },
      { "keybinds" : [ { "action" : "move_left",
              "actionString" : "move_left",
              "conflicted" : false,
              "default" : "left",
              "dirty" : false,
              "group" : "camera controls",
              "value" : "left"
            },
            { "action" : "move_right",
              "actionString" : "move_right",
              "conflicted" : false,
              "default" : "right",
              "dirty" : false,
              "group" : "camera controls",
              "value" : "right"
            },
            { "action" : "move_up",
              "actionString" : "move_up",
              "conflicted" : false,
              "default" : "up",
              "dirty" : false,
              "group" : "camera controls",
              "value" : "up"
            },
            { "action" : "move_down",
              "actionString" : "move_down",
              "conflicted" : false,
              "default" : "down",
              "dirty" : false,
              "group" : "camera controls",
              "value" : "down"
            }
          ],
        "name" : "camera controls"
      },      
      { "keybinds" : [ { "action" : "command mode [move]",
              "actionString" : "command mode [move]",
              "binding" : "",
              "conflicted" : false,
              "default" : "m",
              "dirty" : false,
              "group" : "gameplay",
              "value" : ""
            },
            { "action" : "command mode [attack]",
              "actionString" : "command mode [attack]",
              "binding" : "",
              "conflicted" : false,
              "default" : "a",
              "dirty" : false,
              "group" : "gameplay",
              "value" : ""
            },
            { "action" : "command mode [assist]",
              "actionString" : "command mode [assist]",
              "binding" : "",
              "conflicted" : false,
              "default" : "i",
              "dirty" : false,
              "group" : "gameplay",
              "value" : ""
            },
            { "action" : "command mode [repair]",
              "actionString" : "command mode [repair]",
              "binding" : "",
              "conflicted" : false,
              "default" : "r",
              "dirty" : false,
              "group" : "gameplay",
              "value" : ""
            },
            { "action" : "command mode [reclaim]",
              "actionString" : "command mode [reclaim]",
              "binding" : "z",
              "conflicted" : false,
              "default" : "e",
              "dirty" : false,
              "group" : "gameplay",
              "value" : "z"
            },
            { "action" : "command mode [patrol]",
              "actionString" : "command mode [patrol]",
              "binding" : "q",
              "conflicted" : false,
              "default" : "p",
              "dirty" : false,
              "group" : "gameplay",
              "value" : "q"
            },
            { "action" : "command mode [special move]",
              "actionString" : "command mode [special move]",
              "conflicted" : false,
              "default" : "",
              "dirty" : false,
              "group" : "gameplay",
              "value" : ""
            },
            { "action" : "command mode [unload]",
              "actionString" : "command mode [unload]",
              "binding" : "i",
              "conflicted" : false,
              "default" : "",
              "dirty" : false,
              "group" : "gameplay",
              "value" : "i"
            },
            { "action" : "command mode [load]",
              "actionString" : "command mode [load]",
              "conflicted" : false,
              "default" : "",
              "dirty" : false,
              "group" : "gameplay",
              "value" : ""
            },
            { "action" : "command mode [alt fire]",
              "actionString" : "command mode [alt fire]",
              "binding" : "u",
              "conflicted" : false,
              "default" : "d",
              "dirty" : false,
              "group" : "gameplay",
              "value" : "u"
            },
            { "action" : "command mode [ping]",
              "actionString" : "command mode [ping]",
              "binding" : "",
              "conflicted" : false,
              "default" : "g",
              "dirty" : false,
              "group" : "gameplay",
              "value" : ""
            },
            { "action" : "stop command",
              "actionString" : "stop command",
              "binding" : "h",
              "conflicted" : false,
              "default" : "s",
              "dirty" : false,
              "group" : "gameplay",
              "value" : "h"
            },
            { "action" : "fire at will",
              "actionString" : "fire at will",
              "conflicted" : false,
              "default" : "",
              "dirty" : false,
              "group" : "gameplay",
              "value" : ""
            },
            { "action" : "return fire",
              "actionString" : "return fire",
              "conflicted" : false,
              "default" : "",
              "dirty" : false,
              "group" : "gameplay",
              "value" : ""
            },
            { "action" : "hold fire",
              "actionString" : "hold fire",
              "conflicted" : false,
              "default" : "",
              "dirty" : false,
              "group" : "gameplay",
              "value" : ""
            },
            { "action" : "toggle fire orders",
              "actionString" : "toggle fire orders",
              "binding" : "",
              "conflicted" : false,
              "default" : "h",
              "dirty" : false,
              "group" : "gameplay",
              "value" : ""
            },
            { "action" : "maneuver",
              "actionString" : "maneuver",
              "conflicted" : false,
              "default" : "",
              "dirty" : false,
              "group" : "gameplay",
              "value" : ""
            },
            { "action" : "roam",
              "actionString" : "roam",
              "conflicted" : false,
              "default" : "",
              "dirty" : false,
              "group" : "gameplay",
              "value" : ""
            },
            { "action" : "hold position",
              "actionString" : "hold position",
              "conflicted" : false,
              "default" : "",
              "dirty" : false,
              "group" : "gameplay",
              "value" : ""
            },
            { "action" : "toggle move orders",
              "actionString" : "toggle move orders",
              "binding" : "",
              "conflicted" : false,
              "default" : "j",
              "dirty" : false,
              "group" : "gameplay",
              "value" : ""
            },
            { "action" : "on",
              "actionString" : "on",
              "conflicted" : false,
              "default" : "",
              "dirty" : false,
              "group" : "gameplay",
              "value" : ""
            },
            { "action" : "off",
              "actionString" : "off",
              "conflicted" : false,
              "default" : "",
              "dirty" : false,
              "group" : "gameplay",
              "value" : ""
            },
            { "action" : "toggle energy orders",
              "actionString" : "toggle energy orders",
              "binding" : "tab",
              "conflicted" : false,
              "default" : "k",
              "dirty" : false,
              "group" : "gameplay",
              "value" : "tab"
            },
            { "action" : "build once",
              "actionString" : "build once",
              "conflicted" : false,
              "default" : "",
              "dirty" : false,
              "group" : "gameplay",
              "value" : ""
            },
            { "action" : "build loop",
              "actionString" : "build loop",
              "binding" : "y",
              "conflicted" : false,
              "default" : "",
              "dirty" : false,
              "group" : "gameplay",
              "value" : "y"
            },
            { "action" : "toggle build orders",
              "actionString" : "toggle build orders",
              "binding" : "",
              "conflicted" : false,
              "default" : "l",
              "dirty" : false,
              "group" : "gameplay",
              "value" : ""
            },
            { "action" : "acknowledge alert",
              "actionString" : "acknowledge alert",
              "conflicted" : false,
              "default" : "space",
              "dirty" : false,
              "group" : "gameplay",
              "value" : "space"
            },
            { "action" : "enable navigation debug info",
              "actionString" : "enable navigation debug info",
              "conflicted" : false,
              "default" : "",
              "dirty" : false,
              "group" : "gameplay",
              "value" : ""
            },
            { "action" : "disable navigation debug info",
              "actionString" : "disable navigation debug info",
              "conflicted" : false,
              "default" : "",
              "dirty" : false,
              "group" : "gameplay",
              "value" : ""
            },
            { "action" : "select commander",
              "actionString" : "select commander",
              "conflicted" : false,
              "default" : "b",
              "dirty" : false,
              "group" : "gameplay",
              "value" : "b"
            },
            { "action" : "select idle fabbers",
              "actionString" : "select idle fabbers",
              "binding" : "p",
              "conflicted" : false,
              "default" : "f",
              "dirty" : false,
              "group" : "gameplay",
              "value" : "p"
            },
            { "action" : "select all factories",
              "actionString" : "select all factories",
              "conflicted" : false,
              "default" : "shift+f1",
              "dirty" : false,
              "group" : "gameplay",
              "value" : "shift+f1"
            },
            { "action" : "select all idle factories",
              "actionString" : "select all idle factories",
              "binding" : "",
              "conflicted" : false,
              "default" : "shift+f2",
              "dirty" : false,
              "group" : "gameplay",
              "value" : ""
            },
            { "action" : "select all factories on screen",
              "actionString" : "select all factories on screen",
              "conflicted" : false,
              "default" : "shift+f3",
              "dirty" : false,
              "group" : "gameplay",
              "value" : "shift+f3"
            },
            { "action" : "select all idle factories on screen",
              "actionString" : "select all idle factories on screen",
              "binding" : "",
              "conflicted" : false,
              "default" : "shift+f4",
              "dirty" : false,
              "group" : "gameplay",
              "value" : ""
            },
            { "action" : "select all combat units",
              "actionString" : "select all combat units",
              "conflicted" : false,
              "default" : "ctrl+shift+f6",
              "dirty" : false,
              "group" : "gameplay",
              "value" : "ctrl+shift+f6"
            },
            { "action" : "select all combat units on screen",
              "actionString" : "select all combat units on screen",
              "conflicted" : false,
              "default" : "shift+f6",
              "dirty" : false,
              "group" : "gameplay",
              "value" : "shift+f6"
            },
            { "action" : "select all air combat units on screen",
              "actionString" : "select all air combat units on screen",
              "conflicted" : false,
              "default" : "shift+f8",
              "dirty" : false,
              "group" : "gameplay",
              "value" : "shift+f8"
            },
            { "action" : "select all naval combat units on screen",
              "actionString" : "select all naval combat units on screen",
              "conflicted" : false,
              "default" : "shift+f9",
              "dirty" : false,
              "group" : "gameplay",
              "value" : "shift+f9"
            },
            { "action" : "select all land combat units on screen",
              "actionString" : "select all land combat units on screen",
              "conflicted" : false,
              "default" : "shift+f7",
              "dirty" : false,
              "group" : "gameplay",
              "value" : "shift+f7"
            },
            { "action" : "select all air combat units",
              "actionString" : "select all air combat units",
              "conflicted" : false,
              "default" : "ctrl+shift+f8",
              "dirty" : false,
              "group" : "gameplay",
              "value" : "ctrl+shift+f8"
            },
            { "action" : "select all naval combat units",
              "actionString" : "select all naval combat units",
              "conflicted" : false,
              "default" : "ctrl+shift+f9",
              "dirty" : false,
              "group" : "gameplay",
              "value" : "ctrl+shift+f9"
            },
            { "action" : "select all land combat units",
              "actionString" : "select all land combat units",
              "conflicted" : false,
              "default" : "ctrl+shift+f7",
              "dirty" : false,
              "group" : "gameplay",
              "value" : "ctrl+shift+f7"
            },
            { "action" : "select all matching units on screen",
              "actionString" : "select all matching units on screen",
              "binding" : "",
              "conflicted" : false,
              "default" : "ctrl+z",
              "dirty" : false,
              "group" : "gameplay",
              "value" : ""
            },
            { "action" : "track selection with camera",
              "actionString" : "track selection with camera",
              "binding" : "",
              "conflicted" : false,
              "default" : "t",
              "dirty" : false,
              "group" : "gameplay",
              "value" : ""
            },
            { "action" : "self destruct selected unit",
              "actionString" : "self destruct selected unit",
              "conflicted" : false,
              "default" : "del",
              "dirty" : false,
              "group" : "gameplay",
              "value" : "del"
            },
            { "action" : "resume at latest time",
              "actionString" : "resume at latest time",
              "conflicted" : false,
              "default" : "",
              "dirty" : false,
              "group" : "gameplay",
              "value" : ""
            },
            { "action" : "pause time",
              "actionString" : "pause time",
              "conflicted" : false,
              "default" : "",
              "dirty" : false,
              "group" : "gameplay",
              "value" : ""
            },
            { "action" : "play forward at 100%",
              "actionString" : "play forward at 100%",
              "conflicted" : false,
              "default" : "",
              "dirty" : false,
              "group" : "gameplay",
              "value" : ""
            },
            { "action" : "play backwards at 100%",
              "actionString" : "play backwards at 100%",
              "conflicted" : false,
              "default" : "",
              "dirty" : false,
              "group" : "gameplay",
              "value" : ""
            },
            { "action" : "play forward at 50%",
              "actionString" : "play forward at 50%",
              "conflicted" : false,
              "default" : "",
              "dirty" : false,
              "group" : "gameplay",
              "value" : ""
            },
            { "action" : "play backwards at 50%",
              "actionString" : "play backwards at 50%",
              "conflicted" : false,
              "default" : "",
              "dirty" : false,
              "group" : "gameplay",
              "value" : ""
            },
            { "action" : "last pseudo frame",
              "actionString" : "last pseudo frame",
              "conflicted" : false,
              "dirty" : false,
              "group" : "gameplay"
            },
            { "action" : "next pseudo frame",
              "actionString" : "next pseudo frame",
              "conflicted" : false,
              "dirty" : false,
              "group" : "gameplay"
            },
            { "action" : "capture group 1",
              "actionString" : "capture group 1",
              "conflicted" : false,
              "default" : "ctrl+1",
              "dirty" : false,
              "group" : "gameplay",
              "value" : "ctrl+1"
            },
            { "action" : "capture group 2",
              "actionString" : "capture group 2",
              "conflicted" : false,
              "default" : "ctrl+2",
              "dirty" : false,
              "group" : "gameplay",
              "value" : "ctrl+2"
            },
            { "action" : "capture group 3",
              "actionString" : "capture group 3",
              "conflicted" : false,
              "default" : "ctrl+3",
              "dirty" : false,
              "group" : "gameplay",
              "value" : "ctrl+3"
            },
            { "action" : "capture group 4",
              "actionString" : "capture group 4",
              "conflicted" : false,
              "default" : "ctrl+4",
              "dirty" : false,
              "group" : "gameplay",
              "value" : "ctrl+4"
            },
            { "action" : "capture group 5",
              "actionString" : "capture group 5",
              "conflicted" : false,
              "default" : "ctrl+5",
              "dirty" : false,
              "group" : "gameplay",
              "value" : "ctrl+5"
            },
            { "action" : "capture group 6",
              "actionString" : "capture group 6",
              "conflicted" : false,
              "default" : "ctrl+6",
              "dirty" : false,
              "group" : "gameplay",
              "value" : "ctrl+6"
            },
            { "action" : "capture group 7",
              "actionString" : "capture group 7",
              "conflicted" : false,
              "default" : "ctrl+7",
              "dirty" : false,
              "group" : "gameplay",
              "value" : "ctrl+7"
            },
            { "action" : "capture group 8",
              "actionString" : "capture group 8",
              "conflicted" : false,
              "default" : "ctrl+8",
              "dirty" : false,
              "group" : "gameplay",
              "value" : "ctrl+8"
            },
            { "action" : "capture group 9",
              "actionString" : "capture group 9",
              "conflicted" : false,
              "default" : "ctrl+9",
              "dirty" : false,
              "group" : "gameplay",
              "value" : "ctrl+9"
            },
            { "action" : "capture group 0",
              "actionString" : "capture group 0",
              "conflicted" : false,
              "default" : "ctrl+0",
              "dirty" : false,
              "group" : "gameplay",
              "value" : "ctrl+0"
            },
            { "action" : "recall group 1",
              "actionString" : "recall group 1",
              "conflicted" : false,
              "default" : "1",
              "dirty" : false,
              "group" : "gameplay",
              "value" : "1"
            },
            { "action" : "recall group 2",
              "actionString" : "recall group 2",
              "conflicted" : false,
              "default" : "2",
              "dirty" : false,
              "group" : "gameplay",
              "value" : "2"
            },
            { "action" : "recall group 3",
              "actionString" : "recall group 3",
              "conflicted" : false,
              "default" : "3",
              "dirty" : false,
              "group" : "gameplay",
              "value" : "3"
            },
            { "action" : "recall group 4",
              "actionString" : "recall group 4",
              "conflicted" : false,
              "default" : "4",
              "dirty" : false,
              "group" : "gameplay",
              "value" : "4"
            },
            { "action" : "recall group 5",
              "actionString" : "recall group 5",
              "conflicted" : false,
              "default" : "5",
              "dirty" : false,
              "group" : "gameplay",
              "value" : "5"
            },
            { "action" : "recall group 6",
              "actionString" : "recall group 6",
              "conflicted" : false,
              "default" : "6",
              "dirty" : false,
              "group" : "gameplay",
              "value" : "6"
            },
            { "action" : "recall group 7",
              "actionString" : "recall group 7",
              "conflicted" : false,
              "default" : "7",
              "dirty" : false,
              "group" : "gameplay",
              "value" : "7"
            },
            { "action" : "recall group 8",
              "actionString" : "recall group 8",
              "conflicted" : false,
              "default" : "8",
              "dirty" : false,
              "group" : "gameplay",
              "value" : "8"
            },
            { "action" : "recall group 9",
              "actionString" : "recall group 9",
              "conflicted" : false,
              "default" : "9",
              "dirty" : false,
              "group" : "gameplay",
              "value" : "9"
            },
            { "action" : "recall group 0",
              "actionString" : "recall group 0",
              "conflicted" : false,
              "default" : "0",
              "dirty" : false,
              "group" : "gameplay",
              "value" : "0"
            }
          ],
        "name" : "gameplay"
      },
      { "keybinds" : [ { "action" : "start build utility",
              "actionString" : "start build utility",
              "binding" : "",
              "conflicted" : false,
              "default" : "v",
              "dirty" : false,
              "group" : "build structure",
              "value" : ""
            },
            { "action" : "start build factory",
              "actionString" : "start build factory",
              "binding" : "",
              "conflicted" : false,
              "default" : "x",
              "dirty" : false,
              "group" : "build structure",
              "value" : ""
            },
            { "action" : "start build combat",
              "actionString" : "start build combat",
              "binding" : "",
              "conflicted" : false,
              "default" : "c",
              "dirty" : false,
              "group" : "build structure",
              "value" : ""
            }
          ],
        "name" : "build structure"
      },
      { "keybinds" : [ { "action" : "start build vehicle",
              "actionString" : "start build vehicle",
              "binding" : "",
              "conflicted" : false,
              "default" : "z",
              "dirty" : false,
              "group" : "build unit",
              "value" : ""
            },
            { "action" : "start build bot",
              "actionString" : "start build bot",
              "binding" : "",
              "conflicted" : false,
              "default" : "x",
              "dirty" : false,
              "group" : "build unit",
              "value" : ""
            },
            { "action" : "start build air",
              "actionString" : "start build air",
              "binding" : "",
              "conflicted" : false,
              "default" : "c",
              "dirty" : false,
              "group" : "build unit",
              "value" : ""
            },
            { "action" : "start build sea",
              "actionString" : "start build sea",
              "binding" : "",
              "conflicted" : false,
              "default" : "v",
              "dirty" : false,
              "group" : "build unit",
              "value" : ""
            },
            { "action" : "start build orbital",
              "actionString" : "start build orbital",
              "binding" : "",
              "conflicted" : false,
              "default" : "b",
              "dirty" : false,
              "group" : "build unit",
              "value" : ""
            }
          ],
        "name" : "build unit"
      },
      { "keybinds" : [ { "action" : "build item 1",
              "actionString" : "build item 1",
              "binding" : "",
              "conflicted" : false,
              "default" : "1",
              "dirty" : false,
              "group" : "build",
              "value" : ""
            },
            { "action" : "build item 2",
              "actionString" : "build item 2",
              "binding" : "",
              "conflicted" : false,
              "default" : "2",
              "dirty" : false,
              "group" : "build",
              "value" : ""
            },
            { "action" : "build item 3",
              "actionString" : "build item 3",
              "binding" : "",
              "conflicted" : false,
              "default" : "3",
              "dirty" : false,
              "group" : "build",
              "value" : ""
            },
            { "action" : "build item 4",
              "actionString" : "build item 4",
              "binding" : "",
              "conflicted" : false,
              "default" : "4",
              "dirty" : false,
              "group" : "build",
              "value" : ""
            },
            { "action" : "build item 5",
              "actionString" : "build item 5",
              "binding" : "",
              "conflicted" : false,
              "default" : "5",
              "dirty" : false,
              "group" : "build",
              "value" : ""
            },
            { "action" : "build item 6",
              "actionString" : "build item 6",
              "binding" : "",
              "conflicted" : false,
              "default" : "q",
              "dirty" : false,
              "group" : "build",
              "value" : ""
            },
            { "action" : "build item 7",
              "actionString" : "build item 7",
              "binding" : "",
              "conflicted" : false,
              "default" : "w",
              "dirty" : false,
              "group" : "build",
              "value" : ""
            },
            { "action" : "build item 8",
              "actionString" : "build item 8",
              "binding" : "",
              "conflicted" : false,
              "default" : "e",
              "dirty" : false,
              "group" : "build",
              "value" : ""
            },
            { "action" : "build item 9",
              "actionString" : "build item 9",
              "binding" : "",
              "conflicted" : false,
              "default" : "r",
              "dirty" : false,
              "group" : "build",
              "value" : ""
            },
            { "action" : "build item 10",
              "actionString" : "build item 10",
              "binding" : "",
              "conflicted" : false,
              "default" : "t",
              "dirty" : false,
              "group" : "build",
              "value" : ""
            },
            { "action" : "build item 11",
              "actionString" : "build item 11",
              "binding" : "",
              "conflicted" : false,
              "default" : "a",
              "dirty" : false,
              "group" : "build",
              "value" : ""
            },
            { "action" : "build item 12",
              "actionString" : "build item 12",
              "binding" : "",
              "conflicted" : false,
              "default" : "s",
              "dirty" : false,
              "group" : "build",
              "value" : ""
            },
            { "action" : "build item 13",
              "actionString" : "build item 13",
              "binding" : "",
              "conflicted" : false,
              "default" : "d",
              "dirty" : false,
              "group" : "build",
              "value" : ""
            },
            { "action" : "build item 14",
              "actionString" : "build item 14",
              "binding" : "",
              "conflicted" : false,
              "default" : "f",
              "dirty" : false,
              "group" : "build",
              "value" : ""
            },
            { "action" : "build item 15",
              "actionString" : "build item 15",
              "binding" : "",
              "conflicted" : false,
              "default" : "g",
              "dirty" : false,
              "group" : "build",
              "value" : ""
            }
          ],
        "name" : "build"
      },
      { "keybinds" : [ { "action" : "capture anchor 1",
              "actionString" : "capture anchor 1",
              "binding" : "ctrl+f1",
              "conflicted" : false,
              "default" : "shift+1",
              "dirty" : false,
              "group" : "camera",
              "value" : "ctrl+f1"
            },
            { "action" : "capture anchor 2",
              "actionString" : "capture anchor 2",
              "binding" : "ctrl+f2",
              "conflicted" : false,
              "default" : "shift+2",
              "dirty" : false,
              "group" : "camera",
              "value" : "ctrl+f2"
            },
            { "action" : "capture anchor 3",
              "actionString" : "capture anchor 3",
              "binding" : "ctrl+f3",
              "conflicted" : false,
              "default" : "shift+3",
              "dirty" : false,
              "group" : "camera",
              "value" : "ctrl+f3"
            },
            { "action" : "capture anchor 4",
              "actionString" : "capture anchor 4",
              "binding" : "ctrl+f4",
              "conflicted" : false,
              "default" : "shift+4",
              "dirty" : false,
              "group" : "camera",
              "value" : "ctrl+f4"
            },
            { "action" : "capture anchor 5",
              "actionString" : "capture anchor 5",
              "conflicted" : false,
              "default" : "shift+5",
              "dirty" : false,
              "group" : "camera",
              "value" : "shift+5"
            },
            { "action" : "capture anchor 6",
              "actionString" : "capture anchor 6",
              "conflicted" : false,
              "default" : "shift+6",
              "dirty" : false,
              "group" : "camera",
              "value" : "shift+6"
            },
            { "action" : "capture anchor 7",
              "actionString" : "capture anchor 7",
              "conflicted" : false,
              "default" : "shift+7",
              "dirty" : false,
              "group" : "camera",
              "value" : "shift+7"
            },
            { "action" : "capture anchor 8",
              "actionString" : "capture anchor 8",
              "conflicted" : false,
              "default" : "shift+8",
              "dirty" : false,
              "group" : "camera",
              "value" : "shift+8"
            },
            { "action" : "capture anchor 9",
              "actionString" : "capture anchor 9",
              "conflicted" : false,
              "default" : "shift+9",
              "dirty" : false,
              "group" : "camera",
              "value" : "shift+9"
            },
            { "action" : "capture anchor 0",
              "actionString" : "capture anchor 0",
              "conflicted" : false,
              "default" : "shift+0",
              "dirty" : false,
              "group" : "camera",
              "value" : "shift+0"
            },
            { "action" : "recall anchor 1",
              "actionString" : "recall anchor 1",
              "binding" : "f1",
              "conflicted" : false,
              "default" : "alt+1",
              "dirty" : false,
              "group" : "camera",
              "value" : "f1"
            },
            { "action" : "recall anchor 2",
              "actionString" : "recall anchor 2",
              "binding" : "f2",
              "conflicted" : false,
              "default" : "alt+2",
              "dirty" : false,
              "group" : "camera",
              "value" : "f2"
            },
            { "action" : "recall anchor 3",
              "actionString" : "recall anchor 3",
              "binding" : "f3",
              "conflicted" : false,
              "default" : "alt+3",
              "dirty" : false,
              "group" : "camera",
              "value" : "f3"
            },
            { "action" : "recall anchor 4",
              "actionString" : "recall anchor 4",
              "binding" : "f4",
              "conflicted" : false,
              "default" : "alt+4",
              "dirty" : false,
              "group" : "camera",
              "value" : "f4"
            },
            { "action" : "recall anchor 5",
              "actionString" : "recall anchor 5",
              "conflicted" : false,
              "default" : "alt+5",
              "dirty" : false,
              "group" : "camera",
              "value" : "alt+5"
            },
            { "action" : "recall anchor 6",
              "actionString" : "recall anchor 6",
              "conflicted" : false,
              "default" : "alt+6",
              "dirty" : false,
              "group" : "camera",
              "value" : "alt+6"
            },
            { "action" : "recall anchor 7",
              "actionString" : "recall anchor 7",
              "conflicted" : false,
              "default" : "alt+7",
              "dirty" : false,
              "group" : "camera",
              "value" : "alt+7"
            },
            { "action" : "recall anchor 8",
              "actionString" : "recall anchor 8",
              "conflicted" : false,
              "default" : "alt+8",
              "dirty" : false,
              "group" : "camera",
              "value" : "alt+8"
            },
            { "action" : "recall anchor 9",
              "actionString" : "recall anchor 9",
              "conflicted" : false,
              "default" : "alt+9",
              "dirty" : false,
              "group" : "camera",
              "value" : "alt+9"
            },
            { "action" : "recall anchor 0",
              "actionString" : "recall anchor 0",
              "conflicted" : false,
              "default" : "alt+0",
              "dirty" : false,
              "group" : "camera",
              "value" : "alt+0"
            },
            { "action" : "set planet camera",
              "actionString" : "set planet camera",
              "conflicted" : false,
              "dirty" : false,
              "group" : "camera"
            },
            { "action" : "set free camera",
              "actionString" : "set free camera",
              "conflicted" : false,
              "default" : "",
              "dirty" : false,
              "group" : "camera",
              "value" : ""
            },
            { "action" : "set debug camera",
              "actionString" : "set debug camera",
              "conflicted" : false,
              "default" : "",
              "dirty" : false,
              "group" : "camera",
              "value" : ""
            },
            { "action" : "set space camera",
              "actionString" : "set space camera",
              "conflicted" : false,
              "default" : "",
              "dirty" : false,
              "group" : "camera",
              "value" : ""
            },
            { "action" : "toggle free camera",
              "actionString" : "toggle free camera",
              "conflicted" : false,
              "default" : "",
              "dirty" : false,
              "group" : "camera",
              "value" : ""
            },
            { "action" : "toggle debug camera",
              "actionString" : "toggle debug camera",
              "conflicted" : false,
              "default" : "ctrl+m",
              "dirty" : false,
              "group" : "camera",
              "value" : "ctrl+m"
            },
            { "action" : "toggle space camera",
              "actionString" : "toggle space camera",
              "conflicted" : false,
              "default" : "",
              "dirty" : false,
              "group" : "camera",
              "value" : ""
            },
            { "action" : "zoom to surface",
              "actionString" : "zoom to surface",
              "conflicted" : false,
              "default" : "",
              "dirty" : false,
              "group" : "camera",
              "value" : ""
            },
            { "action" : "zoom to air",
              "actionString" : "zoom to air",
              "conflicted" : false,
              "default" : "",
              "dirty" : false,
              "group" : "camera",
              "value" : ""
            },
            { "action" : "zoom to orbital",
              "actionString" : "zoom to orbital",
              "conflicted" : false,
              "default" : "",
              "dirty" : false,
              "group" : "camera",
              "value" : ""
            },
            { "action" : "zoom to celestial",
              "actionString" : "zoom to celestial",
              "conflicted" : false,
              "default" : "",
              "dirty" : false,
              "group" : "camera",
              "value" : ""
            },
            { "action" : "previous planet",
              "actionString" : "previous planet",
              "conflicted" : false,
              "default" : "",
              "dirty" : false,
              "group" : "camera",
              "value" : ""
            },
            { "action" : "next planet",
              "actionString" : "next planet",
              "conflicted" : false,
              "default" : ",",
              "dirty" : false,
              "group" : "camera",
              "value" : ","
            },
            { "action" : "align to pole",
              "actionString" : "align to pole",
              "conflicted" : false,
              "default" : "n",
              "dirty" : false,
              "group" : "camera",
              "value" : "n"
            },
            { "action" : "increaseCameraPanSpeed",
              "actionString" : "increaseCameraPanSpeed",
              "conflicted" : false,
              "default" : "",
              "dirty" : false,
              "group" : "camera",
              "value" : ""
            },
            { "action" : "decreaseCameraPanSpeed",
              "actionString" : "decreaseCameraPanSpeed",
              "conflicted" : false,
              "default" : "",
              "dirty" : false,
              "group" : "camera",
              "value" : ""
            },
            { "action" : "smooth zoom out",
              "actionString" : "smooth zoom out",
              "conflicted" : false,
              "default" : "",
              "dirty" : false,
              "group" : "camera",
              "value" : ""
            },
            { "action" : "smooth zoom in",
              "actionString" : "smooth zoom in",
              "conflicted" : false,
              "default" : "",
              "dirty" : false,
              "group" : "camera",
              "value" : ""
            },
            { "action" : "relax constraints",
              "actionString" : "relax constraints",
              "conflicted" : false,
              "default" : "",
              "dirty" : false,
              "group" : "camera",
              "value" : ""
            },
            { "action" : "restore constraints",
              "actionString" : "restore constraints",
              "conflicted" : false,
              "default" : "",
              "dirty" : false,
              "group" : "camera",
              "value" : ""
            }
          ],
        "name" : "camera"
      },
      { "keybinds" : [ { "action" : "abort",
              "actionString" : "abort",
              "conflicted" : false,
              "default" : "",
              "dirty" : false,
              "group" : "debugging",
              "value" : ""
            },
            { "action" : "crash",
              "actionString" : "crash",
              "conflicted" : false,
              "default" : "",
              "dirty" : false,
              "group" : "debugging",
              "value" : ""
            },
            { "action" : "reload view",
              "actionString" : "reload view",
              "conflicted" : false,
              "default" : "f5",
              "dirty" : false,
              "group" : "debugging",
              "value" : "f5"
            },
            { "action" : "toggle audio logging",
              "actionString" : "toggle audio logging",
              "conflicted" : false,
              "default" : "",
              "dirty" : false,
              "group" : "debugging",
              "value" : ""
            },
            { "action" : "quick profile",
              "actionString" : "quick profile",
              "conflicted" : false,
              "default" : "ctrl+f11",
              "dirty" : false,
              "group" : "debugging",
              "value" : "ctrl+f11"
            },
            { "action" : "bug report",
              "actionString" : "bug report",
              "conflicted" : false,
              "default" : "ctrl+f10",
              "dirty" : false,
              "group" : "debugging",
              "value" : "ctrl+f10"
            },
            { "action" : "toggle nav debug",
              "actionString" : "toggle nav debug",
              "conflicted" : false,
              "default" : "ctrl+alt+f11",
              "dirty" : false,
              "group" : "debugging",
              "value" : "ctrl+alt+f11"
            },
            { "action" : "toggle console",
              "actionString" : "toggle console",
              "conflicted" : false,
              "default" : "`",
              "dirty" : false,
              "group" : "debugging",
              "value" : "`"
            }
          ],
        "name" : "debugging"
      },
      { "keybinds" : [ { "action" : "copy unit",
              "actionString" : "copy unit",
              "conflicted" : false,
              "default" : "ctrl+c",
              "dirty" : false,
              "group" : "hacks",
              "value" : "ctrl+c"
            },
            { "action" : "paste unit",
              "actionString" : "paste unit",
              "conflicted" : false,
              "default" : "ctrl+v",
              "dirty" : false,
              "group" : "hacks",
              "value" : "ctrl+v"
            },
            { "action" : "set army from hover",
              "actionString" : "set army from hover",
              "conflicted" : false,
              "default" : "ctrl+b",
              "dirty" : false,
              "group" : "hacks",
              "value" : "ctrl+b"
            },
            { "action" : "toggle FOW",
              "actionString" : "toggle FOW",
              "conflicted" : false,
              "default" : "ctrl+j",
              "dirty" : false,
              "group" : "hacks",
              "value" : "ctrl+j"
            },
            { "action" : "build avatar",
              "actionString" : "build avatar",
              "binding" : "ctrl+alt+a",
              "conflicted" : false,
              "default" : "alt+f1",
              "dirty" : false,
              "group" : "hacks",
              "value" : "ctrl+alt+a"
            },
            { "action" : "build avatar factory",
              "actionString" : "build avatar factory",
              "binding" : "",
              "conflicted" : false,
              "default" : "alt+f2",
              "dirty" : false,
              "group" : "hacks",
              "value" : ""
            }
          ],
        "name" : "hacks"
      },
      { "keybinds" : [ { "action" : "Lock Pole",
              "actionString" : "Lock Pole",
              "binding" : "y",
              "conflicted" : false,
              "default" : "",
              "dirty" : false,
              "group" : "hotbuild",
              "value" : "y"
            },
            { "action" : "Toggle Cinematic",
              "actionString" : "Toggle Cinematic",
              "binding" : "f8",
              "conflicted" : false,
              "default" : "",
              "dirty" : false,
              "group" : "hotbuild",
              "value" : "f8"
            },
            { "action" : "Toggle Terrestrial",
              "actionString" : "Toggle Terrestrial",
              "binding" : "f9",
              "conflicted" : false,
              "default" : "",
              "dirty" : false,
              "group" : "hotbuild",
              "value" : "f9"
            },
            { "action" : "Toggle Hotbuild",
              "actionString" : "Toggle Hotbuild",
              "conflicted" : false,
              "default" : "",
              "dirty" : false,
              "group" : "hotbuild",
              "value" : ""
            },
            { "action" : "Toggle HotSelect",
              "actionString" : "Toggle HotSelect",
              "conflicted" : false,
              "default" : "",
              "dirty" : false,
              "group" : "hotbuild",
              "value" : ""
            }
          ],
        "name" : "hotbuild"
      }
    ]
}