{
  "tool_type":"TOOL_Weapon",
  "ammo_id":"/pa/units/land/bot_bomb/bot_bomb_ammo.json",
  "rate_of_fire": 6,
  "idle_aim_delay": 1,
  "max_range": 30,
  "yaw_rate": 3600,
  "pitch_rate": 3600,
  "yaw_range": 180,
  "pitch_range": 40,
  "firing_arc_yaw":360,
  "firing_arc_pitch":360,
  "firing_standard_deviation": 3,
  "auto_attack":true,
  "self_destruct":true,
  "no_busy_auto_attack":true,
  "target_layers":[
    "WL_LandHorizontal",
    "WL_Seafloor",
    "WL_WaterSurface"
  ]
}