{
  "ammo_type": "Projectile",
  "attachable": {
    "offsets": {
      "root": [
        0,
        0,
        0
      ]
    }
  },
  "audio_loop": "/SE/Movement/missile/orbital_missile_fly_loop",
  "build_metal_cost": 1,
  "cruise_height": 150,
  "damage": 0,
  "enable_orbital_shell": true,
  "events": {
    "build_complete": {
      "audio_cue": "/SE/Weapons/structure/unit_cannon_fire"
    },
    "died": {
      "audio_cue": "/SE/Impacts/missile_orbital",
      "effect_spec": "/pa/units/air/missile_orbital/missile_orbital_explosion.pfx",
      "effect_world_aligned": false
    }
  },
  "flight_type": "Staged",
  "fx_trail": {
    "filename": "/pa/units/air/missile_orbital/missile_orbital_trail.pfx",
    "offset": [
      0,
      16.8,
      0
    ]
  },
  "gravwell_velocity_multiplier": 20.0,
  "initial_velocity": 75,
  "interplanetary_type": "INTER_System",
  "lifetime": 0,
  "max_velocity": 75,
  "model": {
    "filename": "/pa/units/air/missile_orbital/missile_orbital.papa"
  },
  "physics": {
    "add_to_spatial_db": true,
    "allow_underground": true,
    "gravity_scalar": 3,
    "ignore_gravity": true,
    "layer": "orbital",
    "push_class": 1,
    "radius": 10
  },
  "show_in_orbital_layer": true,
  "show_strategic_icon": true,
  "si_name": "icon_si_blip",
  "splash_damage": 0,
  "splash_damages_allies": "false",
  "splash_radius": 0,
  "stages": [
    {
      "ignores_LOS": true,
      "ignores_gravity": true,
      "rotates_to_velocity": true,
      "stage_duration": 3000,
      "stage_turn_rate": 0
    },
    {
      "climb_angle": 45,
      "ignores_LOS": true,
      "ignores_gravity": true,
      "rotates_to_velocity": true,
      "stage_change_height": 200,
      "stage_duration": 0,
      "stage_turn_rate": 90
    },
    {
      "apply_thrust": true,
      "climb_angle": 45,
      "ignores_LOS": true,
      "ignores_gravity": true,
      "rotates_to_velocity": true,
      "stage_duration": 30000
    },
    {
      "apply_thrust": false,
      "ignores_LOS": false,
      "ignores_gravity": false,
      "rotates_to_velocity": true,
      "stage_duration": 1000
    },
    {
      "apply_thrust": false,
      "ignores_LOS": false,
      "release_payload": true,
      "rotates_to_velocity": true,
      "stage_duration": 0
    }
  ],
  "system_velocity_multiplier": 15.0,
  "turn_rate": 180,
  "unit_types": [
    "UNITTYPE_Mobile",
    "UNITTYPE_Orbital"
  ]
}