{
    "context": "client",
    "identifier": "com.pa.tatsu.SCicons",
    "display_name": "Sup Com icons",
    "description": "Forged Alliance Forever-inspired icons",
    "author": "tatsu",
    "version": "10",
    "build": "63180",
    "date": "2014/03/03",
    "signature": "not yet implemented",
    "forum": "https://forums.uberent.com/threads/rel-sup-com-strategic-icons.48554/",
    "icon": "http://pamods.github.io/icons/SCicons.png",
    "category": [
        "Strategic Icons",
        "in-game",
        "ui"
    ],
    "id": "SCicons",
    "priority": 100,
    "enabled": true,
	"requires": [
        "teamBuildColor"
    ]
}