{
    "context": "client",
    "identifier": "com.pa.raevn.rmodslist",
    "display_name": "Installed Mods List",
    "description": "Adds a 'Mods' button to the main menu which shows a list of currently enabled mods",
    "author": "Raevn",
    "version": "3.0.0",
    "build": "63234",
    "signature": "not yet implemented",
    "date": "2014/03/27",
    "priority": 100,
    "enabled": true,
    "id": "rModsList",
    "start": [
        "coui://ui/mods/rModsList/rModsList.js",
        "coui://ui/mods/rModsList/rModsList.css"
    ],
    "forum": "https://forums.uberent.com/threads/rel-installed-mods-list-v1-2-1-58197.54645/",
    "category": [
        "modding",
        "ui"
    ],
    "requires": [
        "rPAMM"
    ]
}