{
    "context": "client",
    "identifier": "com.pa.trialq.tGWSpeedHotfix",
    "display_name": "Galactic War Speed Hotfix",
    "description": "Fixes the stock cards that buff a units speed, so the buff is actually applied.",
    "author": "trialq",
    "version": "1.0",
    "build": "66567",
    "date": "2014/05/27",
    "icon": "http://pamods.github.io/icons/tGWSpeedHotfix.png",
    "signature": "not yet implemented",
    "category": [
        "in-game",
        "galactic-war",
	"hotfix"
    ],
    "id": "tGWSpeedHotfix",
    "priority": 100,
    "enabled": true
}
