{
    "context": "client",
    "identifier": "com.pa.raevn.rbiggerarmoryimages",
    "display_name": "Armory Commander Preview",
    "description": "Adds a large preview image of the selected Commander in the Armoury",
    "author": "Raevn",
    "version": "1.1.0",
    "signature": "not yet implemented",
    "priority": 100,
    "enabled": true,
    "id": "rBiggerArmoryImages",
    "forum": "https://forums.uberent.com/threads/rel-bigger-armory-images-62037.56963/",
    "category": [
        "armory",
		"ui"
    ],
    "scenes": {
        "armory": [
            "coui://ui/mods/rBiggerArmoryImages/rBiggerArmoryImages.js",
            "coui://ui/mods/rBiggerArmoryImages/rBiggerArmoryImages.css"
        ]
    },
    "date": "2014/03/02",
    "build": "62165"
}
