{
    "context": "client",
    "identifier": "net.corang.corBetterBuildBar",
    "display_name": "Better Build Bar",
    "description": "Transparent Build Bar that takes up less space",
    "author": "Corang",
    "version": "2.0",
    "build": "62165",
    "date": "2014/03/02",
    "signature": "not yet implemented",
    "forum": "https://forums.uberent.com/threads/rel-better-build-bar.57183/",
    "category": [
        "in-game",
        "ui"
    ],
    "id": "corBetterBuildBar",
    "priority": 100,
    "live_game": [
        "coui://ui/mods/corBetterBuildBar/corBetterBuildBar.css",
        "coui://ui/mods/corBetterBuildBar/corBetterBuildBar.js"
    ],
    "enabled": true
}