{
  "author": "wondible",
  "build": "66567",
  "category": [
    "ui",
    "main menu",
    "modding"
  ],
  "context": "client",
  "date": "2014/06/14",
  "description": "One click to start a game vs an AI with no economy, or as configured in settings.",
  "display_name": "Instant Sandbox",
  "enabled": true,
  "forum": "https://forums.uberent.com/threads/wip-instant-sandbox.56920/",
  "id": "instant_sandbox",
  "identifier": "pa.wondible.instant_sandbox",
  "icon": "http://pamods.github.io/icons/instant_sandbox.png",
  "priority": 100,
  "scenes": {
    "start": [
      "coui://ui/mods/instant_sandbox/panhandler.js",
      "coui://ui/mods/instant_sandbox/bootstrap.js"
    ],
    "settings": [
      "coui://ui/mods/instant_sandbox/settings.js"
    ]
  },
  "signature": "not yet implemented",
  "version": "1.3.0"
}