{"uber":{"keybinding_Lock Pole":"\"y\"","keybinding_Requeue":"\"o\"","keybinding_Toggle Energy":"\"tab\"","keybinding_View Notification":"\"space\"","keybinding_abort":"\"\"","keybinding_align to pole":"\"n\"","keybinding_assist":"\"i\"","keybinding_attack":"\"\"","keybinding_bug report":"\"ctrl+f10\"","keybinding_build advanced air factory":"\"\"","keybinding_build advanced bot factory":"\"\"","keybinding_build advanced energy plant":"\"\"","keybinding_build advanced floating laser":"\"\"","keybinding_build advanced laser defense tower":"\"\"","keybinding_build advanced metal extractor":"\"\"","keybinding_build advanced naval factory":"\"\"","keybinding_build advanced orbital factory":"\"\"","keybinding_build advanced orbital launcher":"\"\"","keybinding_build advanced radar":"\"\"","keybinding_build advanced sonar":"\"\"","keybinding_build advanced torpedo launcher":"\"\"","keybinding_build advanced vehicle factory":"\"\"","keybinding_build air defense tower":"\"\"","keybinding_build air factory":"\"\"","keybinding_build ant":"\"\"","keybinding_build anti-nuke launcher":"\"\"","keybinding_build avatar":"\"alt+f1\"","keybinding_build avatar factory":"\"alt+f2\"","keybinding_build barracuda":"\"\"","keybinding_build bluebottle":"\"\"","keybinding_build bot factory":"\"\"","keybinding_build bumblebee":"\"\"","keybinding_build catapult":"\"\"","keybinding_build dolphin":"\"\"","keybinding_build energy storage":"\"\"","keybinding_build energy_plant":"\"\"","keybinding_build fabrication aircraft":"\"\"","keybinding_build fabrication aircraft_adv":"\"\"","keybinding_build fabrication bot":"\"\"","keybinding_build fabrication ship":"\"\"","keybinding_build fabrication ship_adv":"\"\"","keybinding_build fabrication sub":"\"\"","keybinding_build fabrication vehicle":"\"\"","keybinding_build fabrication vehicle_adv":"\"\"","keybinding_build fabrication_bot_adv":"\"\"","keybinding_build firefly":"\"\"","keybinding_build floating laser tower":"\"\"","keybinding_build hornet":"\"\"","keybinding_build hummingbird":"\"\"","keybinding_build jellyfish":"\"\"","keybinding_build laser defense tower":"\"\"","keybinding_build leveler":"\"\"","keybinding_build leviathan":"\"\"","keybinding_build lobber":"\"\"","keybinding_build metal extractor":"\"\"","keybinding_build metal storage":"\"\"","keybinding_build narwhal":"\"\"","keybinding_build naval factory":"\"\"","keybinding_build nuke launcher":"\"\"","keybinding_build orbital fabrication_bot":"\"\"","keybinding_build orbital factory":"\"\"","keybinding_build orbital fighter":"\"\"","keybinding_build orbital gas_mine":"\"\"","keybinding_build orbital lander":"\"\"","keybinding_build orbital laser":"\"\"","keybinding_build orbital launcher":"\"\"","keybinding_build pelter":"\"\"","keybinding_build peregrine":"\"\"","keybinding_build radar":"\"\"","keybinding_build radar advanced satellite":"\"\"","keybinding_build radar satellite":"\"\"","keybinding_build sea barrier":"\"\"","keybinding_build sea energy plant":"\"\"","keybinding_build sea energy plant adv":"\"\"","keybinding_build sea energy storage":"\"\"","keybinding_build sea metal extractor":"\"\"","keybinding_build sea metal extractor adv":"\"\"","keybinding_build sea metal storage":"\"\"","keybinding_build sheller":"\"\"","keybinding_build skitter":"\"\"","keybinding_build slammer":"\"\"","keybinding_build solar array":"\"\"","keybinding_build sonar":"\"\"","keybinding_build spinner":"\"\"","keybinding_build stinger":"\"\"","keybinding_build stingray":"\"\"","keybinding_build stomper":"\"\"","keybinding_build sun fish":"\"\"","keybinding_build torpedo launcher":"\"\"","keybinding_build unit cannon":"\"\"","keybinding_build vehicle factory":"\"\"","keybinding_build wall":"\"\"","keybinding_capture anchor 0":"\"shift+0\"","keybinding_capture anchor 1":"\"shift+1\"","keybinding_capture anchor 2":"\"shift+2\"","keybinding_capture anchor 3":"\"shift+3\"","keybinding_capture anchor 4":"\"shift+4\"","keybinding_capture anchor 5":"\"shift+5\"","keybinding_capture anchor 6":"\"shift+6\"","keybinding_capture anchor 7":"\"shift+7\"","keybinding_capture anchor 8":"\"shift+8\"","keybinding_capture anchor 9":"\"shift+9\"","keybinding_capture group 0":"\"ctrl+0\"","keybinding_capture group 1":"\"ctrl+1\"","keybinding_capture group 2":"\"ctrl+2\"","keybinding_capture group 3":"\"ctrl+3\"","keybinding_capture group 4":"\"ctrl+4\"","keybinding_capture group 5":"\"ctrl+5\"","keybinding_capture group 6":"\"ctrl+6\"","keybinding_capture group 7":"\"ctrl+7\"","keybinding_capture group 8":"\"ctrl+8\"","keybinding_capture group 9":"\"ctrl+9\"","keybinding_command mode [assist]":"\"\"","keybinding_command mode [attack]":"\"\"","keybinding_command mode [celestial move]":"\"\"","keybinding_command mode [move]":"\"\"","keybinding_command mode [patrol]":"\"\"","keybinding_command mode [reclaim]":"\"\"","keybinding_command mode [repair]":"\"\"","keybinding_command mode [special move]":"\"\"","keybinding_command mode [unload]":"\"\"","keybinding_copy unit":"\"ctrl+c\"","keybinding_crash":"\"\"","keybinding_decreaseCameraPanSpeed":"\"\"","keybinding_disable navigation debug info":"\"\"","keybinding_enable navigation debug info":"\"\"","keybinding_fire at will":"\"\"","keybinding_hold fire":"\"\"","keybinding_hold position":"\"\"","keybinding_increaseCameraPanSpeed":"\"\"","keybinding_last psuedo frame":"\"\"","keybinding_maneuver":"\"\"","keybinding_move":"\"m\"","keybinding_next build tab":"\"\"","keybinding_next planet":"\",\"","keybinding_next psuedo frame":"\"\"","keybinding_normal chat":"\"enter\"","keybinding_paste unit":"\"ctrl+v\"","keybinding_patrol":"\"\"","keybinding_pause time":"\"\"","keybinding_play backwards at 100%":"\"\"","keybinding_play backwards at 50%":"\"\"","keybinding_play forward at 100%":"\"\"","keybinding_play forward at 50%":"\"\"","keybinding_previous planet":"\"\"","keybinding_quick profile":"\"ctrl+f11\"","keybinding_recall anchor 0":"\"alt+0\"","keybinding_recall anchor 1":"\"alt+1\"","keybinding_recall anchor 2":"\"alt+2\"","keybinding_recall anchor 3":"\"alt+3\"","keybinding_recall anchor 4":"\"alt+4\"","keybinding_recall anchor 5":"\"alt+5\"","keybinding_recall anchor 6":"\"alt+6\"","keybinding_recall anchor 7":"\"alt+7\"","keybinding_recall anchor 8":"\"alt+8\"","keybinding_recall anchor 9":"\"alt+9\"","keybinding_recall group 0":"\"0\"","keybinding_recall group 1":"\"1\"","keybinding_recall group 2":"\"2\"","keybinding_recall group 3":"\"3\"","keybinding_recall group 4":"\"4\"","keybinding_recall group 5":"\"5\"","keybinding_recall group 6":"\"6\"","keybinding_recall group 7":"\"7\"","keybinding_recall group 8":"\"8\"","keybinding_recall group 9":"\"9\"","keybinding_reclaim":"\"\"","keybinding_relax constraints":"\"\"","keybinding_reload view":"\"f5\"","keybinding_repair":"\"\"","keybinding_restore constraints":"\"\"","keybinding_resume at latest time":"\"\"","keybinding_return fire":"\"\"","keybinding_roam":"\"\"","keybinding_select all air combat units":"\"ctrl+shift+f8\"","keybinding_select all air combat units on screen":"\"shift+f8\"","keybinding_select all combat units":"\"ctrl+shift+f6\"","keybinding_select all combat units on screen":"\"shift+f6\"","keybinding_select all factories":"\"shift+f1\"","keybinding_select all factories on screen":"\"shift+f3\"","keybinding_select all idle factories":"\"shift+f2\"","keybinding_select all idle factories on screen":"\"shift+f4\"","keybinding_select all land combat units":"\"ctrl+shift+f7\"","keybinding_select all land combat units on screen":"\"shift+f7\"","keybinding_select all matching units on screen":"\"ctrl+z\"","keybinding_select all naval combat units":"\"ctrl+shift+f9\"","keybinding_select all naval combat units on screen":"\"shift+f9\"","keybinding_select commander":"\"\"","keybinding_select commie":"\"b\"","keybinding_select idle fabbers":"\"\"","keybinding_self destruct selected unit":"\"del\"","keybinding_set army from hover":"\"ctrl+b\"","keybinding_set debug camera":"\"\"","keybinding_set free camera":"\"\"","keybinding_set space camera":"\"\"","keybinding_show/hide UI":"\"ctrl+u\"","keybinding_show/hide performance panel":"\"ctrl+p\"","keybinding_smooth zoom in":"\"\"","keybinding_smooth zoom out":"\"\"","keybinding_stop":"\"q\"","keybinding_stop command":"\"\"","keybinding_team chat":"\"shift+enter\"","keybinding_toggle FOW":"\"ctrl+j\"","keybinding_toggle audio logging":"\"\"","keybinding_toggle debug camera":"\"ctrl+m\"","keybinding_toggle free camera":"\"\"","keybinding_toggle fullscreen":"\"alt+enter\"","keybinding_toggle music":"\"ctrl+s\"","keybinding_toggle space camera":"\"\"","keybinding_track selection with camera":"\"\"","keybinding_unload":"\"u\"","keybinding_zoom to air":"\"\"","keybinding_zoom to celestial":"\"\"","keybinding_zoom to orbital":"\"\"","keybinding_zoom to surface":"\"\""},"hotbuildglobalkey":{"hotbuild1s":"f","hotbuild2s":"g","hotbuild3s":"t","hotbuild4s":"h","hotbuild5s":"r","hotbuild6s":"e","hotbuild7s":"x","hotbuild8s":"c","hotbuild9s":"v","hotbuild10s":"z","hotbuild11s":"j","hotbuild12s":"","hotbuild13s":"","hotbuild14s":"","hotbuild15s":"","hotbuild16s":"","hotbuild17s":"","hotbuild18s":"","hotbuild19s":"","hotbuild20s":""},"hotbuildglobal":{"hotbuild1s":[{"json":"/pa/units/land/vehicle_factory/vehicle_factory.json","desc":"Factory: Builds land vehicles","displayname":"Vehicle Factory","factory":"","image":"../live_game/img/build_bar/units/vehicle_factory.png","json2":"/pa/units/land/vehicle_factory/vehicle_factory.json"},{"json":"/pa/units/land/bot_factory/bot_factory.json","desc":"Factory: Builds bots","displayname":"Bot Factory","factory":"","image":"../live_game/img/build_bar/units/bot_factory.png","json2":"/pa/units/land/bot_factory/bot_factory.json"},{"json":"/pa/units/land/land_scout/land_scout.json","desc":"Scout: Weak anti-land gun, fast speed","displayname":"Skitter","factory":"vecfac","image":"../live_game/img/build_bar/units/land_scout.png","json2":"/pa/units/land/land_scout/land_scout.json"},{"json":"/pa/units/air/air_scout/air_scout.json","desc":"Scout: Weak anti-land laser, fast speed","displayname":"Firefly","factory":"afac","image":"../live_game/img/build_bar/units/air_scout.png","json2":"/pa/units/air/air_scout/air_scout.json"},{"json":"/pa/units/sea/sea_scout/sea_scout.json","desc":"Scout Class: Light weaponry, fast speed","displayname":"Sun Fish","factory":"nfac","image":"../live_game/img/build_bar/units/sea_scout.png","json2":"/pa/units/sea/sea_scout/sea_scout.json"}],"hotbuild2s":[{"json":"/pa/units/air/air_factory/air_factory.json","desc":"Factory: Builds air units","displayname":"Air Factory","factory":"","image":"../live_game/img/build_bar/units/air_factory.png","json2":"/pa/units/air/air_factory/air_factory.json"},{"json":"/pa/units/air/air_factory_adv/air_factory_adv.json","desc":"Advanced Factory: Builds air units","displayname":"Advanced Air Factory","factory":"","image":"../live_game/img/build_bar/units/air_factory_adv.png","json2":"/pa/units/air/air_factory_adv/air_factory_adv.json"},{"json":"/pa/units/sea/naval_factory/naval_factory.json","desc":"Factory: Builds naval units","displayname":"Naval Factory","factory":"","image":"../live_game/img/build_bar/units/naval_factory.png","json2":"/pa/units/sea/naval_factory/naval_factory.json"},{"json":"/pa/units/sea/naval_factory_adv/naval_factory_adv.json","desc":"Advanced Factory: Builds naval units","displayname":"Advanced Naval Factory","factory":"","image":"../live_game/img/build_bar/units/naval_factory_adv.png","json2":"/pa/units/sea/naval_factory_adv/naval_factory_adv.json"},{"json":"/pa/units/orbital/orbital_launcher/orbital_launcher.json","desc":"Orbital factory - build and launch satellites and other units.","displayname":"Orbital Launcher","factory":"","image":"../live_game/img/build_bar/units/orbital_launcher.png","json2":"/pa/units/orbital/orbital_launcher/orbital_launcher.json"},{"json":"/pa/units/land/bot_artillery_adv/bot_artillery_adv.json","desc":"Sniper Bot: Long range, anti-land, and anti-ship bot","displayname":"Gil-E","factory":"abotfac","image":"../live_game/img/build_bar/units/bot_artillery_adv.png","json2":"/pa/units/land/bot_artillery_adv/bot_artillery_adv.json"},{"json":"/pa/units/land/tank_heavy_mortar/tank_heavy_mortar.json","desc":"Mobile Artillery: Mobile Artillery","displayname":"Sheller","factory":"avecfac","image":"../live_game/img/build_bar/units/tank_heavy_mortar.png","json2":"/pa/units/land/tank_heavy_mortar/tank_heavy_mortar.json"},{"json":"/pa/units/sea/attack_sub/attack_sub.json","desc":"Submarine Class: Anti-sub and anti-ship torpedoes","displayname":"Dolphin","factory":"nfac","image":"../live_game/img/build_bar/units/attack_sub.png","json2":"/pa/units/sea/attack_sub/attack_sub.json"},{"json":"/pa/units/sea/missile_ship/missile_ship.json","desc":"Artillery Class: Long range guided missiles","displayname":"Stingray","factory":"anfac","image":"../live_game/img/build_bar/units/missile_ship.png","json2":"/pa/units/sea/missile_ship/missile_ship.json"},{"json":"/pa/units/orbital/orbital_laser/orbital_laser.json","desc":"Orbital Laser Platform: Death from above","displayname":"SXX-1304 Laser Platform","factory":"ofac","image":"../live_game/img/build_bar/units/orbital_laser.png","json2":"/pa/units/orbital/orbital_laser/orbital_laser.json"}],"hotbuild3s":[{"json":"/pa/units/land/radar_adv/radar_adv.json","desc":"Advanced Radar: Detects nearby enemy land, sea, and air units","displayname":"Advanced Radar","factory":"","image":"../live_game/img/build_bar/units/radar_adv.png","json2":"/pa/units/land/radar_adv/radar_adv.json"},{"json":"/pa/units/land/radar/radar.json","desc":"Radar: Detects nearby enemy land, sea, and air units","displayname":"Radar","factory":"","image":"../live_game/img/build_bar/units/radar.png","json2":"/pa/units/land/radar/radar.json"},{"json":"/pa/units/orbital/deep_space_radar/deep_space_radar.json","desc":"Orbital and Deepspace Radar: Orbital and Celestial radar telemetry","displayname":"Orbital and Deepspace Radar","factory":"","image":"../live_game/img/build_bar/units/deep_space_radar.png","json2":"/pa/units/orbital/deep_space_radar/deep_space_radar.json"},{"json":"/pa/units/air/fighter/fighter.json","desc":"Fighter: Anti-air missiles","displayname":"Hummingbird","factory":"afac","image":"../live_game/img/build_bar/units/fighter.png","json2":"/pa/units/air/fighter/fighter.json"},{"json":"/pa/units/air/fighter_adv/fighter_adv.json","desc":"Advanced Fighter: Anti-air missiles","displayname":"Peregrine","factory":"aafac","image":"../live_game/img/build_bar/units/fighter_adv.png","json2":"/pa/units/air/fighter_adv/fighter_adv.json"},{"json":"/pa/units/land/aa_missile_vehicle/aa_missile_vehicle.json","desc":"AA: Anti-air missiles","displayname":"Spinner","factory":"vecfac","image":"../live_game/img/build_bar/units/aa_missile_vehicle.png","json2":"/pa/units/land/aa_missile_vehicle/aa_missile_vehicle.json"},{"json":"/pa/units/land/bot_aa/bot_aa.json","desc":"AA: Anti-air missiles","displayname":"Stinger","factory":"botfac","image":"../live_game/img/build_bar/units/bot_aa.png","json2":"/pa/units/land/bot_aa/bot_aa.json"},{"json":"/pa/units/sea/frigate/frigate.json","desc":"Frigate Class: Anti-air missiles, anti-ship guns","displayname":"Narwhal","factory":"nfac","image":"../live_game/img/build_bar/units/frigate.png","json2":"/pa/units/sea/frigate/frigate.json"}],"hotbuild4s":[{"json":"/pa/units/land/vehicle_factory_adv/vehicle_factory_adv.json","desc":"Advanced Factory: Builds land vehicles","displayname":"Advanced Vehicle Factory","factory":"","image":"../live_game/img/build_bar/units/vehicle_factory_adv.png","json2":"/pa/units/land/vehicle_factory_adv/vehicle_factory_adv.json"},{"json":"/pa/units/land/bot_factory_adv/bot_factory_adv.json","desc":"Advanced Factory: Builds advanced bots","displayname":"Advanced Bot Factory","factory":"","image":"../live_game/img/build_bar/units/bot_factory_adv.png","json2":"/pa/units/land/bot_factory_adv/bot_factory_adv.json"},{"json":"/pa/units/sea/nuclear_sub/nuclear_sub.json","desc":"Sub Class: Anti-sub and anti-ship torpedoes, long range ballistic nuclear missile","displayname":"Barracuda","factory":"anfac","image":"../live_game/img/build_bar/units/nuclear_sub.png","json2":"/pa/units/sea/nuclear_sub/nuclear_sub.json"},{"json":"/pa/units/orbital/orbital_lander/orbital_lander.json","desc":"Orbital Lander: Load it up, get units to other planets.","displayname":"Astraeus","factory":"ofac","image":"../live_game/img/build_bar/units/orbital_lander.png","json2":"/pa/units/orbital/orbital_lander/orbital_lander.json"}],"hotbuild5s":[{"json":"/pa/units/land/energy_plant_adv/energy_plant_adv.json","desc":"Advanced Energy: Produces energy","displayname":"Advanced Energy Plant","factory":"","image":"../live_game/img/build_bar/units/energy_plant_adv.png","json2":"/pa/units/land/energy_plant_adv/energy_plant_adv.json"},{"json":"/pa/units/land/energy_plant/energy_plant.json","desc":"Energy: Produces energy","displayname":"Energy Plant","factory":"","image":"../live_game/img/build_bar/units/energy_plant.png","json2":"/pa/units/land/energy_plant/energy_plant.json"},{"json":"/pa/units/land/assault_bot/assault_bot.json","desc":"Assault: Anti-land and anti-ship lasers","displayname":"Dox","factory":"botfac","image":"../live_game/img/build_bar/units/assault_bot.png","json2":"/pa/units/land/assault_bot/assault_bot.json"},{"json":"/pa/units/land/assault_bot_adv/assault_bot_adv.json","desc":"Advanced Assault: Strong anti-land and anti-ship lasers","displayname":"Slammer","factory":"abotfac","image":"../live_game/img/build_bar/units/assault_bot_adv.png","json2":"/pa/units/land/assault_bot_adv/assault_bot_adv.json"},{"json":"/pa/units/land/tank_light_laser/tank_light_laser.json","desc":"Tank: Anti-land and anti-ship guns","displayname":"Pounder","factory":"vecfac","image":"../live_game/img/build_bar/units/tank_light_laser.png","json2":"/pa/units/land/tank_light_laser/tank_light_laser.json"},{"json":"/pa/units/land/tank_laser_adv/tank_laser_adv.json","desc":"Advanced Tank: Anti-land and anti-ship guns","displayname":"Leveler","factory":"avecfac","image":"../live_game/img/build_bar/units/tank_laser_adv.png","json2":"/pa/units/land/tank_laser_adv/tank_laser_adv.json"},{"json":"/pa/units/air/bomber/bomber.json","desc":"Bomber: Anti-land and anti-naval bombs","displayname":"Bumblebee","factory":"afac","image":"../live_game/img/build_bar/units/bomber.png","json2":"/pa/units/air/bomber/bomber.json"},{"json":"/pa/units/air/bomber_adv/bomber_adv.json","desc":"Advanced Bomber: Strong anti-land and anti-naval bombs","displayname":"Hornet","factory":"aafac","image":"../live_game/img/build_bar/units/bomber_adv.png","json2":"/pa/units/air/bomber_adv/bomber_adv.json"},{"json":"/pa/units/sea/destroyer/destroyer.json","desc":"Destroyer Class: Anti-land and anti-ship guns","displayname":"Bluebottle","factory":"nfac","image":"../live_game/img/build_bar/units/destroyer.png","json2":"/pa/units/sea/destroyer/destroyer.json"},{"json":"/pa/units/sea/battleship/battleship.json","desc":"Battleship Class: Long range, anti-ship, and anti-land guns","displayname":"Leviathan","factory":"anfac","image":"../live_game/img/build_bar/units/battleship.png","json2":"/pa/units/sea/battleship/battleship.json"},{"json":"/pa/units/orbital/orbital_fighter/orbital_fighter.json","desc":"Orbital Fighter: Fast moving orbital fighter for offense and defense.","displayname":"Avenger","factory":"ofac","image":"../live_game/img/build_bar/units/orbital_fighter.png","json2":"/pa/units/orbital/orbital_fighter/orbital_fighter.json"}],"hotbuild6s":[{"json":"/pa/units/land/metal_extractor_adv/metal_extractor_adv.json","desc":"Advanced Metal: Produces metal, can only be placed on metal deposits","displayname":"Advanced Metal Extractor","factory":"","image":"../live_game/img/build_bar/units/metal_extractor_adv.png","json2":"/pa/units/land/metal_extractor_adv/metal_extractor_adv.json"},{"json":"/pa/units/land/metal_extractor/metal_extractor.json","desc":"Metal: Produces metal, can only be placed on metal deposits","displayname":"Metal Extractor","factory":"","image":"../live_game/img/build_bar/units/metal_extractor.png","json2":"/pa/units/land/metal_extractor/metal_extractor.json"},{"json":"/pa/units/land/fabrication_bot_adv/fabrication_bot_adv.json","desc":"Advanced Fabrication: Builds structures","displayname":"Advanced Fabrication Bot","factory":"abotfac","image":"../live_game/img/build_bar/units/fabrication_bot_adv.png","json2":"/pa/units/land/fabrication_bot_adv/fabrication_bot_adv.json"},{"json":"/pa/units/land/fabrication_bot/fabrication_bot.json","desc":"Fabrication: Builds structures","displayname":"Fabrication Bot","factory":"botfac","image":"../live_game/img/build_bar/units/fabrication_bot.png","json2":"/pa/units/land/fabrication_bot/fabrication_bot.json"},{"json":"/pa/units/land/fabrication_vehicle_adv/fabrication_vehicle_adv.json","desc":"Advanced Fabrication: Builds structures","displayname":"Advanced Fabrication Vehicle","factory":"avecfac","image":"../live_game/img/build_bar/units/fabrication_vehicle_adv.png","json2":"/pa/units/land/fabrication_vehicle_adv/fabrication_vehicle_adv.json"},{"json":"/pa/units/land/fabrication_vehicle/fabrication_vehicle.json","desc":"Fabrication: Builds structures","displayname":"Fabrication Vehicle","factory":"vecfac","image":"../live_game/img/build_bar/units/fabrication_vehicle.png","json2":"/pa/units/land/fabrication_vehicle/fabrication_vehicle.json"},{"json":"/pa/units/air/fabrication_aircraft_adv/fabrication_aircraft_adv.json","desc":"Advanced Fabrication: Builds advanced structures","displayname":"Advanced Fab Aircraft","factory":"aafac","image":"../live_game/img/build_bar/units/fabrication_aircraft_adv.png","json2":"/pa/units/air/fabrication_aircraft_adv/fabrication_aircraft_adv.json"},{"json":"/pa/units/air/fabrication_aircraft/fabrication_aircraft.json","desc":"Fabrication: Builds structures","displayname":"Fabrication Aircraft","factory":"afac","image":"../live_game/img/build_bar/units/fabrication_aircraft.png","json2":"/pa/units/air/fabrication_aircraft/fabrication_aircraft.json"},{"json":"/pa/units/sea/fabrication_ship/fabrication_ship.json","desc":"Fabricator: Builds naval structures","displayname":"Fabrication Ship","factory":"nfac","image":"../live_game/img/build_bar/units/fabrication_ship.png","json2":"/pa/units/sea/fabrication_ship/fabrication_ship.json"},{"json":"/pa/units/sea/fabrication_ship_adv/fabrication_ship_adv.json","desc":"Advanced Fabricator: Builds naval structures","displayname":"Advanced Fabrication Ship","factory":"anfac","image":"../live_game/img/build_bar/units/fabrication_ship_adv.png","json2":"/pa/units/sea/fabrication_ship_adv/fabrication_ship_adv.json"}],"hotbuild7s":[{"json":"/pa/units/land/laser_defense_adv/laser_defense_adv.json","desc":"Advanced Defense: Direct fire anti-land, and anti-ship defense","displayname":"Advanced Laser Defense Tower","factory":"","image":"../live_game/img/build_bar/units/laser_defense_adv.png","json2":"/pa/units/land/laser_defense_adv/laser_defense_adv.json"},{"json":"/pa/units/land/laser_defense/laser_defense.json","desc":"Defense: Direct fire anti-land, and anti-ship defense","displayname":"Laser Defense Tower","factory":"","image":"../live_game/img/build_bar/units/laser_defense.png","json2":"/pa/units/land/laser_defense/laser_defense.json"},{"json":"/pa/units/land/laser_defense_single/laser_defense_single.json","desc":"Defense: Direct fire anti-land, and anti-ship defense","displayname":"Single Laser Defense Tower","factory":"","image":"../live_game/img/build_bar/units/laser_defense_single.png","json2":"/pa/units/land/laser_defense_single/laser_defense_single.json"}],"hotbuild8s":[{"json":"/pa/units/land/air_defense/air_defense.json","desc":"Missile Defense: Anti-Tank Missiles, Anti-air missiles","displayname":"Missile Defense Tower","factory":"","image":"../live_game/img/build_bar/units/air_defense.png","json2":"/pa/units/land/air_defense/air_defense.json"},{"json":"/pa/units/land/land_barrier/land_barrier.json","desc":"Wall Defense: No weapon, high health","displayname":"Wall","factory":"","image":"../live_game/img/build_bar/units/land_barrier.png","json2":"/pa/units/land/land_barrier/land_barrier.json"}],"hotbuild9s":[{"json":"/pa/units/land/artillery_short/artillery_short.json","desc":"Artillery Defense: Medium range, anti-land, and anti-ship gun","displayname":"Pelter","factory":"","image":"../live_game/img/build_bar/units/artillery_short.png","json2":"/pa/units/land/artillery_short/artillery_short.json"},{"json":"/pa/units/land/tactical_missile_launcher/tactical_missile_launcher.json","desc":"Artillery: Long range anti-land missile launcher","displayname":"Catapult","factory":"","image":"../live_game/img/build_bar/units/tactical_missile_launcher.png","json2":"/pa/units/land/tactical_missile_launcher/tactical_missile_launcher.json"},{"json":"/pa/units/land/artillery_long/artillery_long.json","desc":"Advanced Defense: long range, anti-land, and anti-ship gun","displayname":"Holkins","factory":"","image":"../live_game/img/build_bar/units/artillery_long.png","json2":"/pa/units/land/artillery_long/artillery_long.json"}],"hotbuild10s":[{"json":"/pa/units/land/energy_storage/energy_storage.json","desc":"Energy: Increases maximum energy storage capacity","displayname":"Energy Storage","factory":"","image":"../live_game/img/build_bar/units/energy_storage.png","json2":"/pa/units/land/energy_storage/energy_storage.json"},{"json":"/pa/units/land/metal_storage/metal_storage.json","desc":"Metal: Increases maximum metal storage capacity","displayname":"Metal Storage","factory":"","image":"../live_game/img/build_bar/units/metal_storage.png","json2":"/pa/units/land/metal_storage/metal_storage.json"},{"json":"/pa/units/land/anti_nuke_launcher/anti_nuke_launcher.json","desc":"Nuclear Defense: Anti-nuclear missile weapon.","displayname":"Anti-Nuke Launcher","factory":"","image":"../live_game/img/build_bar/units/anti_nuke_launcher.png","json2":"/pa/units/land/anti_nuke_launcher/anti_nuke_launcher.json"},{"json":"/pa/units/land/nuke_launcher/nuke_launcher.json","desc":"Nuke: Long range, large area damage, nuclear missile","displayname":"Nuclear Missile Launcher","factory":"","image":"../live_game/img/build_bar/units/nuke_launcher.png","json2":"/pa/units/land/nuke_launcher/nuke_launcher.json"},{"json":"/pa/units/land/nuke_launcher/nuke_launcher_ammo.json","desc":"Nuclear Missile Ammo","displayname":"Nuclear Missile","image":"../live_game/img/build_bar/units/nuke_launcher_ammo.png","json2":"/pa/units/land/nuke_launcher/nuke_launcher_ammo.json"},{"json":"/pa/units/land/anti_nuke_launcher/anti_nuke_launcher_ammo.json","desc":"Anti-Nuclear Missile Ammo","displayname":"Anti-Nuclear Missile","image":"../live_game/img/build_bar/units/anti_nuke_launcher_ammo.png","json2":"/pa/units/land/anti_nuke_launcher/anti_nuke_launcher_ammo.json"}],"hotbuild11s":[{"json":"/pa/units/orbital/ion_defense/ion_defense.json","desc":"Ion Defense Platform: Designed to take out orbital units above it.","displayname":"Umbrella","factory":"","image":"../live_game/img/build_bar/units/ion_defense.png","json2":"/pa/units/orbital/ion_defense/ion_defense.json"},{"json":"/pa/units/orbital/delta_v_engine/delta_v_engine.json","desc":"Delta V Engine - Used to move small to medium celestial bodies.","displayname":"Halley","factory":"","image":"../live_game/img/build_bar/units/delta_v_engine.png","json2":"/pa/units/orbital/delta_v_engine/delta_v_engine.json"}],"hotbuild12s":[],"hotbuild13s":[],"hotbuild14s":[],"hotbuild15s":[],"hotbuild16s":[],"hotbuild17s":[],"hotbuild18s":[],"hotbuild19s":[],"hotbuild20s":[]}}