{
    "context": "client",
    "identifier": "com.pa.raevn.rcommanderhp",
    "display_name": "Commander HUD",
    "description": "Adds a HUD that tracks your commander's health and more!",
    "author": "LavaSnake, raevn, and others",
    "version": "3.1",
    "build": "66567",
    "date": "2014/5/26",
    "signature": "not yet implemented",
    "forum": "https://forums.uberent.com/threads/wip-commander-hud-v3.59137/",
    "category": [
        "in-game",
        "ui"
    ],
    "id": "rCommanderHP",
    "priority": 100,
    "live_game": [
        "coui://ui/mods/rCommanderHP/rCommanderHP.css",
        "coui://ui/mods/rCommanderHP/rCommanderHP.js",
        "coui://ui/main/game/live_game/live_game_econ.css"
    ],
    "settings": [
        "coui://ui/mods/rCommanderHP/rCommanderHP_settings.js"
    ],
    "requires": [
        "rFloatFrame",
        "rSettingsManager",
        "rBlueprintInfoFramework"
    ],
    "icon": "http://pamods.github.io/icons/ComHUDIcon.png",
    "enabled": true
}