{
    "context": "client",
    "identifier": "com.pa.conundrum.cShareSystems",
    "display_name": "System Sharing",
    "description": "Share your favorite systems with other users.",
    "author": "Captain Conundrum",
    "version": "1.0.0",
    "build": "59607",
    "date": "2014/02/07",
    "signature": "not yet implemented",
    "forum": "https://forums.uberent.com/threads/rel-system-sharing.56319/",
    "category": [
        "ui"
    ],
    "load_planet": [
        "coui://ui/mods/cShareSystems/cShareSystems.js",
        "coui://ui/mods/cShareSystems/load_planet.js",
        "coui://ui/mods/cShareSystems/cShareSystems.css"
    ],
    "system_editor": [
        "coui://ui/mods/cShareSystems/cShareSystems.js",
        "coui://ui/mods/cShareSystems/system_editor.js",
        "coui://ui/mods/cShareSystems/cShareSystems.css"
    ],
    "id": "cShareSystems",
    "priority": 99,
    "enabled": true
}