{"base_spec":"/pa/units/land/base_structure/base_structure.json","unit_name":"Advanced Energy Plant","display_name":"Advanced Energy Plant","description":"Advanced Energy: Produces energy","display_group":80,"display_index":65,"max_health":4500,"build_metal_cost":2700,"atrophy_rate":70.0,"atrophy_cool_down":30.0,"spawn_layers":"WL_AnyHorizontalGroundOrWaterSurface","area_build_type":"Line","production":{"energy":5000},"unit_types":["UNITTYPE_Structure","UNITTYPE_EnergyProduction","UNITTYPE_FabAdvBuild","UNITTYPE_Economy"],"recon":{"observer":{"items":[{"layer":"surface_and_air","channel":"sight","shape":"capsule","radius":100}]}},"model":[{"layer":"WL_LandHorizontal","filename":"/pa/units/land/energy_plant_adv/energy_plant_adv.papa","animations":{"idle":"/pa/units/land/energy_plant_adv/energy_plant_adv_anim_work.papa"},"animtree":"/pa/anim/anim_trees/constant_idle.json"},{"layer":"WL_WaterSurface","filename":"/pa/units/sea/sea_energy_plant_adv/sea_energy_plant_adv.papa","animations":{"idle":"/pa/units/land/energy_plant_adv/energy_plant_adv_anim_work.papa"},"animtree":"/pa/anim/anim_trees/constant_idle.json"}],"events":{"build_complete":{"audio_cue":"/SE/Build_Complete/energy"},"died":{"audio_cue":"/SE/Death/Factory","effect_scale":0.75}},"mesh_bounds":[20,20,25.4398],"TEMP_texelinfo":30.2401,"influence":{"range":50,"values":{"Economy":30}}}