{"base_spec":"/pa/units/land/base_structure/base_structure.json","display_name":"Flak Cannon","area_build_separation":25,"description":"Flak Cannon: Powers anti-air defense turret.","display_group":50,"display_index":85,"max_health":1000,"build_metal_cost":300,"atrophy_rate":20.0,"atrophy_cool_down":30.0,"spawn_layers":"WL_AnyHorizontalGroundOrWaterSurface","unit_types":["UNITTYPE_Structure","UNITTYPE_Advanced","UNITTYPE_Land","UNITTYPE_AirDefense","UNITTYPE_Defense","UNITTYPE_FabAdvBuild"],"command_caps":["ORDER_Attack"],"guard_radius":120,"guard_layer":"WL_Air","recon":{"observer":{"items":[{"layer":"surface_and_air","channel":"sight","shape":"capsule","radius":155}]}},"model":[{"layer":"WL_LandHorizontal","filename":"/pa/units/land/air_defense_adv/air_defense_adv.papa","animtree":"/pa/anim/anim_trees/air_defense_adv.json"},{"layer":"WL_WaterSurface","filename":"/pa/units/sea/air_defense_adv/air_defense_adv.papa","animtree":"/pa/anim/anim_trees/fabrication_turret.json"}],"nearby_target_tick_update_interval":3,"tools":[{"spec_id":"/pa/units/land/air_defense_adv/air_defense_adv_tool_weapon.json","aim_bone":"bone_pitch","muzzle_bone":["socket_rightMuzzle01","socket_leftMuzzle01","socket_rightMuzzle02","socket_leftMuzzle02"]}],"events":{"build_complete":{"audio_cue":"/SE/Build_Complete/structure_small"},"firing":{"audio_cue":"/SE/Weapons/structure/air_defence_fire","effect_spec":"/pa/effects/specs/default_muzzle_flash.pfx socket_rightMuzzle01 /pa/effects/specs/default_muzzle_flash.pfx socket_leftMuzzle01"},"died":{"audio_cue":"/SE/Death/structure_small","effect_scale":0.3}},"mesh_bounds":[5,5,10.7778],"building_skirt":[5,5],"TEMP_texelinfo":9.09853}