{
  "build_list": [
    {
      "build_conditions": [
        [
          {
            "test_type": "CanAffordBuildDemand"
          },
          {
            "test_type": "FactoryHasOpenSlot"
          }
        ]
      ],
      "builders": [
        "NukeSilo"
      ],
      "instance_count": -1,
      "name": "Nuke Missile",
      "priority": 151,
      "to_build": "NukeMissile"
    },
    {
      "build_conditions": [
        [
          {
            "test_type": "CanAffordBuildDemand"
          },
          {
            "compare0": "<=",
            "string0": "AntiNuke",
            "test_type": "PlanetThreat",
            "value0": 0
          },
          {
            "test_type": "FactoryHasOpenSlot"
          }
        ]
      ],
      "builders": [
        "NukeSilo"
      ],
      "instance_count": 2,
      "max_num_assisters": 12,
      "min_num_assisters": 5,
      "name": "Nuke Missile - No Antis",
      "priority": 387,
      "to_build": "NukeMissile"
    },
    {
      "build_conditions": [
        [
          {
            "test_type": "CanAffordBuildDemand"
          },
          {
            "test_type": "FactoryHasOpenSlot"
          }
        ]
      ],
      "builders": [
        "AntiNukeSilo"
      ],
      "instance_count": -1,
      "name": "Anti Nuke Missile",
      "priority": 151,
      "to_build": "AntiNukeMissile"
    },
    {
      "build_conditions": [
        [
          {
            "test_type": "CanAffordBuildDemand"
          },
          {
            "compare0": ">",
            "string0": "Nuke",
            "test_type": "PlanetThreat",
            "value0": 0
          },
          {
            "boolean": true,
            "test_type": "FactorySlotsEmpty"
          }
        ]
      ],
      "builders": [
        "AntiNukeSilo"
      ],
      "instance_count": -1,
      "max_num_assisters": 12,
      "min_num_assisters": 5,
      "name": "Anti Nuke Missile - Rush",
      "priority": 388,
      "to_build": "AntiNukeMissile"
    }
  ]
}