{"unit_types":["UNITTYPE_Naval","UNITTYPE_Mobile","UNITTYPE_NoBuild"],"navigation":{"wobble_factor":0.1,"dodge_multiplier":1,"dodge_radius":15,"brake":4000,"wobble_speed":0.2,"acceleration":1000,"move_speed":1000,"turn_speed":1000,"type":"water"},"command_caps":["ORDER_Move","ORDER_Patrol","ORDER_Attack","ORDER_Assist"],"wreckage_health_frac":0.75,"display_index":10,"audio":{"loops":{"move":{"flag":"vel_changed","should_stop_func":"is_not_moving","cue":"/SE/Movement/sea/destroyer_loop","should_start_func":"is_moving"}}},"events":{"build_complete":{"audio_cue":"/SE/Build_Complete/sea"},"firing":{"audio_cue":"/SE/Weapons/base/base_fire_laser"},"died":{"audio_cue":"/SE/Death/Sea","effect_spec":"/pa/effects/specs/default_explosion.pfx"}},"armor_type":"AT_Naval","spawn_layers":"WL_WaterSurface","max_health":-0,"physics":{"push_class":2,"air_friction":1,"collision_layers":"WL_WaterSurface","radius":6,"shape":"Box"},"display_group":10}