{"base_spec": "/pa/units/land/base_structure/base_structure.json","display_name": "Orbital Launcher","description": "Orbital factory - build and launch satellites and other units.","display_group": 70,"display_index": 20,"max_health": 2250,"build_metal_cost": 1000,"atrophy_rate": 20.0,"atrophy_cool_down": 30.0,"buildable_types": "Orbital & FactoryBuild & Basic","spawn_layers": "WL_AnyHorizontalGroundOrWaterSurface","show_in_orbital_layer": true,"wait_to_rolloff_time": 3,"factory": {"deploy_projectile": "/pa/units/air/missile_orbital/missile_orbital.json","spawn_points": ["bone_missile01"]},"unit_types": ["UNITTYPE_Orbital","UNITTYPE_Factory","UNITTYPE_Construction","UNITTYPE_Structure","UNITTYPE_Land","UNITTYPE_FabBuild","UNITTYPE_FabAdvBuild"],"command_caps": ["ORDER_Move","ORDER_Patrol","ORDER_FactoryBuild","ORDER_Attack","ORDER_Assist"],"recon": {"observer": {"items": [{"layer": "surface_and_air","channel": "sight","shape": "capsule","radius": 110}]}},"model": [{"layer": "WL_LandHorizontal","filename": "/pa/units/orbital/orbital_launcher/orbital_launcher.papa","animations": {"build_start": "/pa/units/orbital/orbital_launcher/orbital_launcher_anim_start.papa","build_loop": "/pa/units/orbital/orbital_launcher/orbital_launcher_anim_build.papa","build_end": "/pa/units/orbital/orbital_launcher/orbital_launcher_anim_end.papa"},"animtree": "/pa/anim/anim_trees/factory.json","skirt_decal": "/pa/effects/specs/skirt_orbital_launcher.json"},{"layer": "WL_WaterSurface","filename": "/pa/units/orbital/orbital_launcher/orbital_launcher.papa","animations": {"build_start": "/pa/units/orbital/orbital_launcher/orbital_launcher_anim_start.papa","build_loop": "/pa/units/orbital/orbital_launcher/orbital_launcher_anim_build.papa","build_end": "/pa/units/orbital/orbital_launcher/orbital_launcher_anim_end.papa"},"animtree": "/pa/anim/anim_trees/factory.json"}],"tools": [{"spec_id": "/pa/units/orbital/orbital_launcher/orbital_launcher_build_arm.json","aim_bone": "bone_root"}],"audio": {"loops": {"build": {"cue": "/SE/Construction/Factory_contruction_loop_orb_launcher","flag": "build_target_changed","should_start_func": "has_build_target","should_stop_func": "no_build_target"}}},"fx_offsets": [{"type": "build","filename": "/pa/effects/specs/fab_spray.pfx","bone": "socket_muzzle01","offset": [0.0,0],"orientation": [0,0,0]},{"type": "build","filename": "/pa/effects/specs/fab_spray.pfx","bone": "socket_muzzle02","offset": [0.0,0],"orientation": [0,0,0]}],"headlights": [{"gobo": "/pa/effects/textures/gobo/spotlight_gobo.papa","offset": [-8.0,0.0,5.0],"orientation": [160.0,0.0,0.0],"near_width": 4.5,"near_height": 4.5,"near_distance": 5.0,"far_distance": 40.0,"color": [1.5,1.52,1.6],"intensity": 3.0,"bone": "bone_platform"},{"gobo": "/pa/effects/textures/gobo/spotlight_gobo.papa","offset": [8.0,0.0,5.0],"orientation": [-160.0,0.0,0.0],"near_width": 4.5,"near_height": 4.5,"near_distance": 5.0,"far_distance": 40.0,"color": [1.5,1.52,1.6],"intensity": 3.0,"bone": "bone_platform"},{"gobo": "/pa/effects/textures/gobo/spotlight_gobo.papa","offset": [-5.0,-21.47,8.99],"orientation": [0.0,35.0,0.0],"near_width": 5.5,"near_height": 5.5,"near_distance": 2.5,"far_distance": 25.0,"color": [1.0,1.0,1.0],"intensity": 3.0}],"lamps": [{"offset": [-5.0,23.37,33.65],"radius": 8.0,"color": [0.1,1.0,0.1],"intensity": 2.0},{"offset": [-5.0,18.6,36.19],"radius": 8.0,"color": [0.1,1.0,0.1],"intensity": 2.0},{"offset": [1.57,13.49,9.7],"radius": 4.0,"color": [1.0,0.0,0.0],"intensity": 2.0},{"offset": [25.3,16.16,12.23],"radius": 4.0,"color": [1.0,0.0,0.0],"intensity": 2.0},{"offset": [-5.0,25.04,29.88],"radius": 4.0,"color": [1.0,0.0,0.0],"intensity": 2.0},{"offset": [-5.0,-21.47,8.99],"radius": 5.0,"color": [1.0,1.0,1.0],"intensity": 2.0},{"offset": [-5.0,7.5,58.92],"radius": 3.0,"color": [1.0,1.0,1.0],"intensity": 2.0},{"offset": [-5.0,12.88,58.92],"radius": 3.0,"color": [1.0,1.0,1.0],"intensity": 2.0},{"offset": [-2.38,10.25,58.92],"radius": 3.0,"color": [1.0,1.0,1.0],"intensity": 2.0},{"offset": [-7.55,10.25,58.92],"radius": 3.0,"color": [1.0,1.0,1.0],"intensity": 2.0},{"offset": [4.14,-10.278,0.0],"radius": 4.0,"color": [1.0,1.0,1.0],"intensity": 2.0,"bone": "bone_gantry01"},{"offset": [4.14,-10.278,0.0],"radius": 4.0,"color": [1.0,1.0,1.0],"intensity": 2.0,"bone": "bone_gantry02"}],"TEMP_texelinfo": 63.4807,"mesh_bounds": [50.0454,50.0306,45.4724],"physics": {"collision_layers": "WL_AnyHorizontalGroundOrWaterSurface"}}