{
  "TEMP_texelinfo": 15.8224,
  "area_build_type": "Line",
  "atrophy_cool_down": 30.0,
  "atrophy_rate": 10.0,
  "base_spec": "/pa/units/land/base_structure/base_structure.json",
  "build_metal_cost": 450,
  "description": "Energy: Produces energy",
  "display_group": 80,
  "display_index": 60,
  "display_name": "Energy Plant",
  "events": {
    "build_complete": {
      "audio_cue": "/SE/Build_Complete/energy"
    },
    "died": {
      "audio_cue": "/SE/Death/Factory",
      "effect_scale": 0.5
    }
  },
  "fx_offsets": [
    {
      "filename": "/pa/units/land/energy_plant/energy_plant_idle.pfx",
      "offset": [
        0,
        0,
        5
      ],
      "type": "idle"
    }
  ],
  "headlights": [
    {
      "color": [
        1.0,
        1.0,
        1.0
      ],
      "far_distance": 15.0,
      "gobo": "/pa/effects/textures/gobo/spotlight_gobo.papa",
      "intensity": 1.0,
      "near_distance": 2.5,
      "near_height": 5.5,
      "near_width": 5.5,
      "offset": [
        5.25,
        0.0,
        6.75
      ],
      "orientation": [
        35.0,
        0.0,
        0.0
      ]
    },
    {
      "color": [
        1.0,
        1.0,
        1.0
      ],
      "far_distance": 15.0,
      "gobo": "/pa/effects/textures/gobo/spotlight_gobo.papa",
      "intensity": 1.0,
      "near_distance": 2.5,
      "near_height": 5.5,
      "near_width": 5.5,
      "offset": [
        -5.25,
        0.0,
        6.75
      ],
      "orientation": [
        -35.0,
        0.0,
        0.0
      ]
    },
    {
      "color": [
        1.0,
        1.0,
        1.0
      ],
      "far_distance": 15.0,
      "gobo": "/pa/effects/textures/gobo/spotlight_gobo.papa",
      "intensity": 1.0,
      "near_distance": 2.5,
      "near_height": 5.5,
      "near_width": 5.5,
      "offset": [
        0.0,
        -5.25,
        6.75
      ],
      "orientation": [
        0.0,
        35.0,
        0.0
      ]
    }
  ],
  "lamps": [
    {
      "color": [
        1.0,
        1.0,
        1.0
      ],
      "intensity": 2.0,
      "offset": [
        5.25,
        0.0,
        6.75
      ],
      "radius": 2.0
    },
    {
      "color": [
        1.0,
        1.0,
        1.0
      ],
      "intensity": 2.0,
      "offset": [
        -5.25,
        0.0,
        6.75
      ],
      "radius": 2.0
    },
    {
      "color": [
        1.0,
        1.0,
        1.0
      ],
      "intensity": 2.0,
      "offset": [
        0.0,
        -5.25,
        6.75
      ],
      "radius": 2.0
    },
    {
      "bone": "bone_rotor",
      "color": [
        1.0,
        1.0,
        1.0
      ],
      "intensity": 1.0,
      "offset": [
        0.0,
        -2.71,
        1.1
      ],
      "radius": 3.0
    },
    {
      "bone": "bone_rotor",
      "color": [
        1.0,
        1.0,
        1.0
      ],
      "intensity": 1.0,
      "offset": [
        -2.44,
        1.34,
        1.1
      ],
      "radius": 3.0
    },
    {
      "bone": "bone_rotor",
      "color": [
        1.0,
        1.0,
        1.0
      ],
      "intensity": 1.0,
      "offset": [
        2.44,
        1.34,
        1.1
      ],
      "radius": 3.0
    }
  ],
  "max_health": 1000,
  "mesh_bounds": [
    10,
    10,
    13.4668
  ],
  "model": [
    {
      "animations": {
        "idle": "/pa/units/land/energy_plant/energy_plant_anim_work.papa"
      },
      "animtree": "/pa/anim/anim_trees/constant_idle_anim_tree.json",
      "filename": "/pa/units/land/energy_plant/energy_plant.papa",
      "layer": "WL_LandHorizontal",
      "skirt_decal": "/pa/effects/specs/skirt_energy.json"
    },
    {
      "animations": {
        "idle": "/pa/units/land/energy_plant/energy_plant_anim_work.papa"
      },
      "animtree": "/pa/anim/anim_trees/constant_idle_anim_tree.json",
      "filename": "/pa/units/sea/sea_energy_plant/sea_energy_plant.papa",
      "layer": "WL_WaterSurface"
    }
  ],
  "placement_size": [
    12,
    12
  ],
  "production": {
    "energy": 600
  },
  "recon": {
    "observer": {
      "items": [
        {
          "channel": "sight",
          "layer": "surface_and_air",
          "radius": 100,
          "shape": "capsule"
        }
      ]
    }
  },
  "spawn_layers": "WL_AnyHorizontalGroundOrWaterSurface",
  "unit_types": [
    "UNITTYPE_Structure",
    "UNITTYPE_EnergyProduction",
    "UNITTYPE_Basic",
    "UNITTYPE_CmdBuild",
    "UNITTYPE_FabBuild",
    "UNITTYPE_Economy"
  ]
}