{
    "context": "client",
    "identifier": "com.pa.stuart98.tSmasherDox",
    "display_name": "Dox to Smasher",
    "description": "Replaces the model of the Dox with that of the Smasher. Now you too can harass while looking 50% more awesome!",
    "author": "Stuart98",
    "version": "1.0",
    "build": "63475",
    "date": "2014/04/11",
    "signature": "not yet implemented",
    "icon": "http://pamods.github.io/icons/tSmasherDox.jpg",
    "forum": "https://forums.uberent.com/threads/rel-dox-to-smasher.58677/",
    "category": [
        "in-game",
        "dox",
        "model",
        "replacement",
        "unit"
    ],
    "id": "tSmasherDox",
    "priority": 100,
    "enabled": true
}