{
    "context": "client",
    "identifier": "local.pownie.pamod.failtolobby",
    "display_name": "Return to Server Browser",
    "description": "Hate that Main Menu upon failing to join a game? Fret not, now you get back to the list of games.",
    "author": "pownie",
    "version": "1",
    "build": "63475",
    "date": "2014/03/31",
    "signature": "(not yet implemented)",
    "forum": "https://forums.uberent.com/threads/rel-server-browser-instead-of-main-menu.58383/",
    "category": [
        "ui"
    ],
    "id": "powFailToLobby",
    "priority": 100,
    "scenes": {
        "connect_to_game": [
            "coui://ui/mods/powReturnToServerBrowser/powReturnToServerBrowser.js"
        ]
    },
    "enabled": true
}