{
    "context": "client",
    "identifier": "com.pa.LavaSnake.CustomUnitNames",
    "display_name": "Custom Unit Names",
    "description": "Lets you set your own custom names for each unit and building in the settings menu.",
    "author": "LavaSnake",
    "version": "1.0",
    "build": "59549",
    "date": "2014/01/30",
    "signature": "not yet implemented",
    "forum": "https://forums.uberent.com/threads/rel-custom-unit-names-59549.56124/",
    "category": [
        "in-game",
        "ui"
    ],
    "id": "LavaSnakes_CustomUnitNames",
    "priority": 100,
    "live_game": [
        "coui://ui/mods/LavaSnakes_CustomUnitNames/Renamer.js"
    ],
    "settings": [
        "coui://ui/mods/LavaSnakes_CustomUnitNames/Settings.js"
    ],
    "requires": [
        "rSettingsManager"
    ],
    "enabled": true
}