{
    "context": "client",
    "identifier": "com.pa.sootn.stuffoverview",
    "display_name": "Stuff Overview",
    "description": "An overview of all your units and structures in a list.",
    "author": "sootn",
    "version": "1.0.0",
    "build": "68767",
    "date": "2014/07/20",
    "signature": "not yet implemented",
    "forum": "",
    "category": [
        "in-game",
        "ui"
    ],
    "scenes": {
        "live_game_players": [
            "coui://ui/mods/stuffoverview/live_game/lib.js",
            "coui://ui/mods/stuffoverview/live_game/unitInfoParser.js",
            "coui://ui/mods/stuffoverview/live_game/alertManager.js",
            "coui://ui/mods/stuffoverview/live_game/model.js",
            "coui://ui/mods/stuffoverview/live_game/view.js",
            "coui://ui/mods/stuffoverview/live_game/controller.js"
        ]
    },
    "id": "stuffoverview",
    "priority": 101,
    "dependencies": [],
    "enabled": true
}