{
    "context": "client",
    "identifier": "com.pa.raevn.rfloatframe",
    "display_name": "Floating Framework",
    "description": "Framework for creating draggable UI containers",
    "author": "raevn",
    "version": "1.2.3",
    "build": "58772",
    "date": "2014/01/11",
    "signature": "not yet implemented",
    "forum": "https://forums.uberent.com/threads/rel-floating-framework-v1-0-58197.54586/",
    "category": [
        "framework",
        "ui"
    ],
    "id": "rFloatFrame",
    "priority": 20,
    "global_mod_list": [
        "coui://ui/mods/rFloatFrame/rFloatFrame.css",
        "coui://ui/mods/rFloatFrame/rFloatFrame.js"
    ],
    "settings": [
        "coui://ui/mods/rFloatFrame/rFloatFrame_settings.js"
    ],
    "requires": [
        "rSettingsManager"
    ],
    "enabled": true
}