{
    "name": "sandbox",
    "ambient_sound": "/SE/Ambience/Amb_Planet_Moon",
    "base_biome": "/pa/terrain/base/base.json",
    "enable_features": true,
    "enable_lava": true,
    "biomes": [
        {
            "spec": "/pa/terrain/sandbox/sandbox.json",
            "temperture": [
                0,
                1,
                1
            ],
            "elevation": [
                0.229,
                0.241,
                5
            ],
            "water_distance": [
                null,
                null,
                0
            ]
        },
        {
            "spec": "/pa/terrain/jungle/jungle.json",
            "temperture": [
                0,
                1,
                1
            ],
            "elevation": [
                -1,
                1,
                1
            ],
            "water_distance": [
                null,
                null,
                0
            ]
        },
        {
            "spec": "/pa/terrain/lava/lava.json",
            "temperture": [
                0,
                1,
                1
            ],
            "elevation": [
                -1,
                0.22,
                3
            ],
            "water_distance": [
                null,
                null,
                0
            ]
        },
        {
            "spec": "/pa/terrain/mountain/mountain.json",
            "temperture": [
                0,
                1,
                1
            ],
            "elevation": [
                0.2,
                0.27,
                4
            ],
            "water_distance": [
                null,
                null,
                0
            ]
        },
        {
            "spec": "/pa/terrain/grass/grass.json",
            "temperture": [
                -1,
                -0.5,
                2
            ],
            "elevation": [
                -1,
                0.6,
                0
            ],
            "water_distance": [
                null,
                null,
                0
            ]
        }
    ],
    "lighting": {
        "sun": {
            "diffuse": [
                0.8,
                0.4,
                0.2
            ],
            "specular": [
                0.4,
                0.3,
                0.2
            ],
            "hdr_intensity": 10,
            "ldr_intensity": 4
        },
        "ambient": {
            "hdr_intensity": 1,
            "ldr_intensity": 1,
            "day_intensity_hdr": 1,
            "day_intensity_ldr": 1,
            "day_sky": [
                0.8,
                0.4,
                0.3
            ],
            "day_ground": [
                0.4,
                0.3,
                0.2
            ],
            "night_intensity_hdr": 2,
            "night_intensity_ldr": 2,
            "night_sky": [
                0.6,
                0.3,
                0.2
            ],
            "night_ground": [
                0.3,
                0.2,
                0.15
            ]
        }
    },
    "atmosphere": {
        "color": [
            0.2,
            0.1,
            0.05,
            0.9
        ],
        "hdr_intensity": 2,
        "ldr_intensity": 1,
        "density": 25.0
    },
    "brushes": [
        {
            "note": "specific brush placement",
            "position": [
                -0.5,
                0.5,
                0.5
            ],
            "scale": [
                3,
                3,
                4
            ],
            "fixed_orient": true,
            "rotation": 0,
            "brush_spec": "/pa/terrain/jungle/brushes/jungle_temple.json",
            "op": "BO_Add",
            "proj": "BP_Bend",
            "weight": 1,
            "weight_hard": true,
            "weight_scale": 1,
            "planet_size_range": [
                425,
                null
            ]
        },
        {
            "note": "specific brush placement",
            "position": [
                0.5,
                -0.5,
                -0.5
            ],
            "scale": [
                3,
                3,
                4
            ],
            "fixed_orient": true,
            "rotation": 0,
            "brush_spec": "/pa/terrain/jungle/brushes/jungle_temple.json",
            "op": "BO_Add",
            "proj": "BP_Bend",
            "weight": 1,
            "weight_hard": true,
            "weight_scale": 1,
            "planet_size_range": [
                600,
                749
            ]
        },
        {
            "note": "specific brush placement",
            "position": [
                0.78,
                0.28,
                -0.25
            ],
            "scale": [
                3,
                3,
                4
            ],
            "fixed_orient": true,
            "rotation": 0,
            "brush_spec": "/pa/terrain/jungle/brushes/jungle_temple.json",
            "op": "BO_Add",
            "proj": "BP_Bend",
            "weight": 1,
            "weight_hard": true,
            "weight_scale": 1,
            "planet_size_range": [
                750,
                849
            ]
        },
        {
            "note": "specific brush placement",
            "position": [
                -0.28,
                -0.78,
                -0.25
            ],
            "scale": [
                3,
                3,
                4
            ],
            "fixed_orient": true,
            "rotation": 0,
            "brush_spec": "/pa/terrain/jungle/brushes/jungle_temple.json",
            "op": "BO_Add",
            "proj": "BP_Bend",
            "weight": 1,
            "weight_hard": true,
            "weight_scale": 1,
            "planet_size_range": [
                750,
                849
            ]
        },
        {
            "note": "specific brush placement",
            "position": [
                -0.5,
                -0.5,
                -0.5
            ],
            "scale": [
                3,
                3,
                4
            ],
            "fixed_orient": true,
            "rotation": 0,
            "brush_spec": "/pa/terrain/jungle/brushes/jungle_temple.json",
            "op": "BO_Add",
            "proj": "BP_Bend",
            "weight": 1,
            "weight_hard": true,
            "weight_scale": 1,
            "planet_size_range": [
                850,
                null
            ]
        },
        {
            "note": "specific brush placement",
            "position": [
                0.5,
                -0.5,
                0.5
            ],
            "scale": [
                3,
                3,
                4
            ],
            "fixed_orient": true,
            "rotation": 0,
            "brush_spec": "/pa/terrain/jungle/brushes/jungle_temple.json",
            "op": "BO_Add",
            "proj": "BP_Bend",
            "weight": 1,
            "weight_hard": true,
            "weight_scale": 1,
            "planet_size_range": [
                850,
                null
            ]
        },
        {
            "note": "specific brush placement",
            "position": [
                0.5,
                0.5,
                -0.5
            ],
            "scale": [
                3,
                3,
                4
            ],
            "fixed_orient": true,
            "rotation": 0,
            "brush_spec": "/pa/terrain/jungle/brushes/jungle_temple.json",
            "op": "BO_Add",
            "proj": "BP_Bend",
            "weight": 1,
            "weight_hard": true,
            "weight_scale": 1,
            "planet_size_range": [
                850,
                null
            ]
        }
    ]
}