{
  "context": "client",
  "identifier": "com.pa.proeleert.hotbuild2",
  "display_name": "Hotbuild2",
  "description": "Map 1 Key to multiple build actions and more... (See forum link for screenshots and instructions.)",
  "description_nl": "Kies een toetsenbordknop om meerdere gebouwen te bouwen en meer... (bekijk forum voor screenshots en instructies.)",
  "author": "proeleert,tripax,cola_colin",
  "version": "1.11",
  "build": "66503",
  "date": "2014/05/23",
  "signature": "not yet implemented",
  "forum": "https://forums.uberent.com/threads/rel-hotbuild2-57703.54561/",
  "category": [
    "in-game",
    "ui"
  ],
  "icon": "http://pamods.github.io/icons/hotbuild2.png",
  "id": "hotbuild2",
  "priority": 100,
  "scenes": {
    "live_game": [
      "coui://ui/mods/hotbuild2/live_game/hotbuild.css",
      "coui://ui/mods/hotbuild2/live_game/hotbuild_core.js",
      "coui://ui/mods/hotbuild2/live_game/hotbuild_live.js"
    ],
    "settings": [
      "coui://ui/mods/hotbuild2/settings/hotbuild_settings.css",
      "coui://ui/mods/hotbuild2/lib/knockout-sortable.min.js",
      "coui://ui/mods/hotbuild2/settings/hotbuild_settings.js"
    ],
    "global_mod_list": [
      "coui://ui/mods/hotbuild2/global_mod_list/hotbuild.js"
    ]
  },
  "requires": [
    "rFloatFrame",
    "rSettingsManager",
    "rBlueprintInfoFramework"
  ],
  "enabled": true
}