{
    "context": "client",
    "identifier": "net.sirscruff.sirHighlightedBuildings",
    "display_name": "Highlighted Buildings",
    "description": "Green: Economic - Blue: Factories - Red: Strategic - Yellow: Defensive -- T2 Buildings have a more intense glow",
    "author": "sirscruff - packaging:Corang",
    "version": "1.0",
    "build": "62857",
    "date": "2014/03/15",
    "signature": "not yet implemented",
    "forum": "",
    "category": [
        "in-game",
        "ui"
    ],
    "id": "sirHighlightedBuildings",
    "icon": "http://pamods.github.io/icons/sirHighlightedBuildings.png",
    "enabled": true
}