{
    "enabled": true,
    "context": "client",
    "identifier": "com.uberent.pa.mods.stockmods.client.cheat.server_browser_show_cheat_servers",
    "display_name": "Server Browser - Show Cheat Servers",
    "description": "Server browser will display servers that have cheats enabled",
    "author": "Uber Entertainment, package by Cola_Colin",
    "version": "0.1",
    "signature": "(not yet implemented)",
    "priority": 100,
    "date": "2014/06/05",
    "build": "66863-main",
    "id": "server_browser_show_cheat_servers"
}