{
    "context": "client",
    "identifier": "com.pa.tatsu.tatsuicons",
    "display_name": "tatsu icons",
    "description": "Forged Alliance Forever-inspired icons",
    "author": "tatsu",
    "version": "7",
    "build": "61694",
    "date": "2014/02/26",
    "signature": "not yet implemented",
    "forum": "https://forums.uberent.com/threads/rel-sup-com-strategic-icons.48554/",
    "icon": "https://dl.dropboxusercontent.com/u/22720750/d.jpg",
    "category": [
        "Strategic Icons",
        "in-game",
        "ui"
    ],
    "id": "tatsuicons",
    "priority": 100,
    "enabled": true
}