{
    "context": "client",
    "identifier": "com.pa.conundrum.cEnhancedSystemPreview",
    "display_name": "Enhanced System Preview",
    "description": "Improves the system selection screen so that you can see every planet in a system.",
    "author": "Captain Conundrum",
    "version": "1.1.0",
    "build": "59607",
    "date": "2014/02/16",
    "signature": "not yet implemented",
    "forum": "https://forums.uberent.com/threads/rel-enhanced-system-preview.56205/",
    "category": [
        "ui"
    ],
    "load_planet": [
        "coui://ui/mods/cEnhancedSystemPreview/cEnhancedSystemPreview.js",
        "coui://ui/mods/cEnhancedSystemPreview/cEnhancedSystemPreview.css"
    ],
    "id": "cEnhancedSystemPreview",
    "priority": 1000,
    "enabled": true
}