{
  "author": "wondible",
  "build": "63180",
  "category": [
    "ui",
    "main menu"
  ],
  "context": "client",
  "date": "2014/03/21",
  "description": "Provides a Reconnect button on the start menu.  When it's disabled, you know it's safe to start a game without fear of reconnecting to the wrong one.",
  "display_name": "Reconnect Button",
  "enabled": true,
  "forum": "https://forums.uberent.com/threads/wip-reconnect-button.57733/",
  "id": "reconnect_button",
  "identifier": "com.wondible.pa.reconnect_button",
  "priority": 100,
  "requires": [],
  "scenes": {
    "start": [
      "coui://ui/mods/reconnect_button/start.js"
    ]
  },
  "signature": "not yet implemented",
  "version": "1.0.1"
}
