{
    "context": "client",
    "identifier": "info.nanodesu.alertsmanager",
    "display_name": "Alerts Manager",
    "description": "Filter what alerts you want to see. Also provides a Framework for a unified, easy to use alerts API that does not create conflicts between mods.",
    "author": "Cola_Colin",
    "version": "1.2.0",
    "signature": "not yet implemented",
    "priority": 10,
    "enabled": true,
    "id": "alertsManager",
    "forum": "https://forums.uberent.com/threads/rel-alertsmanager-58772.55590/",
    "category": [
        "Framework"
    ],
    "settings": [
        "coui://ui/mods/alertsManager/settings.js"
    ],
    "global_mod_list": [
        "coui://ui/mods/alertsManager/global.js",
        "coui://ui/mods/alertsManager/unitInfoParser.js"
    ],
    "live_game": [
        "coui://ui/mods/alertsManager/alertsManager.js",
        "coui://ui/mods/alertsManager/live_game.js",
        "coui://ui/mods/alertsManager/live_game.css"
    ],
    "date": "2014/02/23",
    "build": "61450"
}