{
	"base_spec": "/pa/units/land/base_structure/base_structure.json",
	"display_name": "Energy Plant",
	"description": "Energy: Produces energy",
	"display_group": 80,
	"display_index": 60,
	"max_health": 1000,
	"build_metal_cost": 350,
	"atrophy_rate": 10.0,
	"atrophy_cool_down": 30.0,
	"spawn_layers": "WL_AnyHorizontalGroundOrWaterSurface",
	"area_build_type": "Line",
	"production": {
		"energy": 650
	},
	"unit_types": ["UNITTYPE_Structure",
	"UNITTYPE_EnergyProduction",
	"UNITTYPE_Basic",
	"UNITTYPE_CmdBuild",
	"UNITTYPE_FabBuild",
	"UNITTYPE_Economy"],
	"recon": {
		"observer": {
			"items": [{
				"layer": "surface_and_air",
				"channel": "sight",
				"shape": "capsule",
				"radius": 100
			}]
		}
	},
	"model": [{
		"layer": "WL_LandHorizontal",
		"filename": "/pa/units/land/energy_plant/energy_plant.papa",
		"animations": {
			"idle": "/pa/units/land/energy_plant/energy_plant_anim_work.papa"
		},
		"animtree": "/pa/anim/anim_trees/constant_idle.json",
		"skirt_decal": "/pa/effects/specs/skirt_energy.json"
	},
	{
		"layer": "WL_WaterSurface",
		"filename": "/pa/units/sea/sea_energy_plant/sea_energy_plant.papa",
		"animations": {
			"idle": "/pa/units/land/energy_plant/energy_plant_anim_work.papa"
		},
		"animtree": "/pa/anim/anim_trees/constant_idle.json"
	}],
	"events": {
		"build_complete": {
			"audio_cue": "/SE/Build_Complete/energy"
		},
		"died": {
			"audio_cue": "/SE/Death/Factory",
			"effect_scale": 0.5
		}
	},
	"fx_offsets": [{
		"type": "idle",
		"filename": "/pa/units/land/energy_plant/energy_plant_idle.pfx",
		"offset": [0,
		0,
		5]
	}],
	"headlights": [{
		"gobo": "/pa/effects/textures/gobo/spotlight_gobo.papa",
		"offset": [5.25,
		0.0,
		6.75],
		"orientation": [35.0,
		0.0,
		0.0],
		"near_width": 5.5,
		"near_height": 5.5,
		"near_distance": 2.5,
		"far_distance": 15.0,
		"color": [1.0,
		1.0,
		1.0],
		"intensity": 1.0
	},
	{
		"gobo": "/pa/effects/textures/gobo/spotlight_gobo.papa",
		"offset": [-5.25,
		0.0,
		6.75],
		"orientation": [-35.0,
		0.0,
		0.0],
		"near_width": 5.5,
		"near_height": 5.5,
		"near_distance": 2.5,
		"far_distance": 15.0,
		"color": [1.0,
		1.0,
		1.0],
		"intensity": 1.0
	},
	{
		"gobo": "/pa/effects/textures/gobo/spotlight_gobo.papa",
		"offset": [0.0,
		-5.25,
		6.75],
		"orientation": [0.0,
		35.0,
		0.0],
		"near_width": 5.5,
		"near_height": 5.5,
		"near_distance": 2.5,
		"far_distance": 15.0,
		"color": [1.0,
		1.0,
		1.0],
		"intensity": 1.0
	}],
	"lamps": [{
		"offset": [5.25,
		0.0,
		6.75],
		"radius": 2.0,
		"color": [1.0,
		1.0,
		1.0],
		"intensity": 2.0
	},
	{
		"offset": [-5.25,
		0.0,
		6.75],
		"radius": 2.0,
		"color": [1.0,
		1.0,
		1.0],
		"intensity": 2.0
	},
	{
		"offset": [0.0,
		-5.25,
		6.75],
		"radius": 2.0,
		"color": [1.0,
		1.0,
		1.0],
		"intensity": 2.0
	},
	{
		"offset": [0.0,
		-2.71,
		1.1],
		"radius": 3.0,
		"color": [1.0,
		1.0,
		1.0],
		"intensity": 1.0,
		"bone": "bone_rotor"
	},
	{
		"offset": [-2.44,
		1.34,
		1.1],
		"radius": 3.0,
		"color": [1.0,
		1.0,
		1.0],
		"intensity": 1.0,
		"bone": "bone_rotor"
	},
	{
		"offset": [2.44,
		1.34,
		1.1],
		"radius": 3.0,
		"color": [1.0,
		1.0,
		1.0],
		"intensity": 1.0,
		"bone": "bone_rotor"
	}],
	"mesh_bounds": [10,
	10,
	13.4668],
	"placement_size": [12,
	12],
	"TEMP_texelinfo": 15.8224
}