{
    "context": "client",
    "identifier": "com.pa.danzel.dTimer",
    "display_name": "In Game Timer",
    "description": "Provides a timer to show how long the current match is running",
    "author": "danzel",
    "version": "1.3.1",
    "build": "58772",
    "date": "2013/12/23",
    "signature": "not yet implemented",
    "forum": "https://forums.uberent.com/threads/rel-in-game-timer-v1-1.52704/",
    "category": [
        "in-game",
        "ui"
    ],
    "id": "dTimer",
    "priority": 100,
    "live_game": [
        "coui://ui/mods/dTimer/dTimer.css",
        "coui://ui/mods/dTimer/dTimer.js"
    ],
    "enabled": true
}