{
    "context": "client",
    "identifier": "com.uberent.pa.mods.client.teamlathecolor",
    "display_name": "TeamLatheColor",
    "description": "Changes the Lathe Spray to your Team Color instead of green",
    "author": "TrophySystem",
    "version": "1.0.0",
    "build": "67099",
    "date": "2014/06/07",
    "signature": "not yet implemented",
    "forum": "https://forums.uberent.com/threads/rel-team-lathe-color.60608/",
    "category": [
        "in-game"
    ],
    "id": "TeamLatheColor",
    "priority": 100,
    "enabled": true
}
