{"base_spec":"/pa/units/land/base_structure/base_structure.json","display_name":"Holkins","description":"Advanced Defense: long range, anti-land, and anti-ship gun","display_group":50,"display_index":55,"max_health":1500,"build_metal_cost":9000,"atrophy_rate":30.0,"atrophy_cool_down":30.0,"spawn_layers":"WL_AnyHorizontalGroundOrWaterSurface","unit_types":["UNITTYPE_Land","UNITTYPE_Structure","UNITTYPE_Defense","UNITTYPE_Artillery","UNITTYPE_Advanced","UNITTYPE_FabAdvBuild"],"command_caps":["ORDER_Attack"],"guard_radius":610,"guard_layer":"WL_AnySurface","recon":{"observer":{"items":[{"layer":"surface_and_air","channel":"sight","shape":"capsule","radius":10000}]}},"model":[{"layer":"WL_LandHorizontal","filename":"/pa/units/land/artillery_long/artillery_long.papa","animations":{"aim_up":"/pa/units/land/artillery_long/artillery_long_anim_aimUp.papa"},"animtree":"/pa/anim/anim_trees/artillery_building_long.json","skirt_decal":"/pa/effects/specs/skirt_artillery_long.json"},{"layer":"WL_WaterSurface","filename":"/pa/units/sea/artillery_long/artillery_long.papa","animations":{"aim_up":"/pa/units/land/artillery_long/artillery_long_anim_aimUp.papa"},"animtree":"/pa/anim/anim_trees/artillery_building_long.json"}],"nearby_target_tick_update_interval":30,"tools":[{"spec_id":"/pa/units/land/artillery_long/artillery_long_tool_weapon.json","aim_bone":"socket_aim","muzzle_bone":"socket_muzzle"}],"events":{"build_complete":{"audio_cue":"/SE/Build_Complete/structure_small"},"firing":{"audio_cue":"/SE/Weapons/structure/artillery_long_fire","effect_spec":"/pa/effects/specs/tank_muzzle_flash.pfx socket_muzzle /pa/effects/specs/artillery_muzzle_ground.pfx"},"died":{"audio_cue":"/SE/Death/structure_small","effect_scale":0.75}},"lamps":[{"offset":[0.0,-11.21,3.69],"radius":4.0,"color":[1.0,1.0,1.0],"intensity":2.0,"bone":"bone_pitch"}],"mesh_bounds":[20,35.4209,17.0376],"TEMP_texelinfo":26.6522}