{
    "context": "client",
    "identifier": "com.pa.stuart98.tBeastIcoHotfix",
    "display_name": "Beast Icon Hotfix",
    "description": "Fixes the Beast Commander icon in the armory.",
    "author": "Stuart98",
    "version": "1.0",
    "build": "64498",
    "date": "2014/04/22",
    "signature": "not yet implemented",
    "forum": "https://forums.uberent.com/threads/rel-beast-icon-hotfix.58913/",
    "category": [
        "armory",
        "beast",
        "hotfix",
        "icon"
    ],
    "id": "tBeastIcoHotfix",
    "priority": 100,
    "enabled": true
}