{
  "author": "wondible",
  "build": "64498",
  "category": [
    "in-game",
    "ui"
  ],
  "context": "client",
  "date": "2014/04/28",
  "description": "Provides limited assistance for managing nuke launchers.",
  "display_name": "Missile Command",
  "enabled": true,
  "forum": "https://forums.uberent.com/threads/wip-missile-command.58542/",
  "id": "missile_command",
  "identifier": "pa.wondible.missile_command",
  "icon": "http://pamods.github.io/icons/missile_command.png",
  "priority": 100,
  "requires": [
    "rFloatFrame",
    "alertsManager"
  ],
  "scenes": {
    "live_game": [
      "coui://ui/mods/missile_command/missile_command.css",
      "coui://ui/mods/missile_command/bootstrap.js"
    ],
    "start": [
      "coui://ui/mods/missile_command/reset_grouped.js"
    ],
    "server_browser": [
      "coui://ui/mods/missile_command/server_browser.js"
    ]
  },
  "signature": "not yet implemented",
  "version": "1.0.0"
}