{
    "context": "client",
    "identifier": "com.pa.stuart98.alphaenergy",
    "display_name": "Alpha Energy Plant",
    "description": "Replaces the energy plant model with one from the Alpha.",
    "author": "Stuart98",
    "version": "1.3",
    "signature": "not yet implemented",
    "priority": 100,
    "id": "alphaenergy",
    "icon": "http://pamods.github.io/icons/alphaenergy.jpg",
    "forum": "https://forums.uberent.com/threads/rel-alpha-energy-plant.59545/",
    "category": [
        "Model",
        "Energy Plant"
    ],
    "date": "2014/08/01",
    "build": "69564",
    "enabled": true
}