{
    "context": "client",
    "identifier": "com.pa.mauru.mEventHandler",
    "display_name": "Process-Event-Handler Framework",
    "description": "A Framework for handling process events sent to the engine",
    "author": "Mauru",
    "version": "1.0",
    "signature": "not yet implemented",
    "priority": 10,
    "enabled": true,
    "id": "mEventHandler",
    "forum": "https://forums.uberent.com/threads/rel-wip-reventhandler-a-pa-engine-process-event-framework.57858/",
    "category": [
        "framework"
    ],
    "scenes": {
        "live_game": [
            "coui://ui/mods/mEventHandler/mEventHandler.js"
        ]
    },
    "date": "2014/03/13",
    "build": "62168"
}