{
    "context" : "client",
    "identifier" : "com.stuart98.stateragw",
    "display_name" : "Statera Galactic War Edition",
    "description" : "A version of Statera compiled for the Galactic War. Can and likely will break who the heck knows what.",
    "author" : "SquishyPon3, TheTrophySystem, Zombiefan564, Stuart98, ZX0",
    "version" : "0.8.0",
    "signature" : "not yet implemented",
    "priority": 100,
    "enabled" : true,
    "forum": "https://forums.uberent.com/threads/wip-server-mod-statera-balance-mod.60342/",
    "category": [
        "Galactic War",
        "Balance"
    ],
    "date": "2014/08/01",
    "build": "69564"
}