{
  "ammo_type": "AMMO_Projectile",
  "damage": 35,
  "events": {
    "died": {
      "audio_cue": "/SE/Impacts/shell_tank",
      "effect_spec": "/pa/effects/specs/default_proj_explosion.pfx"
    }
  },
  "flight_type": "Ballistic",
  "fx_trail": {
    "filename": "/pa/effects/specs/shell_proj_trail.pfx",
    "offset": [
      0.0,
      0.8,
      0.0
    ]
  },
  "initial_velocity": 70.0,
  "lifetime": 4,
  "max_velocity": 70.0,
  "model": {
    "filename": "/pa/units/air/shell/shell.papa"
  },
  "physics": {
    "add_to_spatial_db": false,
    "allow_underground": true,
    "gravity_scalar": 5,
    "push_class": 1,
    "radius": 1
  },
  "spawn_layers": "WL_Air",
  "splash_damage": 35,
  "splash_radius": 1,
  "turn_rate": 4
}