{
    "context": "client",
    "identifier": "com.pa.Stuart98.tAlphaProgenitor",
    "display_name": "Alpha to Progenitor",
    "description": "Replaces the Alpha commander with the Progenitor commander.",
    "author": "Stuart98",
    "version": "1.0",
    "build": "62165",
    "date": "2014/03/02",
    "signature": "not yet implemented",
    "forum": "https://forums.uberent.com/threads/rel-alpha-to-progenitor.57293/",
    "category": [
        "in-game",
        "ui",
        "replacement",
        "commander"
    ],
    "id": "tAlphaProgenitor",
    "priority": 100,
    "enabled": true
}