{
    "context": "client",
    "identifier": "com.pa.trialq.eco_manager",
    "display_name": "Eco Manager",
    "description": "Adds eco-management buttons to ui",
    "author": "trialq",
    "version": "1.2",
    "build": "63475",
    "date": "2014/04/05",
    "signature": "not yet implemented",
    "forum": "https://forums.uberent.com/threads/rel-eco-manager-58772.55618/",
    "icon": "http://pamods.github.io/icons/eco_manager.png",
    "category": [
        "in-game",
        "ui"
    ],
    "id": "eco_manager",
    "priority": 100,
    "live_game": [
        "coui://ui/mods/eco_manager/eco_manager.js",
        "coui://ui/mods/eco_manager/live_game/eco_manager.css",
        "coui://ui/mods/eco_manager/live_game/init.js"
    ],
    "requires": [
        "rFloatFrame"
    ],
    "enabled": true
}
