{ "author" : "DeathByDenim", "build" : "58772", "category" : [ "ui" ], "context" : "client", "date" : "2014/01/01", "description" : "Keep notes on players for future reference", "display_name" : "Notes", "enabled" : true, "forum" : "http://forums.uberent.com/", "global_mod_list" : [ "coui://ui/mods/dNotes/dNotes_global.js", "coui://ui/mods/dNotes/dNotes_global.css" ], "id" : "dNotes", "identifier" : "com.pa.DeathByDenim.dNotes", "live_game" : [ "coui://ui/mods/dNotes/dNotes_live_game.js" ], "lobby" : [ "coui://ui/mods/dNotes/dNotes_lobby.js" ], "priority" : 110, "requires" : [ "rFloatFrame" ], "server_browser" : [ "coui://ui/mods/dNotes/dNotes_server_browser.js" ], "signature" : "not yet implemented", "social" : [ "coui://ui/mods/dNotes/dNotes_social.js" ], "version" : "1.0" }