{
    "context": "client",
    "identifier": "com.pa.conundrum.cLobbyRenamer",
    "display_name": "Lobby Renamer",
    "description": "Lets you change the game lobby name that shows in the server browser.",
    "author": "Captain Conundrum",
    "version": "1.1.1",
    "build": "63180",
    "date": "2014/03/21",
    "signature": "not yet implemented",
    "forum": "https://forums.uberent.com/threads/rel-lobby-renamer.57414/",
    "icon": "http://pamods.github.io/icons/cLobbyRenamer.gif",
    "category": [
        "ui"
    ],
    "id": "cLobbyRenamer",
    "priority": 100,
    "global_mod_list": [],
    "scenes": {
        "new_game": [
            "coui://ui/mods/cLobbyRenamer/cLobbyRenamer.js",
            "coui://ui/mods/cLobbyRenamer/cLobbyRenamer.css"
        ]
    },
    "enabled": true
}