{
    "context": "client",
    "identifier": "com.pa.dementiurge.planetpreview",
    "display_name": "Planet Preview details",
    "description": "Allows you to see planets' editor details in pre-game lobbies.",
    "author": "dementiurge",
    "version": "1.1",
    "build": "58772",
    "date": "2013/12/29",
    "signature": "not yet implemented",
    "forum": "https://forums.uberent.com/threads/wip-templates-for-random-system-generation-57703.54526/",
    "category": [
        "in-game",
        "ui"
    ],
    "id": "planetpreview",
    "priority": 100,
    "new_game": [
        "coui://ui/mods/planetpreview/pp_newgame.js"
    ],
    "lobby" : [
        "coui://ui/mods/planetpreview/pp_lobby.js"
    ],
    "enabled": true
}