{
    "author": "SXX, wondible",
    "build": "66943",
    "category": [
        "in-game",
        "shader"
    ],
    "context": "client",
    "date": "2014/06/05",
    "description": "This is just shader without using noise and unused code but it's still looks valid. Made for R600g Linux users (PA#2321), but will also work to decrease GPU load because default shader is super heavy.",
    "display_name": "Simplified Sun Shader",
    "enabled": true,
    "forum": null,
    "id": "simplified_sun_shader",
    "identifier": "com.wondible.pa.simplified_sun_shader",
    "priority": 100,
    "requires": [],
    "signature": "not yet implemented",
    "version": "1.0.0"
}
