{"base_spec":"/pa/ammo/base_missiles/base_missile_tactical.json","flight_type":"Staged","damage":500,"splash_damage":0,"splash_radius":0,"initial_velocity":80.0,"max_velocity":80.0,"cruise_height":60,"turn_rate":0,"lifetime":60,"stages":[{"ignores_gravity":true,"ignores_LOS":true,"stage_duration":100,"stage_turn_rate":0,"rotates_to_velocity":true},{"ignores_gravity":true,"ignores_LOS":true,"stage_duration":0,"stage_turn_rate":360,"stage_change_range":30,"rotates_to_velocity":true},{"ignores_gravity":false,"ignores_LOS":false,"stage_duration":5000,"stage_turn_rate":540,"rotates_to_velocity":true}],"model":{"filename":"/pa/units/air/missile_tactical/missile_tactical.papa"},"audio_loop":"/SE/Movement/missile/missileship_fly_loop","fx_trail":{"filename":"/pa/effects/specs/tactical_proj_trail.pfx","offset":[0.0,5.5,0.0]}}