{"base_spec":"/pa/units/land/base_structure/base_structure.json","display_name":"Missile Defense Tower","area_build_separation":25,"description":"Missile Defense: Anti-Tank Missiles, Anti-air missiles","display_group":50,"display_index":80,"max_health":500,"build_metal_cost":300,"atrophy_rate":20.0,"atrophy_cool_down":30.0,"spawn_layers":"WL_AnyHorizontalGroundOrWaterSurface","unit_types":["UNITTYPE_Structure","UNITTYPE_Basic","UNITTYPE_Land","UNITTYPE_AirDefense","UNITTYPE_Defense","UNITTYPE_CmdBuild","UNITTYPE_FabBuild","UNITTYPE_FabAdvBuild"],"command_caps":["ORDER_Attack"],"guard_radius":120,"guard_layer":"WL_Air","recon":{"observer":{"items":[{"layer":"surface_and_air","channel":"sight","shape":"capsule","radius":155}]}},"model":[{"layer":"WL_LandHorizontal","filename":"/pa/units/land/air_defense/air_defense.papa","animtree":"/pa/anim/anim_trees/fabrication_turret.json","skirt_decal":"/pa/effects/specs/skirt_05.json"},{"layer":"WL_WaterSurface","filename":"/pa/units/sea/air_defense/air_defense.papa","animtree":"/pa/anim/anim_trees/fabrication_turret.json"}],"nearby_target_tick_update_interval":3,"tools":[{"spec_id":"/pa/units/land/air_defense/air_defense_tool_weapon.json","aim_bone":"bone_pitch","muzzle_bone":["socket_rightMuzzle","socket_leftMuzzle"]}],"events":{"build_complete":{"audio_cue":"/SE/Build_Complete/structure_small"},"firing":{"audio_cue":"/SE/Weapons/structure/air_defence_fire","effect_spec":"/pa/effects/specs/default_muzzle_flash.pfx socket_rightMuzzle /pa/effects/specs/default_muzzle_flash.pfx socket_leftMuzzle"},"died":{"audio_cue":"/SE/Death/structure_small","effect_scale":0.3}},"mesh_bounds":[5,5,10.7778],"building_skirt":[5,5],"TEMP_texelinfo":9.09853}