{
    "context": "client",
    "identifier": "info.nanodesu.kodef",
    "display_name": "include KO Deferred",
    "description": "May break the UI. Or speed it up a _lot_. Test for yourself.",
    "author": "Cola_Colin",
    "version": "1.0",
    "build": "63180",
    "signature": "not yet implemented",
    "priority": 1,
    "enabled": true,
    "id": "kodef",
    "forum": "https://forums.uberent.com/threads/experiment-ko-deferred.58294/",
    "category": [
        "Bugfix"
    ],
    "date": "2014/03/27"
}