{
    "author": "Dementiurge",
    "build": "69721",
    "context": "client",
    "date": "2014/08/06",
    "description": "Shows planet details in the Lobby screen.",
    "display_name": "Advanced Planet Details 2.1",
    "identifier": "com.pa.dementiurge.apd",
    "forum": "https://forums.uberent.com/threads/rel-advanced-planet-details-69721.54290/",
    "id": "advancedplanetdetails",
    "priority": 100,
    "signature": "TBD",
    "version": "2.1",
    "category": [
        "ui",
        "lobby"
    ],
    "scenes": {
        "new_game": [
            "coui://ui/mods/apd/apd_newgame.js"
        ]
    },
    "enabled": true
}