{
   "base_spec":"/pa/units/commanders/base_commander/base_commander_original.json",
   "display_name":"Conundrum",
   "description":"Orbital Commander",

   "system_velocity_multiplier":7.5,
	"planetary_arrival_cooldown_time":3.0,
	"guard_radius":50,
	"max_health":2000,
	"buildable_types":"CmdBuild | (Orbital & MetalProduction)",
	"gravwell_velocity_multiplier":6.0,
	"guard_layer":"WL_Orbital",
   "show_in_orbital_layer":true,
   "unit_types":[
		"UNITTYPE_Commander",
		"UNITTYPE_Construction",
		"UNITTYPE_Mobile",
		"UNITTYPE_Offense",
		"UNITTYPE_Orbital",
		"UNITTYPE_NoBuild"
   ],
   "command_caps":[
		"ORDER_Move",
		"ORDER_Patrol",
		"ORDER_Build",
		"ORDER_Attack",
		"ORDER_Reclaim",
		"ORDER_Repair",
		"ORDER_Assist",
		"ORDER_Use",
		"ORDER_FireSecondaryWeapon",
		"ORDER_SpecialMove"
   ],
   "navigation":{
		"type":"orbital",
		"acceleration":60,
		"brake":60,
		"move_speed":20,
		"turn_speed":90,
		"hover_time":-1,
		"wobble_factor":0.2,
	   "wobble_speed":0.0,
		"turn_in_place":false,
		"vertical_speed":100
	 },
	 "physics":{
		"radius":9,
		"push_class":100,
		"sync_radius_to_extents":true,
		"air_friction":1.0,
		"gravity_scalar":0.001
   },

   "fx_offsets":[
   	{
			"type":"idle",
			"filename":"/pa/units/commanders/base_commander/glowingball.pfx",
			"offset":[
				0,
				-20,
				0
			]
	   },
		{
			"type":"build",
			"filename":"/pa/effects/specs/fab_spray.pfx",
			"bone":"socket_leftMuzzle"
		},
		{
			"type":"moving",
			"filename":"/pa/units/commanders/base_commander/commander_rocket.pfx",
			"bone":"bone_turret",
			"offset":[
			  0,
			  0,
			  0
			],
			"orientation":[
			  0,
			  180,
			  0
			]
		}
   ],
   "audio":{
		"loops":{
			"build":{
				"cue":"/SE/Construction/Commander_contruction_beam_loop",
				"flag":"build_target_changed",
				"should_start_func":"has_build_target",
				"should_stop_func":"no_build_target"
			},
			"move":{
		   	"cue":"/SE/Movement/air/air_bomber_T2_loop",
		   	"should_start_func":"is_moving",
				"should_stop_func":"is_not_moving"
			}
		},
		"selection_response":{
			"cue":"/SE/Selection/commander"
		}
   },

	"orbital_offset":[
		{
			"view_type":"Ally",
			"enabled":true,
			"effect":"particle_line_arrow_transparent_nohdr",
			"texture":"/pa/effects/textures/particles/uncompressed/orbital_line_ally.papa",
			"use_team_color":true,
			"color_at_ground":[
				1.0,
				1.0,
				1.0,
				1.0
			],
			"color_at_unit":[
				1.0,
				1.0,
				1.0,
				0.0
			],
			"uv_factor":64.0,
			"scale":3.0,
			"offset_from_unit":4.0,
			"offset_from_ground":1.0
		},
		{
			"view_type":"Unselected Preview",
			"enabled":true,
			"effect":"particle_line_arrow_transparent_nohdr",
			"texture":"/pa/effects/textures/particles/uncompressed/orbital_line_unselected.papa",
			"use_team_color":true,
			"color_at_ground":[
				1.0,
				1.0,
				1.0,
				1.0
			],
			"color_at_unit":[
				1.0,
				1.0,
				1.0,
				0.0
			],
			"uv_factor":64.0,
			"scale":7.0,
			"offset_from_unit":4.0,
			"offset_from_ground":1.0
		},
		{
			"view_type":"Selected",
			"enabled":true,
			"effect":"particle_line_arrow_transparent_nohdr",
			"texture":"/pa/effects/textures/particles/uncompressed/orbital_line_selected.papa",
			"use_team_color":true,
			"color_at_ground":[
				1.0,
				1.0,
				1.0,
				1.0
			],
			"color_at_unit":[
				1.0,
				1.0,
				1.0,
				1.0
			],
			"uv_factor":64.0,
			"scale":7.0,
			"offset_from_unit":4.0,
			"offset_from_ground":1.0
		},
		{
			"view_type":"Enemy",
			"enabled":true,
			"effect":"particle_line_arrow_transparent_nohdr",
			"texture":"/pa/effects/textures/particles/uncompressed/orbital_line_enemy.papa",
			"use_team_color":true,
			"color_at_ground":[
				1.0,
				1.0,
				1.0,
				1.0
			],
			"color_at_unit":[
				1.0,
				1.0,
				1.0,
				0.0
			],
			"uv_factor":64.0,
			"scale":3.0,
			"offset_from_unit":4.0,
			"offset_from_ground":1.0
		}
   ],


   "attachable":{
      "offsets":{
         "root":[
            0,
            0,
            0
         ],
         "head":[
            0,
            0,
            12.0
         ]
      }
   },
   "tools":[
      {
         "spec_id":"/pa/units/commanders/base_commander/commander_build_arm.json",
         "aim_bone":"bone_turret"
      },
      {
         "spec_id":"/pa/units/commanders/base_commander/base_commander_tool_missile_weapon.json",
         "aim_bone":"bone_turret",
         "muzzle_bone":"socket_rightMuzzle",
         "primary_weapon":true
      },
      {
         "spec_id":"/pa/units/commanders/base_commander/uber_cannon_battleship.json",
         "aim_bone":"bone_turret",
         "muzzle_bone":"socket_rightMuzzle",
         "secondary_weapon":true
      },
      {
         "spec_id":"/pa/units/commanders/base_commander/base_commander_tool_aa_weapon.json",
         "aim_bone":"bone_turret",
         "muzzle_bone":"socket_rightMuzzle",
         "primary_weapon":false,
         "show_range":false
      },
      {
         "spec_id":"/pa/units/commanders/base_commander/base_commander_tool_torpedo_weapon.json",
         "aim_bone":"bone_turret",
         "muzzle_bone":"socket_rightMuzzle",
         "primary_weapon":false,
         "show_range":false
      }
   ],
   "model":{
      "filename":"/pa/units/air/missile_orbital/missile_orbital.papa"
   },
   "headlights":[],
   "mesh_bounds":[
      9.8,
      7,
      12.2
   ]
}