{ "author" : "wondible", "build" : "62110", "category" : [ "in-game", "ui" ], "context" : "client", "date" : "2014/02/28", "description" : "Prevent the game from existing immediately, and provides a button to go to game over.", "display_name" : "Linger", "enabled" : true, "forum" : "https://forums.uberent.com/threads/wip-linger.56944/", "id" : "linger", "identifier" : "pa.wondible.linger", "live_game" : [ "coui://ui/mods/linger/exit_button.css", "coui://ui/mods/linger/bootstrap.js" ], "priority" : 100, "requires" : [ "rFloatFrame" ], "signature" : "not yet implemented", "version" : "1.0.0" }