{
    "context": "client",
    "identifier": "com.pa.LavaSnake.ProfilePicFixer",
    "display_name": "Profile Pic Fixer",
    "description": "A simple mod that makes it easy to change the placeholder profile picture in PA's main menu. (See forum link for setup instructions)",
    "author": "LavaSnake",
    "version": "1.3",
    "build": "58772",
    "date": "2014/01/14",
    "signature": "not yet implemented",
    "forum": "https://forums.uberent.com/threads/rel-profile-pic-fixer-56387.53531/",
    "category": [
        "Main Menu",
        "ui"
    ],
    "id": "LavaSnakes_ProfilePicFixer",
    "priority": 100,
    "start": [
        "coui://ui/mods/LavaSnakes_ProfilePicFixer/ProfilePicFixer.js"
    ],
	"icon": "http://pamods.github.io/icons/ProfilePicFixer.png",
    "enabled": true
}