{
    "context": "client",
    "identifier": "com.elu.pa_strat_build_icons",
    "display_name": "Strategic  build icons",
    "description": "Display strategic  build icons over normal build icons",
    "author": "eluvatar",
    "version": "1",
    "build": "63180",
    "date": "2014/03/022",
    "signature": "not yet implemented",
    "forum": "https://forums.uberent.com/threads/rel-sup-com-strategic-icons.48554/",
    "icon": "https://dl.dropboxusercontent.com/u/22720750/d.jpg",
    "category": [
        "in-game",
        "ui"
    ],
    "id": "pa_strat_build_icons",
    "priority": 100,
    "enabled": true
}