{
    "context": "client",
    "identifier": "com.pa.trialq.tBuildingWriter",
    "display_name": "Building Writer",
    "description": "Use buildings to write text. See forum for details",
    "author": "trialq",
    "version": "1.1",
    "build": "59607",
    "date": "2014/01/22",
    "signature": "not yet implemented",
    "forum": "https://forums.uberent.com/threads/rel-building-writer.55793/",
    "category": [
        "in-game",
        "ui"
    ],
    "live_game": [
        "coui://ui/mods/tBuildingWriter/tBuildingWriter.js",
        "coui://ui/mods/tBuildingWriter/live_game/init.js"
    ],
    "requires": [
        "rFloatFrame"
    ],
    "id": "tBuildingWriter",
    "priority": 100,
    "enabled": true
}
