{"base_spec":"/pa/units/commanders/base_commander/base_commander.json","display_name":"Quadruped Class Commander","description":"Quadruped Class Commander. - If you're seeing this, something is wrong in your commander.","model":{"filename":"/pa/units/commanders/quad_base/quad_base.papa","animations":{"walk":"/pa/units/commanders/quad_base/quad_base_anim_walk.papa","idle":"/pa/units/commanders/quad_base/quad_base_anim_idle.papa","aim_up":"/pa/units/commanders/quad_base/quad_base_anim_aimUp.papa","aim_down":"/pa/units/commanders/quad_base/quad_base_anim_aimDown.papa"},"animtree":"/pa/anim/anim_trees/commander.json","walk_speed":5.0},"audio":{"loops":{"build":{"cue":"/SE/Construction/Commander_contruction_beam_loop","flag":"build_target_changed","should_start_func":"has_build_target","should_stop_func":"no_build_target"},"move":{"cue":"/SE/Movement/commander/Commander_move_loop_quad","flag":"vel_changed","should_start_func":"is_moving","should_stop_func":"is_not_moving"}}}}