{
    "context": "server",
    "identifier": "com.pa.conundrum.cOrbitalCommander",
    "display_name": "Orbital Commanders",
    "description": "Commanders can fly between planets on their own, but their health is cut to significantly below normal. They have extremely powerful Yamato Cannons that require extreme emounts of energy and 2.5 minutes to recharge.",
    "author": "Captain Conundrum",
    "version": "1.1.0",
    "build": "75539",
    "date": "2014/11/27",
    "signature": "not yet implemented",
    "category": [
        "in-game",
        "server-mod"
    ],
    "id": "cOrbitalCommander",
    "icon": "http://i.imgur.com/XHYsD6e.png",
    "forum": "",
    "priority": 100,
    "enabled": true
}
