{"base_spec":"/pa/units/commanders/base_commander/base_commander.json","unit_name":"CMD Tank01","display_name":"Tank Class Commander","description":"Tank Class Commander.","model":{"filename":"/pa/units/commanders/tank_base/tank_base.papa","animations":{"walk":"/pa/units/commanders/tank_base/tank_base_anim_walk.papa","aim_up":"/pa/units/commanders/tank_base/tank_base_anim_aimUp.papa","idle":"/pa/units/commanders/tank_base/tank_base_anim_idle.papa","aim_down":"/pa/units/commanders/tank_base/tank_base_anim_aimDown.papa"},"animtree":"/pa/anim/anim_trees/commander.json","arrows":5,"walk_speed":5.0},"events":{"firing":{"audio_cue":"/SE/Weapons/commander/Commander_uber_what","effect_spec":"/pa/effects/specs/default_muzzle_flash.json socket_rightMuzzle"}},"fx_offsets":[{"type":"build","filename":"/pa/effects/specs/fab_spray.json","bone":"socket_leftMuzzle","offset":[0.0,0.0,0.0],"orientation":[0,0,0]}],"headlights":[{"offset":[-3.25,0.0,0.0],"orientation":[0.0,70.0,180.0],"near_width":5.0,"near_height":5.0,"near_distance":3.0,"far_distance":30.0,"color":[0.9,0.92,1.0],"intensity":2.0,"bone":"bone_leftShoulder","shadow_resolution":128}],"mesh_bounds":[13.4169,8.19068,12.264]}