{ "author" : "DeathByDenim", "build" : "58772", "category" : [ "ui" ], "context" : "client", "date" : "2014/01/16", "description" : "Keep notes on players for future reference.", "description_fr" : "Notez joueurs pour l'utilisation future", "description_nl" : "Houd notities over spelers bij voor toekomstig gebruik.", "display_name" : "Notes", "display_name_de" : "Notizen", "display_name_fr" : "Notes", "display_name_nl" : "Notities", "enabled" : true, "forum" : "https://forums.uberent.com/threads/rel-notes-v1-0.55281/", "game_over" : [ "coui://ui/mods/dNotes/dNotes_game_over.js", "coui://ui/mods/dNotes/dNotes_game_over.css" ], "global_mod_list" : [ "coui://ui/mods/dNotes/dNotes_global.js", "coui://ui/mods/dNotes/dNotes_global.css" ], "icon" : "http://pamods.github.io/icons/dNotes.png", "id" : "dNotes", "identifier" : "com.pa.DeathByDenim.dNotes", "live_game" : [ "coui://ui/mods/dNotes/dNotes_live_game.js" ], "lobby" : [ "coui://ui/mods/dNotes/dNotes_lobby.js" ], "priority" : 90, "requires" : [ "rFloatFrame" ], "server_browser" : [ "coui://ui/mods/dNotes/dNotes_server_browser.js" ], "signature" : "not yet implemented", "social" : [ "coui://ui/mods/dNotes/dNotes_social.js" ], "version" : "1.2" }
