{"base_spec":"/pa/units/land/base_structure/base_structure.json","unit_name":"Teleporter","display_name":"Stargate","description":"Stargate: Large ring originally built by the ancients. This fully compatible clone works great for moving your armies around.","display_group":50,"display_index":60,"max_health":4000,"build_metal_cost":1500,"spawn_layers":"WL_LandHorizontal","area_build_type":"Sphere","energy_efficiency_requirement":1.0,"unit_types":["UNITTYPE_Structure","UNITTYPE_CmdBuild","UNITTYPE_FabBuild","UNITTYPE_Recon","UNITTYPE_FabBuild","UNITTYPE_FabAdvBuild","UNITTYPE_CombatFabAdvBuild","UNITTYPE_FabOrbBuild"],"command_caps":["ORDER_Move","ORDER_Patrol","ORDER_Reclaim","ORDER_Repair","ORDER_Attack","ORDER_Assist","ORDER_Use"],"recon":{"observer":{"items":[{"layer":"surface_and_air","channel":"sight","shape":"capsule","radius":100}]}},"model":{"filename":"/pa/units/land/teleporter/teleporter.papa","animations":{"start":"/pa/units/land/teleporter/teleporter_anim_start.papa","idle":"/pa/units/land/teleporter/teleporter_anim_loop.papa","end":"/pa/units/land/teleporter/teleporter_anim_end.papa"},"animtree":"/pa/anim/anim_trees/powered_idle.json"},"events":{"build_complete":{"audio_cue":"/SE/Build_Complete/energy"},"enabled":{"audio_cue":"/SE/Buildings/teleporter_enabled","effect_spec":"/pa/units/land/teleporter/teleporter_power_on.pfx bone_innerRingMaster"},"disabled":{"audio_cue":"/SE/Buildings/teleporter_disabled","effect_spec":"/pa/units/land/teleporter/teleporter_power_down.pfx bone_innerRingMaster"},"died":{"audio_cue":"/SE/Death/Factory","effect_scale":1.5}},"audio":{"loops":{"enabled":{"cue":"/SE/Buildings/teleporter_loop","flag":"enable_changed","should_start_func":"is_enabled","should_stop_func":"is_disabled"}}},"fx_offsets":[{"type":"teleporter","filename":"/pa/units/land/teleporter/teleporter_event_horizon.pfx","bone":"bone_innerRingMaster","offset":[0,0,0],"orientation":[0,0,0]},{"type":"teleporter","filename":"/pa/units/land/teleporter/teleporter_brace_glow.pfx","bone":"bone_innerRing01","offset":[0,0,0],"orientation":[0,0,0]},{"type":"teleporter","filename":"/pa/units/land/teleporter/teleporter_brace_glow.pfx","bone":"bone_innerRing02","offset":[0,0,0],"orientation":[0,0,0]},{"type":"teleporter","filename":"/pa/units/land/teleporter/teleporter_brace_glow.pfx","bone":"bone_innerRing03","offset":[0,0,0],"orientation":[0,0,0]},{"type":"teleporter","filename":"/pa/units/land/teleporter/teleporter_brace_glow.pfx","bone":"bone_innerRing04","offset":[0,0,0],"orientation":[0,0,0]}],"orders":{"handler_type":"inert"},"teleporter":{"energy_demand":1000},"useable":{"type":"teleporter","range":30},"mesh_bounds":[50,75,40],"placement_size":[30,65],"TEMP_texelinfo":71.9104}