{
    "context": "client",
    "identifier": "com.pa.trialq.tAutoFactory",
    "display_name": "Auto Factory",
    "description": "Automatically build units with idle factories, when eco would otherwise be wasted",
    "author": "trialq",
    "version": "1.71",
    "build": "67523",
    "date": "2014/06/26",
    "signature": "not yet implemented",
    "forum": "https://forums.uberent.com/threads/rel-auto-factory.55995/",
    "icon": "http://pamods.github.io/icons/tAutoFactory.png",
    "category": [
        "in-game",
        "ui"
    ],
    "scenes": {
        "live_game": [
            "coui://ui/mods/tAutoFactory/live_game/init.js"
        ],
        "settings": [
            "coui://ui/mods/tAutoFactory/settings/init.js"
        ]
    },
    "requires": [
        "rFloatFrame"
    ],
    "id": "tAutoFactory",
    "priority": 100,
    "enabled": true
}
