{
    "context": "client",
    "identifier": "com.pa.trialq.tSystemEditorFix",
    "display_name": "System Editor Fix",
    "description": "Adds input validation in system editor, so editor crashes less",
    "author": "trialq",
    "version": "1.0.1",
    "build": "59607",
    "date": "2014/02/10",
    "signature": "not yet implemented",
    "forum": "https://forums.uberent.com/threads/rel-system-editor-fix-59549.55732/",
    "icon": "http://pamods.github.io/icons/tSystemEditorFix.png",
    "category": [
        "ui"
    ],
    "system_editor": [
        "coui://ui/mods/tSystemEditorFix/tSystemEditorFix.js"
    ],
    "id": "tSystemEditorFix",
    "priority": 100,
    "enabled": true
}
