{
    "context": "client",
    "identifier": "com.pa.trialq.tDoxCommMode",
    "display_name": "Dox Comm Camo Mode",
    "description": "Replaces commander graphics with dox (build a dox army and play hide-and-seek). Gentlemen's rules, everyone must enable it and use the tank commander.",
    "author": "trialq",
    "version": "1.0",
    "build": "61450",
    "date": "2014/02/24",
    "signature": "not yet implemented",
    "icon": "http://pamods.github.io/icons/tDoxCommMode.png",
    "forum": "https://forums.uberent.com/threads/rel-dox-comm-camo-mode.56820/",
    "category": [
        "in-game",
        "ui",
        "gentleman",
        "commander"
    ],
    "id": "tDoxCommMode",
    "priority": 100,
    "enabled": true
}
