{
    "context": "client",
    "identifier": "com.pa.burntcustard.bShowSecondaryColour",
    "display_name": "Show Secondary Colour",
    "description": "Shows secondary colours in lobby, and allows you to select which you use.",
    "author": "burntcustard, DeathByDenim",
    "version": "1.4",
    "build": "68767",
    "date": "2014/07/25",
    "signature": "not yet implemented",
    "category": [
        "in-game",
        "ui"
    ],
    "new_game": [
        "coui://ui/mods/bShowSecondaryColour/new_game/bShowSecondaryColour.js"
    ],
    "settings": [
        "coui://ui/mods/bShowSecondaryColour/settings/bShowSecondaryColour_Settings.js"
    ],
    "global_mod_list": [
        "coui://ui/mods/bShowSecondaryColour/global_mod_list/bShowSecondaryColour_Global.js"
    ],
    "id": "bShowSecondaryColour",
    "forum": "https://forums.uberent.com/threads/rel-show-secondary-colour-v1-0-62168.57305/",
    "icon": "http://pamods.github.io/icons/bShowSecondaryColour.png",
    "priority": 100,
    "dependencies": [
        "com.pa.raevn.pamm.rsettingsmanager"
    ],
    "enabled": true
}