{"base_spec":"/pa/units/land/base_vehicle/base_vehicle.json","display_name":"Vanguard","description":"Vanguard: Short range, heavily armored vehicle.","display_group":60,"display_index":115,"max_health":5000,"build_metal_cost":675,"attachable":{"offsets":{"root":[0,0,0],"head":[0,-0.5,6.1]}},"unit_types":["UNITTYPE_Tank","UNITTYPE_Heavy","UNITTYPE_Mobile","UNITTYPE_Land","UNITTYPE_Advanced","UNITTYPE_FactoryBuild"],"transportable":{"size":1},"guard_radius":40,"guard_layer":"WL_LandHorizontal","navigation":{"type":"land-small","acceleration":70,"brake":70,"move_speed":7,"turn_speed":180,"group_preference":"front"},"physics":{"radius":6,"push_class":90},"recon":{"observer":{"items":[{"layer":"surface_and_air","channel":"sight","shape":"capsule","radius":10000},{"layer":"surface_and_air","channel":"radar","shape":"capsule","radius":150}]}},"model":{"filename":"/pa/units/land/tank_heavy_armor/tank_heavy_armor.papa","animtree":"/pa/anim/anim_trees/tank_armor.json"},"tools":[{"spec_id":"/pa/units/land/tank_heavy_armor/tank_heavy_armor_tool_weapon.json","aim_bone":"bone_root","muzzle_bone":"socket_muzzle"}],"events":{"build_complete":{"audio_cue":"/SE/Build_Complete/veh"},"firing":{"audio_cue":"/SE/Weapons/veh/tank_flame","effect_spec":"/pa/units/land/tank_armor/tank_armor_muzzle_flame.pfx socket_muzzle"},"died":{"audio_cue":"/SE/Death/Veh","effect_scale":1.4}},"audio":{"loops":{"move":{"cue":"/SE/Movement/veh/tank_heavy_mortar_loop","flag":"vel_changed","should_start_func":"is_moving","should_stop_func":"is_not_moving"}}},"scrolling_uv":{"scroll_rate":0.58,"uv_split":0.855},"TEMP_texelinfo":9.04444}