{
    "context": "client",
    "identifier": "com.pa.moldez.transicons",
    "display_name": "Transparent Strategic Icons",
    "description": "Transparent Strategic Icons",
    "author": "moldez",
    "version": "2.0",
    "signature": "not yet implemented",
    "priority": 100,
    "enabled": true,
    "id": "transicons",
    "forum": "https://forums.uberent.com/threads/rel-transparent-uniticons.55376/",
    "category": [
        "Strategic Icons"
    ],
    "date": "2014/01/04",
    "build": "58772"
}