{
    "context": "client",
    "identifier": "com.pa.trialq.tGWLoadout",
    "display_name": "Galactic War Loadouts",
    "description": "New loadouts for use in Galactic War",
    "author": "trialq",
    "version": "1.1",
    "build": "67457",
    "date": "2014/06/17",
    "signature": "not yet implemented",
    "forum": "https://forums.uberent.com/threads/rel-galactic-war-loadouts.60187/",
    "icon": "http://pamods.github.io/icons/tGWLoadout.png",
    "category": [
        "in-game",
        "galactic-war"
    ],
    "scenes": {
        "galactic_war": [
            "coui://ui/main/game/galactic_war/cards/tgw_start_broken.js",
            "coui://ui/main/game/galactic_war/cards/tgw_start_nomex.js",
            "coui://ui/main/game/galactic_war/cards/tgw_start_speed.js",
            "coui://ui/main/game/galactic_war/cards/tgw_start_tank.js",
            "coui://ui/main/game/galactic_war/cards/tgw_start_vehicle_borked.js",
            "coui://ui/main/game/galactic_war/cards/tgw_start_air_borked.js",
            "coui://ui/main/game/galactic_war/cards/tgw_start_orbital_borked.js",
            "coui://ui/main/game/galactic_war/cards/tgw_start_bot_borked.js"

        ]
    },
    "id": "tGWLoadout",
    "priority": 100,
    "enabled": true
}
