{
    "context": "client",
    "identifier": "com.pa.stuart98.ableprogenitor",
    "display_name": "Able Progenitor",
    "description": "Applies the now unused Able commander textures to the Progenitor.",
    "author": "Stuart98",
    "version": "1.0",
    "signature": "not yet implemented",
    "priority": 100,
    "id": "ableprogenitor",
    "icon": "http://pamods.github.io/icons/ableprogenitor.png",
    "category": [
        "Texture",
        "Commander"
    ],
    "date": "2014/08/01",
    "build": "69564",
    "enabled": true
}