{
    "context": "client",
    "identifier": "com.pa.conundrum.cTrackingPips",
    "display_name": "Tracking Pips",
    "description": "Opens a new picture-in-picture that tracks the selected unit if you press CTRL+T. INCOMPATIBLE with the Draggable Pip mod for now.",
    "author": "Captain Conundrum",
    "version": "1.2.0",
    "signature": "not yet implemented",
    "priority": 100,
    "enabled": true,
    "id": "cTrackingPips",
    "forum": "https://forums.uberent.com/threads/rel-tracking-pips.57787/",
    "category": [
        "in-game",
        "pip"
    ],
    "scenes": {
    	"settings": [
    	    "coui://ui/mods/cTrackingPips/settings.js"
    	],
        "live_game": [
            "coui://ui/mods/cTrackingPips/cTrackingPips.js",
            "coui://ui/mods/cTrackingPips/cTrackingPips.css"
        ]
    },
    "requires": [
        "rFloatFrame",
        "rSettingsManager",
        "alertsManager"
    ],
    "date": "2014/03/13",
    "build": "62443"
}