{
	"ammo_type" : "PBAOE",
	"audio_loop" : "/SE/Movement/missile/anti_nuke_missile_fly_loop",
	"build_metal_cost" : 124730,
	"cruise_height" : 120,
	"collision_check": "ground",
	"damage" : 50000,
	"burn_damage": 260,
    "burn_radius": 180,
    "damage_volume": {
    "burnable_remove_radius": 170.0,
    "delay": 1.0,
    "initial_radius": 20.0,
    "radius_accel": 70.0,
    "radius_velocity": 30.0
  },
  "impact_decals": [
    "/pa/effects/specs/meteor_impact_explosion_ent.json"
  ],
	"description" : "The Ionic Fusion Missile was built to demolish planets.",
	"display_name" : "IXP250 - Ionic Fusion Missile",
	"enable_orbital_shell": true,
	"events" : {
		"collided" : {
			"audio_cue" : "/SE/Impacts/missile_seeking",
			"effect_spec" : "/pa/effects/specs/meteor_impact_explosion.pfx",
			"effect_world_aligned" : false
		},
		"died" : {
			"audio_cue" : "/SE/Impacts/missile_seeking",
			"effect_spec" : "/pa/effects/specs/default_commander_explosion_ent.pfx",
			"effect_world_aligned" : false
		}
	},
	"flight_type" : "Staged",
	"fx_trail" : {
		"filename" : "/pa/units/land/anti_nuke_launcher/anti_nuke_launcher_ammo_trail.pfx",
		"offset" : [
			0.0,
			4.6,
			0.0
		]
	},
	"gravwell_velocity_multiplier": 20.0,
	"has_notifications" : true,
	"influence_radius" : 1200,
	"initial_velocity" : 10.0,
	"interplanetary_type" : "INTER_System",
	"lifetime" : 120,
	"max_health" : 5,
	"max_velocity" : 75.0,
	"model" : {
		"filename" : "/pa/units/air/missile_nuke_booster/missile_nuke_booster.papa"
	},
	"physics" : {
		"add_to_spatial_db" : true,
		"allow_underground" : true,
		"gravity_scalar" : 3,
		"ignore_gravity" : true,
		"push_class" : 1,
		"radius" : 10
	},
	"show_strategic_icon" : true,
	"sim_impact_effect": "/pa/effects/specs/default_commander_explosion_ent.json",
	"spawn_layers" : "WL_Air",
	"crater_radius": 230,
	"splash_damage" : 30000,
	"splash_radius" : 300,
	"full_damage_splash_radius": 200,
	"splash_damages_allies" : true,
	"splash_damages_orbit" : true,
	  "stages": [
    {
      "ignores_LOS": true,
      "ignores_gravity": true,
      "rotates_to_velocity": true,
      "stage_duration": 600,
      "stage_turn_rate": 0
    },
    {
      "ignores_LOS": true,
      "ignores_gravity": true,
      "rotates_to_velocity": true,
      "stage_change_range": 75,
      "stage_duration": 0,
      "stage_turn_rate": 90
    },
    {
      "ignores_LOS": false,
      "ignores_gravity": false,
      "rotates_to_velocity": true,
      "stage_duration": 5000,
      "stage_turn_rate": 360
    },
    {
      "ignores_LOS": false,
      "ignores_gravity": false,
      "rotates_to_velocity": true,
      "stage_duration": 5000,
      "stage_turn_rate": 1080
    }
  ],
	"turn_rate" : 180,
	"system_velocity_multiplier": 15.0,
    "unit_types": [
    "UNITTYPE_Mobile",
    "UNITTYPE_Orbital"
  ]
}