{
  "ammo_id": "/pa/units/land/missile_silo/cluster_missile_ammo.json",
  "ammo_source": "factory",
  "auto_attack": false,
  "auto_task_type": "none",
  "base_spec": "/pa/tools/base_missile_tactical_turret/base_missile_tactical_turret.json",
  "firing_arc_pitch": 180,
  "firing_arc_yaw": 180,
  "manual_fire": true,
  "max_range": 960,
  "lifetime": 60,
  "pitch_range": 180,
  "pitch_rate": 0,
  "rate_of_fire": 0.25,
  "spread_fire": true,
  "target_layers": [
    "WL_LandHorizontal",
    "WL_WaterSurface",
    "WL_Orbital"
  ],
  "tool_type": "TOOL_Weapon",
  "yaw_range": 180,
  "yaw_rate": 0
}