{
    "context": "client",
    "identifier": "com.pa.stan_petit_cul.EcoEff",
    "display_name": "Economy Efficiency",
    "description": "Improves the Eco Information bars",
    "author": "stan_petit_cul",
    "version": "1.2",
    "build": "61250",
    "date": "2014/02/19",
    "signature": "not yet implemented",
    "forum": "https://forums.uberent.com/threads/rel-economic-efficiency-ui-mod.52613/",
    "category": [
        "in-game",
        "ui"
    ],
    "id": "EcoEff",
    "icon": "http://pamods.github.io/icons/EcoEff.png",
    "priority": 100,
    "live_game_econ": [
        "coui://ui/mods/EcoEff/EcoEff.css",
        "coui://ui/mods/EcoEff/EcoEff.js"
    ],
    "enabled": true
}