{
    "context": "client",
    "identifier": "net.corang.corBetterBuildBarsPTE",
    "display_name": "Better Build Bar for PTE",
    "description": "ONLY USE IN PTE BUILD 66863",
    "author": "Corang",
    "version": "1.0.0",
    "build": "66863",
    "date": "2014/06/01",
    "signature": "not yet implemented",
    "forum": "https://forums.uberent.com/threads/rel-better-build-bar.57183/",
    "category": [
        "in-game",
        "ui"
    ],
    "id": "corBetterBuildBarsPTE",
    "priority": 100,
    "live_game": [
        "coui://ui/mods/corBetterBuildBars/corBetterBuildBar.js"
    ],
    "settings": [
        "coui://ui/mods/corBetterBuildBars/CBBSettings.js"
    ],
    "icon": "http://pamods.github.io/icons/corBBB.png",
    "enabled": true
}