{
    "context": "client",
    "identifier": "com.uberent.pa.mods.client.teamubercannoncolor",
    "display_name": "TeamUberCannonColor",
    "description": "Changes the Uber Canon Effects to your Team Color instead of blue",
    "author": "Fr33lancer, TrophySystem",
    "version": "1.0.1",
    "build": "67099",
    "date": "2014/06/09",
    "signature": "not yet implemented",
    "forum": "https://forums.uberent.com/threads/rel-team-uber-cannon-color.60629/",
    "category": [
        "in-game"
	   "shader"
    ],
    "id": "TeamUberCannonColor",
    "priority": 100,
    "enabled": true
}