{
    "context": "client",
    "identifier": "net.orfjackal.pa-spectator-vision",
    "display_name": "Spectator Vision",
    "description": "Improved spectator visibility controls. Use click or shift-click on rows in the player list.",
    "author": "ORFJackal",
    "version": "1.0.0",
    "build": "62857",
    "date": "2014/03/15",
    "forum": "https://forums.uberent.com/threads/spectator-vision.57890/",
    "icon": "http://pamods.github.io/icons/SpectatorVision.png",
    "category": [
        "in-game",
        "ui"
    ],
    "id": "SpectatorVision",
    "priority": 100,
    "scenes": {
        "live_game": [
            "coui://ui/mods/SpectatorVision/core.js",
            "coui://ui/mods/SpectatorVision/live_game_hook.js"
        ]
    },
    "enabled": true
}