{
    "context": "client",
    "identifier": "com.pa.someonewhoisnobody.cheeseDevStage",
    "display_name": "Cheese Dev Stage",
    "description": "Corrects the beginning of the version number to Cheese",
    "author": "someonewhoisnobody",
    "version": "0.1",
    "build": "66516",
    "date": "2014/5/23",
    "signature": "not yet implemented",
    "forum": "https://forums.uberent.com/threads/rel-cheese-dev-stage.59838/",
    "category": [
        "in-game",
        "ui"
    ],
    "id": "cheeseDevStage",
    "icon": "http://i.imgur.com/CNCmW28.jpg",
    "priority": 100,
    "scenes": {
        "global_mod_list": [
            "coui://ui/main/shared/js/inject.js"
        ]
    },
    "enabled": true
}
