{
    "context": "client",
    "identifier": "com.pa.conundrum.cShareSystems",
    "display_name": "System Sharing",
    "description": "Share your favorite systems with other users. Enhanced System Preview is recommended with this mod.",
    "author": "Captain Conundrum",
    "version": "1.1.2",
    "build": "62110",
    "date": "2014/03/05",
    "signature": "not yet implemented",
    "forum": "https://forums.uberent.com/threads/rel-system-sharing.56319/",
    "category": [
        "ui"
    ],
    "load_planet": [
        "coui://ui/mods/cShareSystems/cShareSystems.js",
        "coui://ui/mods/cShareSystems/load_planet.js",
        "coui://ui/mods/cShareSystems/cShareSystems.css"
    ],
    "system_editor": [
        "coui://ui/mods/cShareSystems/cShareSystems.js",
        "coui://ui/mods/cShareSystems/system_editor.js",
        "coui://ui/mods/cShareSystems/cShareSystems.css"
    ],
    "icon": "http://pamods.github.io/icons/cShareSystems.png",
    "id": "cShareSystems",
    "priority": 99,
    "enabled": true
}