{
    "context": "client",
    "identifier": "info.nanodesu.blackscreenfix",
    "display_name": "No Blackscreens",
    "description": "Fix for Blackscreens when loading css in mods for PA v.63180",
    "author": "Cola_Colin, PRoeleert, wondible",
    "version": "6.0",
    "build": "63475",
    "signature": "not yet implemented",
    "priority": 1,
    "enabled": true,
    "id": "blackscreenfix",
    "forum": "https://forums.uberent.com/threads/rel-possible-fix-for-blackscreen-issues.56735/",
    "category": [
        "Bugfix"
    ],
    "scenes": {
        "live_game": [
            "coui://ui/mods/blackscreenfix/fix.js"
        ]
    },
    "date": "2014/04/18"
}