{
    "context": "client",
    "identifier": "com.pa.conundrum.cDraggablePip",
    "display_name": "Draggable Picture in Picture",
    "description": "Makes the PiP window draggable",
    "author": "Captain Conundrum",
    "version": "1.0.0",
    "build": "61450",
    "date": "2014/02/21",
    "signature": "not yet implemented",
    "forum": "https://forums.uberent.com/threads/rel-draggable-picture-in-picture.56738/",
    "category": [
    	"in-game",
        "ui"
    ],
    "live_game": [
        "coui://ui/mods/cDraggablePip/cDraggablePip.js",
        "coui://ui/mods/cDraggablePip/cDraggablePip.css"
    ],
    "id": "cDraggablePip",
    "requires": [
        "rFloatFrame"
    ],
    "priority": 100,
    "enabled": true
}