{"tool_type":"TOOL_Weapon","ammo_id":"/pa/ammo/bomb/bomb.json","target_layers":["WL_LandHorizontal","WL_WaterSurface"],"rate_of_fire":1.0,"ammo_source":"energy","ammo_capacity":100000,"ammo_demand":100000,"ammo_per_shot":100000,"max_range":2000,"yaw_rate":900,"pitch_rate":900,"yaw_range":90,"pitch_range":90,"auto_attack":true,"flight_type":"Staged","stages":[{"ignores_gravity":true,"ignores_LOS":true,"stage_duration":5,"stage_turn_rate":0,"rotates_to_velocity":true},{"ignores_gravity":false,"ignores_LOS":true,"stage_duration":50000,"stage_turn_rate":0,"rotates_to_velocity":true}]}