{
  "base_spec": "/pa/ammo/base_bullet/base_bullet.json",
  "damage": 8,
  "firing_standard_deviation": 1,
  "flight_type": "Direct",
  "fx_trail": {
    "filename": "/pa/units/air/gunship/gunship_ammo_trail.pfx"
  },
  "initial_velocity": 150.0,
  "lifetime": 1,
  "max_velocity": 150.0,
  "physics": {
    "add_to_spatial_db": false,
    "allow_underground": true,
    "ignore_gravity": true,
    "push_class": 1,
    "radius": 1,
    "type": "Projectile"
  },
  "splash_damage": 0,
  "splash_radius": 0
}