{"base_spec":"/pa/units/commanders/base_commander/base_commander.json","display_name":"Dox Commander","description":"Dox Class Commander.","attachable":{"offsets":{"root":[0,0,0],"head":[0,0,3.5]}},"model":{"filename":"/pa/units/land/assault_bot/assault_bot.papa","animations":{"death01":"/pa/units/land/assault_bot/assault_bot_anim_death01.papa","walk":"/pa/units/land/assault_bot/assault_bot_anim_run.papa","aim_up":"/pa/units/land/assault_bot/assault_bot_anim_aim_up.papa","aim_down":"/pa/units/land/assault_bot/assault_bot_anim_aim_dwn.papa"},"animtree":"/pa/anim/anim_trees/bipedal_mech.json","walk_speed":8.4545},"navigation":{"turn_in_place":true}}





