{
    "context": "client",
    "identifier": "com.pa.mods.yuuzhantar.lineToCircle",
    "display_name": "Line to Circle mod",
    "description": "Changes the line builds to circle build (energy plant + advanced energy plant)",
    "author": "yuuzhantar",
    "version": "1.0",
    "build": "61450",
    "date": "2014/04/06",
    "signature": "(not yet implemented)",
    "priority": 100,
    "enabled": true,
    "id": "lineToCircle",
	"category": [
        "in-game",
        "ui"
    ]
}