{
    "context": "client",
    "identifier": "com.pa.mods.yuuzhantar.loadExperimentalSystem",
    "display_name": "Load experimental system in lobby creator",
    "description": "Load experimental system in lobby creator",
    "author": "yuuzhantar",
    "version": "1.0",
    "build": "61450",
    "date": "2014/04/26",
    "signature": "(not yet implemented)",
    "priority": 100,
    "enabled": true,
    "id": "loadExperimentalSystem",
	"category": [
        "in-game",
        "ui"
    ],
	"scenes": {
		"load_planet": [
			"coui://ui/mods/loadExperimentalSystem/load_planet.js"
		],
		"system_editor": [
			"coui://ui/mods/loadExperimentalSystem/system_editor.js"
		]
	}
}