{
  "ambient_sound": "/SE/Ambience/Amb_Planet_Moon",
  "base_biome": "/pa/terrain/base/base.json",
  "biomes": [
    {
      "elevation": [
        -1,
        1,
        1
      ],
      "spec": "/pa/terrain/sandbox/sandbox.json",
      "temperture": [
        -1,
        1,
        1
      ],
      "water_distance": [
        null,
        null,
        0
      ]
    }
  ],
  "brushes": [],
  "enable_features": true,
  "lighting": {
    "ambient": {
      "day_ground": [
        0.25,
        0.25,
        0.35
      ],
      "day_intensity_hdr": 1.0,
      "day_intensity_ldr": 1.3,
      "day_sky": [
        0.45,
        0.5,
        0.7
      ],
      "hdr_intensity": 0.0,
      "ldr_intensity": 0.0,
      "night_ground": [
        0.1,
        0.15,
        0.2
      ],
      "night_intensity_hdr": 1.0,
      "night_intensity_ldr": 1.3,
      "night_sky": [
        0.15,
        0.3,
        0.4
      ]
    },
    "sun": {
      "diffuse": [
        0.7,
        0.7,
        0.5
      ],
      "hdr_intensity": 10.0,
      "ldr_intensity": 5.0,
      "specular": [
        0.2,
        0.2,
        0.2
      ]
    }
  },
  "name": "sandbox",
  "water": {
    "shader": "planet_liquid_transparent",
    "textures": {
      "DepthColorTexture": "/pa/effects/textures/water_depth_diffuse.papa",
      "DiffuseTexture": "/pa/effects/textures/water_diffuse.papa",
      "NoiseTexture": "/pa/effects/textures/CloudNoise.papa",
      "NormalTexture": "/pa/effects/textures/water_normal.papa"
    }
  }
}