{
  "TEMP_texelinfo": 16.0481,
  "audio": {
    "loops": {
      "move": {
        "cue": "/SE/Movement/sea/nuclear_sub_loop",
        "flag": "vel_changed",
        "should_start_func": "is_moving",
        "should_stop_func": "is_not_moving"
      }
    }
  },
  "base_spec": "/pa/units/sea/base_ship/base_ship.json",
  "build_metal_cost": 4320,
  "description": "Barracuda: Analysis: Transport: Transports land units across the sea.",
  "display_group": 40,
  "display_index": 100,
  "display_name": "Barracuda",
  "events": {
    "build_complete": {
      "audio_cue": "/SE/Build_Complete/sea"
    },
    "died": {
      "audio_cue": "/SE/Death/Sea_sub"
    },
    "fired": {
      "audio_cue": "/SE/Weapons/sea/nuclear_sub_fire"
    }
  },
  "max_health": 1400,
  "mesh_bounds": [
    5,
    35,
    5
  ],
  "model": {
    "arrows": 5,
    "filename": "/pa/units/sea/nuclear_sub/nuclear_sub.papa"
  },
  "navigation": {
    "acceleration": 2,
    "brake": 50,
    "dodge_multiplier": 1.0,
    "dodge_radius": 15,
    "move_speed": 20,
    "turn_speed": 30,
    "type": "deepwater",
    "wobble_factor": 0.0,
    "wobble_speed": 0.0
  },
  "physics": {
    "push_class": 2,
    "radius": 6
  },
  "recon": {
    "observer": {
      "items": [
        {
          "channel": "sight",
          "layer": "surface_and_air",
          "radius": 200,
          "shape": "capsule"
        }
      ]
    }
  },
  "spawn_layers": "WL_DeepWater",
  "tools": [
    {
      "aim_bone": "bone_root",
      "muzzle_bone": "bone_root",
      "spec_id": "/pa/units/sea/nuclear_sub/nuclear_sub_tool_weapon.json"
    }
  ],
  "unit_types": [
    "UNITTYPE_Naval",
    "UNITTYPE_Mobile",
    "UNITTYPE_Advanced",
    "UNITTYPE_Sub"
  ]
}