{
    "context": "client",
    "identifier": "com.pa.danzel.dBetterSystemView",
    "display_name": "Better System View",
    "description": "Adds a Metal Spot count to the System View.",
    "author": "danzel",
    "version": "1.4",
    "build": "69721",
    "date": "2014/08/03",
    "signature": "not yet implemented",
    "forum": "https://forums.uberent.com/threads/rel-better-system-view-55089.52922/",
    "category": [
        "in-game",
        "ui"
    ],
    "scenes": {
        "live_game_planets": [
            "coui://ui/mods/dBetterSystemView/live_game_planets/dBetterSystemView.css",
            "coui://ui/mods/dBetterSystemView/live_game_planets/dBetterSystemView.js"
        ]
    },
    "id": "dBetterSystemView",
    "priority": 100,
    "enabled": true
}