{
    "context": "client",
    "identifier": "com.pa.moldez.transicons",
    "display_name": "Transparent Strategic Icons",
    "description": "Transparent Strategic Icons",
    "author": "Moldez",
    "version": "3.2",
    "signature": "not yet implemented",
    "priority": 100,
    "enabled": true,
    "id": "transicons",
    "icon": "http://pamods.github.io/icons/transicons.png",
    "forum": "https://forums.uberent.com/threads/rel-transparent-uniticons.55376/",
    "category": [
        "Strategic Icons"
    ],
    "date": "2014/03/03",
    "build": "62168"
}