{
    "context": "client",
    "identifier": "com.pa.MushrooMars.MushroomarsRainbow",
    "display_name": "Rainbow Fab Shader",
    "description": "Factory fab shader that makes you taste the rainbow!",
    "author": "MushrooMars",
    "version": "1",
    "build": "62168",
    "date": "2014/03/03",
    "signature": "not yet implemented",
    "forum": "https://forums.uberent.com/threads/rel-rainbow-fab-shader-50355.49052/",
    "icon": "https://dl.dropboxusercontent.com/u/22720750/new.jpg",
    "category": [
        "Fab-Shader",
        "in-game",
        "ui"
    ],
    "id": "MushroomarsRainbow",
    "priority": 100,
    "enabled": true
}