{
    "context": "client",
    "identifier": "com.pa.conundrum.cPAStatsCharts",
    "display_name": "PA Stats Live Charts",
    "description": "Gives spectators a button to show live PA Stats charts in the game. You can also open the chart with ctrl+space",
    "author": "Captain Conundrum, Cola_Colin, someonewhoisnobody",
    "version": "1.1.1",
    "build": "62857",
    "date": "2014/03/15",
    "signature": "not yet implemented",
    "forum": "https://forums.uberent.com/threads/rel-pa-stats-live-charts.57878/",
    "category": [
        "in-game",
        "ui"
    ],
    "live_game": [
        "coui://ui/mods/cPAStatsCharts/cPAStatsCharts.js",
        "coui://ui/mods/cPAStatsCharts/cPAStatsCharts.css"
    ],
    "id": "cPAStatsCharts",
    "icon": "http://pamods.github.io/icons/cPAStatsCharts.png",
    "requires": [
    	"inGameBrowser",
    	"pa_stats_online"
    ],
    "priority": 110,
    "enabled": true
}