{"guard_radius":110,"TEMP_texelinfo":6.39639,"tools":[{"aim_bone":"bone_turret","spec_id":"/pa/units/land/assault_bot_adv/assault_bot_adv_tool_weapon.json","muzzle_bone":["socket_rightMuzzle","socket_leftMuzzle"]}],"build_metal_cost":250,"navigation":{"brake":120,"acceleration":120,"move_speed":9,"turn_speed":720,"type":"land-small"},"unit_types":["UNITTYPE_Bot","UNITTYPE_Mobile","UNITTYPE_Land","UNITTYPE_Advanced","UNITTYPE_FactoryBuild"],"events":{"firing":{"effect_spec":"/pa/units/land/tank_armor/tank_armor_muzzle_flame.pfx socket_rightMuzzle /pa/units/land/tank_armor/tank_armor_muzzle_flame.pfx socket_leftMuzzle","audio_cue":"/SE/Weapons/veh/tank_flame"},"build_complete":{"audio_cue":"/SE/Build_Complete/bot"},"died":{"audio_cue":"/SE/Death/Bot","effect_spec":"/pa/effects/specs/default_explosion.pfx","effect_scale":0.9}},"display_group":40,"max_health":800,"description":"Advanced Assault: Strong anti-land and anti-ship lasers","attachable":{"offsets":{"root":[0,0,0],"head":[0,0,5.3]}},"display_name":"Scorcher","model":{"animtree":"/pa/anim/anim_trees/bipedal_mech.json","walk_speed":12,"filename":"/pa/units/land/assault_bot_adv/assault_bot_adv.papa","animations":{"aim_up":"/pa/units/land/assault_bot_adv/assault_bot_adv_anim_aimUp.papa","death01":"/pa/units/land/assault_bot_adv/assault_bot_adv_anim_death01.papa","walk":"/pa/units/land/assault_bot_adv/assault_bot_adv_anim_run.papa","aim_down":"/pa/units/land/assault_bot_adv/assault_bot_adv_anim_aimDown.papa"}},"guard_layer":"WL_AnySurface","transportable":{"size":1},"physics":{"push_class":2,"radius":3.5},"base_spec":"/pa/units/land/base_bot/base_bot.json","recon":{"observer":{"items":[{"radius":85,"shape":"capsule","channel":"sight","layer":"surface_and_air"}]}},"audio":{"loops":{"move":{"should_start_func":"is_moving","cue":"/SE/Movement/bot/T2_assault_loop","should_stop_func":"is_not_moving","flag":"vel_changed"}}},"display_index":100}