{
  "author": "wondible",
  "build": "62110",
  "category": ["in-game", "ui"],
  "context": "client",
  "date": "2014/03/01",
  "description": "Highlight commanders and fabulous fabbers in the selected unit icons.",
  "display_name": "Fabulous Selections",
  "enabled": true,
  "forum": "https://forums.uberent.com/threads/wip-selected-commander.56931/",
  "id": "fabulous_selections",
  "identifier": "com.wondible.pa.fabulous_selections",
  "icon": "http://pamods.github.io/icons/fabulous_selections.png",
  "live_game": [
    "coui://ui/mods/fabulous_selections/fabulous_selections.css",
    "coui://ui/mods/fabulous_selections/fabulous_selections.js"
  ],
  "priority": 100,
  "requires": [],
  "signature": "not yet implemented",
  "version": "0.0.0"
}

