{
    "context": "client",
    "identifier": "com.pa.conundrum.cPlanetNameThemes",
    "display_name": "Planet Name Themes",
    "description": "Replaces Uber's random names with planet names from Star Wars, Stargate, Star Trek or Legacy (Names from TA and SupCom). Pick the theme from the settings menu.",
    "author": "Captain Conundrum",
    "version": "1.1.2",
    "build": "59607",
    "date": "2014/02/02",
    "signature": "not yet implemented",
    "forum": "https://forums.uberent.com/threads/rel-planet-name-themes.56008/",
    "category": [
        "ui"
    ],
    "settings": [
        "coui://ui/mods/cPlanetNameThemes/cPlanetNameThemes.js",
        "coui://ui/mods/cPlanetNameThemes/themes/legacy.js",
        "coui://ui/mods/cPlanetNameThemes/themes/stargate.js",
        "coui://ui/mods/cPlanetNameThemes/themes/star_trek.js",
        "coui://ui/mods/cPlanetNameThemes/themes/star_wars.js",
        "coui://ui/mods/cPlanetNameThemes/settings.js"
    ],
    "system_editor": [
        "coui://ui/mods/cPlanetNameThemes/cPlanetNameThemes.js",
        "coui://ui/mods/cPlanetNameThemes/system_editor.js",
        "coui://ui/mods/cPlanetNameThemes/themes/legacy.js",
        "coui://ui/mods/cPlanetNameThemes/themes/stargate.js",
        "coui://ui/mods/cPlanetNameThemes/themes/star_trek.js",
        "coui://ui/mods/cPlanetNameThemes/themes/star_wars.js"
    ],
    "new_game": [
        "coui://ui/mods/cPlanetNameThemes/cPlanetNameThemes.js",
        "coui://ui/mods/cPlanetNameThemes/new_game.js",
        "coui://ui/mods/cPlanetNameThemes/themes/legacy.js",
        "coui://ui/mods/cPlanetNameThemes/themes/stargate.js",
        "coui://ui/mods/cPlanetNameThemes/themes/star_trek.js",
        "coui://ui/mods/cPlanetNameThemes/themes/star_wars.js"
    ],
    "id": "cPlanetNameThemes",
    "icon": "http://pamods.github.io/icons/cPlanetNameThemes.png",
    "priority": 100,
    "requires": [
        "rSettingsManager"
    ],
    "enabled": true
}