{"base_spec":"/pa/units/land/base_structure/base_structure.json","display_name":"Laser Defense Tower","area_build_separation":25,"description":"Defense: Direct fire anti-land, and anti-ship defense","display_group":20,"display_index":95,"max_health":1500,"build_metal_cost":900,"atrophy_rate":25.0,"atrophy_cool_down":15.0,"spawn_layers":"WL_AnyHorizontalGroundOrWaterSurface","unit_types":["UNITTYPE_Structure","UNITTYPE_Basic","UNITTYPE_Land","UNITTYPE_SurfaceDefense","UNITTYPE_Defense","UNITTYPE_FabBuild"],"command_caps":["ORDER_Attack"],"guard_radius":120,"guard_layer":"WL_AnySurface","recon":{"observer":{"items":[{"layer":"surface_and_air","channel":"sight","shape":"capsule","radius":130}]}},"model":[{"layer":"WL_LandHorizontal","filename":"/pa/units/land/laser_defense/laser_defense.papa","animtree":"/pa/anim/anim_trees/defense_turret.json","skirt_decal":"/pa/effects/specs/skirt_05.json"},{"layer":"WL_WaterSurface","filename":"/pa/units/sea/floating_laser/floating_laser.papa","animtree":"/pa/anim/anim_trees/defense_turret.json"}],"tools":[{"spec_id":"/pa/units/land/laser_defense/laser_defense_tool_weapon.json","aim_bone":"socket_aim","muzzle_bone":["socket_rightMuzzle","socket_leftMuzzle"]}],"events":{"build_complete":{"audio_cue":"/SE/Build_Complete/structure_small"},"firing":{"audio_cue":"/SE/Weapons/structure/laser_defence_fire","effect_spec":"/pa/effects/specs/default_muzzle_flash.pfx socket_rightMuzzle /pa/effects/specs/default_muzzle_flash.pfx socket_leftMuzzle"},"died":{"audio_cue":"/SE/Death/structure_small","effect_scale":0.3}},"mesh_bounds":[5,5.76558,16.0541],"building_skirt":[7,7],"TEMP_texelinfo":10.2184,"influence":{"range":120,"values":{"Land":1500,"AntiSurface":250}}}