{
    "context": "client",
    "identifier": "com.pa.gtc.gw_extended_system_moves",
    "display_name": "Galactic War extended System moves",
    "description": "GW: Move over any explored systems",
    "author": "gonzo4711",
    "version": "1.1",
    "signature": "not yet implemented",
    "priority": 100,
    "id": "gtcGWExtendedSystemMoves",
    "forum": "https://forums.uberent.com/threads/rel-gw-extended-system-moves.61026/",
    "category": [
        "in-game",
        "galactic-war"
    ],
    "scenes": {
        "gw_play": [
            "coui://ui/mods/gtcGWExtendedSystemMoves/gtc_gw_play.js"
        ]
    },
    "requires": [],
    "date": "2014/08/03",
    "build": "67523",
    "enabled": true
}