{
  "TEMP_texelinfo": 21.7597,
  "area_build_separation": 100,
  "area_build_type": "Sphere",
  "atrophy_cool_down": 30.0,
  "atrophy_rate": 50.0,
  "audio": {
    "loops": {
      "build": {
        "cue": "/SE/Construction/Factory_contruction_loop_antinuke",
        "flag": "build_target_changed",
        "should_start_func": "has_build_target",
        "should_stop_func": "no_build_target"
      }
    }
  },
  "base_spec": "/pa/units/land/base_structure/base_structure.json",
  "build_metal_cost": 8000,
  "buildable_projectiles": [
    "/pa/units/land/anti_nuke_launcher/anti_nuke_launcher_ammo.json"
  ],
  "command_caps": [
    "ORDER_FactoryBuild"
  ],
  "description": "Nuclear Defense: Anti-nuclear missile weapon.",
  "display_group": 0,
  "display_index": 15,
  "display_name": "Anti-Nuke Launcher",
  "events": {
    "build_complete": {
      "audio_cue": "/SE/Build_Complete/factory"
    },
    "died": {
      "audio_cue": "/SE/Death/Factory",
      "effect_spec": "/pa/effects/specs/default_building_explosion.pfx"
    },
    "fired": {
      "audio_cue": "/SE/Weapons/structure/anti_nuke_launcher_fire"
    }
  },
  "factory": {
    "default_build_stance": "Continuous",
    "initial_build_spec": "/pa/units/land/anti_nuke_launcher/anti_nuke_launcher_ammo.json",
    "spawn_points": [
      "socket_missile01",
      "socket_missile02",
      "socket_missile03"
    ],
    "store_units": true
  },
  "factory_cooldown_time": 5,
  "fx_offsets": [
    {
      "bone": "bone_rightWrist",
      "filename": "/pa/effects/specs/fab_spray.pfx",
      "offset": [
        1,
        0,
        0
      ],
      "orientation": [
        0,
        0,
        -90
      ],
      "type": "build"
    },
    {
      "bone": "bone_leftWrist",
      "filename": "/pa/effects/specs/fab_spray.pfx",
      "offset": [
        1,
        0,
        0
      ],
      "orientation": [
        0,
        0,
        -90
      ],
      "type": "build"
    }
  ],
  "lamps": [
    {
      "bone": "bone_rightShoulder",
      "color": [
        0.1,
        1,
        0.1
      ],
      "intensity": 5,
      "offset": [
        1.64,
        -0.7,
        -0.87
      ],
      "radius": 3
    },
    {
      "bone": "bone_leftShoulder",
      "color": [
        0.1,
        1,
        0.1
      ],
      "intensity": 5,
      "offset": [
        1.64,
        -0.7,
        0.87
      ],
      "radius": 3
    }
  ],
  "max_health": 7000,
  "mesh_bounds": [
    20.5,
    18.5,
    15
  ],
  "model": [
    {
      "animations": {
        "build_end_1": "/pa/units/land/anti_nuke_launcher/anti_nuke_launcher_anim_buildEnd01.papa",
        "build_end_2": "/pa/units/land/anti_nuke_launcher/anti_nuke_launcher_anim_buildEnd02.papa",
        "build_end_3": "/pa/units/land/anti_nuke_launcher/anti_nuke_launcher_anim_buildEnd03.papa",
        "build_loop_1": "/pa/units/land/anti_nuke_launcher/anti_nuke_launcher_anim_buildLoop01.papa",
        "build_loop_2": "/pa/units/land/anti_nuke_launcher/anti_nuke_launcher_anim_buildLoop02.papa",
        "build_loop_3": "/pa/units/land/anti_nuke_launcher/anti_nuke_launcher_anim_buildLoop03.papa",
        "build_start_1": "/pa/units/land/anti_nuke_launcher/anti_nuke_launcher_anim_buildStart01.papa",
        "build_start_2": "/pa/units/land/anti_nuke_launcher/anti_nuke_launcher_anim_buildStart02.papa",
        "build_start_3": "/pa/units/land/anti_nuke_launcher/anti_nuke_launcher_anim_buildStart03.papa",
        "idle": "/pa/units/land/anti_nuke_launcher/anti_nuke_launcher_anim_idle.papa"
      },
      "animtree": "/pa/anim/anim_trees/anti_nuke_anim_tree.json",
      "filename": "/pa/units/land/anti_nuke_launcher/anti_nuke_launcher.papa",
      "layer": "WL_LandHorizontal",
      "skirt_decal": "/pa/effects/specs/skirt_antinuke.json"
    },
    {
      "animations": {
        "build_end_1": "/pa/units/land/anti_nuke_launcher/anti_nuke_launcher_anim_buildEnd01.papa",
        "build_end_2": "/pa/units/land/anti_nuke_launcher/anti_nuke_launcher_anim_buildEnd02.papa",
        "build_end_3": "/pa/units/land/anti_nuke_launcher/anti_nuke_launcher_anim_buildEnd03.papa",
        "build_loop_1": "/pa/units/land/anti_nuke_launcher/anti_nuke_launcher_anim_buildLoop01.papa",
        "build_loop_2": "/pa/units/land/anti_nuke_launcher/anti_nuke_launcher_anim_buildLoop02.papa",
        "build_loop_3": "/pa/units/land/anti_nuke_launcher/anti_nuke_launcher_anim_buildLoop03.papa",
        "build_start_1": "/pa/units/land/anti_nuke_launcher/anti_nuke_launcher_anim_buildStart01.papa",
        "build_start_2": "/pa/units/land/anti_nuke_launcher/anti_nuke_launcher_anim_buildStart02.papa",
        "build_start_3": "/pa/units/land/anti_nuke_launcher/anti_nuke_launcher_anim_buildStart03.papa"
      },
      "animtree": "/pa/anim/anim_trees/anti_nuke_anim_tree.json",
      "filename": "/pa/units/sea/anti_nuke_launcher/anti_nuke_launcher.papa",
      "layer": "WL_DeepWater"
    }
  ],
  "recon": {
    "observer": {
      "items": [
        {
          "channel": "sight",
          "layer": "surface_and_air",
          "radius": 100,
          "shape": "capsule"
        },
        {
          "channel": "radar",
          "layer": "surface_and_air",
          "radius": 310,
          "shape": "capsule"
        }
      ]
    }
  },
  "spawn_layers": "WL_AnyHorizontalGroundOrWaterSurface",
  "tools": [
    {
      "aim_bone": "bone_root",
      "spec_id": "/pa/units/land/anti_nuke_launcher/anti_nuke_launcher_build_arm.json"
    },
    {
      "aim_bone": "bone_root",
      "muzzle_bone": "bone_root",
      "spec_id": "/pa/units/land/anti_nuke_launcher/anti_nuke_launcher_tool_weapon.json"
    }
  ],
  "unit_types": [
    "UNITTYPE_Land",
    "UNITTYPE_Structure",
    "UNITTYPE_Defense",
    "UNITTYPE_NukeDefense",
    "UNITTYPE_Advanced",
    "UNITTYPE_Factory",
    "UNITTYPE_FabBuild"
  ]
}