{
    "context": "client",
    "identifier": "com.pa.burntcustard.bShowSecondaryColour",
    "display_name": "Show Secondary Colour",
    "description": "Adds a border around the colour selection box in the lobby, showing the secondary colour.",
    "author": "burntcustard, DeathByDenim",
    "version": "1.0",
    "build": "62168",
    "date": "2014/03/03",
    "signature": "not yet implemented",
    "category": [
        "in-game",
        "ui"
    ],
    "scenes": {
		"new_game": [
            "coui://ui/mods/bShowSecondaryColour/new_game/bShowSecondaryColour.js"
        ]
    },
    "id": "bShowSecondaryColour",	
    "forum": "https://forums.uberent.com/threads/rel-show-secondary-colour-v1-0-62168.57305/",
    "icon": "http://pamods.github.io/icons/bShowSecondaryColour.png",
    "priority": 100,
    "enabled": true
}