{"base_spec":"/pa/units/land/base_vehicle/base_vehicle.json","display_name":"Unit Cannon","description":"Tank: Anti-land and anti-ship guns","display_group":40,"display_index":80,"max_health":125,"wreckage_health_frac":1.0,"build_metal_cost":150,"attachable":{"offsets":{"root":[0,0,0],"head":[0,0,2.7]}},"unit_types":["UNITTYPE_Tank","UNITTYPE_Mobile","UNITTYPE_Land","UNITTYPE_Basic","UNITTYPE_FactoryBuild"],"transportable":{"size":1},"guard_radius":120,"guard_layer":"WL_LandHorizontal","navigation":{"type":"land-small","acceleration":70,"brake":70,"move_speed":7,"turn_speed":60},"physics":{"radius":4,"push_class":60},"recon":{"observer":{"items":[{"layer":"surface_and_air","channel":"sight","shape":"capsule","radius":10000}]}},"model":{"filename":"/pa/units/land/tank_light_laser/tank_light_laser.papa","animtree":"/pa/anim/anim_trees/turret.json","arrows":5},"tools":[{"spec_id":"/pa/units/land/tank_light_laser/tank_light_laser_tool_weapon.json","aim_bone":"socket_aim","muzzle_bone":"socket_muzzle"}],"events":{"build_complete":{"audio_cue":"/SE/Build_Complete/veh"},"firing":{"audio_cue":"/SE/Weapons/veh/tank_light_fire","effect_spec":"/pa/effects/specs/tank_muzzle_flash.pfx socket_muzzle"},"died":{"audio_cue":"/SE/Death/Veh"}},"audio":{"loops":{"move":{"cue":"/SE/Movement/veh/tank_light_laser_loop","flag":"vel_changed","should_start_func":"is_moving","should_stop_func":"is_not_moving"}}},"headlights":[{"gobo":"/pa/effects/textures/gobo/spotlight_gobo.papa","offset":[0.0,-1.0,1.5],"orientation":[0.0,65.0,0.0],"near_width":2.0,"near_height":2.0,"near_distance":1.2,"far_distance":20.0,"color":[0.9,0.92,1.0],"intensity":1.4}],"mesh_bounds":[4.93769,7.57193,2.6835],"TEMP_texelinfo":5.84968}