{
    "context": "client",
    "identifier": "com.pa.conundrum.cMaps_genesis",
    "display_name": "Genesis Offline Map Pack",
    "description": "A collection of balanced 1v1 maps from Team Genesis.",
    "author": "Team Genesis",
    "version": "1.0",
    "build": "74525",
    "date": "2014/11/06",
    "signature": "not yet implemented",
    "forum": "https://forums.uberent.com/threads/pa-stats-1v1-ladder-map-pool.64263/",
    "category": [
        "ui"
    ],
    "load_planet": [
        "coui://ui/mods/cMaps_genesis/maplist.js"
    ],
    "id": "cMaps_genesis",
    "icon": "http://i.imgur.com/5xqqfuh.png",
    "priority": 500,
    "enabled": true,
    "dependencies": [
        "com.pa.conundrum.cShareSystems"
    ]
}