{
    "context": "client",
    "identifier": "info.nanodesu.pastats",
    "display_name": "PA Stats Online",
    "description": "Track your statistics",
    "author": "Cola_Colin, Gunshin",
    "version": "Autoupdating_v2",
    "build": "will_be_kept_up_to_date_v2",
    "date": "2014/03/24",
    "signature": "not yet implemented",
    "forum": "https://forums.uberent.com/threads/rel-pa-stats-52168.50690/",
    "category": [
        "in-game",
        "ui"
    ],
    "icon": "http://ns393951.ip-176-31-115.eu/mod/icon.png",
    "id": "pa_stats_online",
    "priority": 100,
    "scenes": {
        "global_mod_list": [
            "http://ns393951.ip-176-31-115.eu/mod/live/pa_stats_loader.js"
        ]
    },
    "enabled": true
}