{
    "context": "client",
    "identifier": "info.nanodesu.pastats",
    "display_name": "PA Stats Online",
    "description": "Track your statistics",
    "author": "Cola_Colin, Gunshin",
    "version": "Autoupdating",
    "build": "will_be_kept_up_to_date",
    "date": "2013/12/27",
    "signature": "not yet implemented",
    "forum": "https://forums.uberent.com/threads/rel-pa-stats-52168.50690/",
    "category": [
        "in-game",
        "ui"
    ],
    "id": "pa_stats_online",
    "priority": 100,
	"global_mod_list": [
		"http://www.nanodesu.info/stuff/pa/mods/live/pastats/pa_stats_loader.js"
	],
    "enabled": true
}