{
    "context": "client",
    "identifier": "com.pa.someonewhoisnobody.inGameBrowser",
    "display_name": "In Game Browser",
    "description": "Adds an in game web browser",
    "author": "someonewhoisnobody",
    "version": "1.3.4",
    "build": "63180",
    "date": "2014/4/22",
    "signature": "not yet implemented",
    "forum": "https://forums.uberent.com/threads/rel-in-game-browser-v1-0.57290/",
    "category": [
        "in-game",
        "ui"
    ],
    "id": "inGameBrowser",
    "icon": "http://i.imgur.com/V5fra1Y.jpg",
    "priority": 100,
    "scenes": {
        "global_mod_list": [
            "coui://ui/main/shared/js/inject.js"
        ]
    },
    "enabled": true
}