{
	"author" : "DeathByDenim",
	"build" : "62519",
	"category" : [ "ui" ],
	"context" : "client",
	"date" : "2014/03/10",
	"description" : "Shows which players are in a game from the server browser without actually joining the lobby.",
	"description_nl" : "Laat zien welke spelers deelnemen aan een spel vanuit de server browser zonder de lobby zelf in te gaan.",
	"description_de" : "Zeigt Ihnen welche Spieler teilnehmen an einem Spiel aus dem Serverbrowser ohne im Lobby selbst zu gehen.",
	"description_fr" : "Montrer quels joueurs participer à un jeu dans le navigateur serveur sans entrer le foyer.",
	"display_name" : "Players In Server Browser",
	"display_name_nl" : "Spelers in de serverbrowser",
	"display_name_de" : "Spieler im Serverbrowser",
	"display_name_fr" : "Joueur dans le navigateur serveur",
	"enabled" : true,
	"forum" : "https://forums.uberent.com/threads/rel-players-in-server-browser-62519.57664/",
	"icon" : "http://pamods.github.io/icons/dPlayersInServerBrowser.png",
	"id" : "dPlayersInServerBrowser",
	"identifier" : "com.pa.DeathByDenim.dPlayersInServerBrowser",
	"priority" : 90,
	"scenes" : {
		"server_browser" : [
			"coui://ui/mods/dPlayersInServerBrowser/dPlayersInServerBrowser_server_browser.js",
			"coui://ui/mods/dPlayersInServerBrowser/dPlayersInServerBrowser_server_browser.css"
		]
	},
	"signature" : "not yet implemented",
	"version" : "1.1"
}
