{
    "context": "client",
    "identifier": "com.pa.trialq.tGWDeck",
    "display_name": "Galactic War Deck",
    "description": "A new deck for use in Galactic War",
    "author": "trialq",
    "version": "1.4",
    "build": "66567",
    "date": "2014/05/27",
    "signature": "not yet implemented",
    "forum": "https://forums.uberent.com/threads/rel-galactic-war-deck.60167/",
    "icon": "http://pamods.github.io/icons/tGWDeck.png",
    "category": [
        "in-game",
        "galactic-war"
    ],
    "scenes": {
        "galactic_war": [
            "coui://ui/main/game/galactic_war/cards/tgw_build_7.js",
            "coui://ui/main/game/galactic_war/cards/tgw_metal_7.js",
            "coui://ui/main/game/galactic_war/cards/tgw_energy_7.js",
            "coui://ui/main/game/galactic_war/cards/tgw_speed_7.js",
            "coui://ui/main/game/galactic_war/cards/tgw_health_7.js",
            "coui://ui/main/game/galactic_war/cards/tgw_damage_7.js",
            "coui://ui/main/game/galactic_war/cards/tgw_build_12.js",
            "coui://ui/main/game/galactic_war/cards/tgw_metal_12.js",
            "coui://ui/main/game/galactic_war/cards/tgw_energy_12.js",
            "coui://ui/main/game/galactic_war/cards/tgw_speed_12.js",
            "coui://ui/main/game/galactic_war/cards/tgw_health_12.js",
            "coui://ui/main/game/galactic_war/cards/tgw_damage_12.js",
            "coui://ui/main/game/galactic_war/cards/tgw_build_18.js",
            "coui://ui/main/game/galactic_war/cards/tgw_metal_18.js",
            "coui://ui/main/game/galactic_war/cards/tgw_energy_18.js",
            "coui://ui/main/game/galactic_war/cards/tgw_speed_18.js",
            "coui://ui/main/game/galactic_war/cards/tgw_health_18.js",
            "coui://ui/main/game/galactic_war/cards/tgw_damage_18.js",
            "coui://ui/main/game/galactic_war/cards/tgw_build_25.js",
            "coui://ui/main/game/galactic_war/cards/tgw_metal_25.js",
            "coui://ui/main/game/galactic_war/cards/tgw_energy_25.js",
            "coui://ui/main/game/galactic_war/cards/tgw_speed_25.js",
            "coui://ui/main/game/galactic_war/cards/tgw_health_25.js",
            "coui://ui/main/game/galactic_war/cards/tgw_damage_25.js",
            "coui://ui/main/game/galactic_war/cards/tgw_up_to_11_air_fab.js",
            "coui://ui/main/game/galactic_war/cards/tgw_up_to_11_anchor.js",
            "coui://ui/main/game/galactic_war/cards/tgw_up_to_11_boom.js",
            "coui://ui/main/game/galactic_war/cards/tgw_up_to_11_combat_adv.js",
            "coui://ui/main/game/galactic_war/cards/tgw_up_to_11_comm.js",
            "coui://ui/main/game/galactic_war/cards/tgw_up_to_11_gunship.js",
            "coui://ui/main/game/galactic_war/cards/tgw_up_to_11_inferno.js",
            "coui://ui/main/game/galactic_war/cards/tgw_up_to_11_mine.js",
            "coui://ui/main/game/galactic_war/cards/tgw_up_to_11_scout.js",
            "coui://ui/main/game/galactic_war/cards/tgw_up_to_11_t2.js"
        ]
    },
    "id": "tGWDeck",
    "priority": 100,
    "enabled": true
}
