{"base_spec":"/pa/units/commanders/base_commander/base_commander.json","display_name":"Raptor Class Commander","description":"Raptor Class Commander. - If you're seeing this, something is wrong in your commander.","model":{"filename":"/pa/units/commanders/raptor_base/raptor_base.papa","animations":{"walk":"/pa/units/commanders/raptor_base/raptor_base_anim_walk01.papa","idle":"/pa/units/commanders/raptor_base/raptor_base_anim_idle01.papa","aim_up":"/pa/units/commanders/raptor_base/raptor_base_anim_aimUp.papa","aim_down":"/pa/units/commanders/raptor_base/raptor_base_anim_aimDown.papa"},"animtree":"/pa/anim/anim_trees/commander.json","walk_speed":4.93}}