{
    "author": "Dementiurge",
    "build": "63180",
    "context": "client",
    "date": "2014/03/20",
    "description": "Shows planet details in the New Game and Lobby screens. WIP",
    "display_name": "Advanced Planet Details WIP",
    "identifier": "com.pa.dementiurge.apd",
    "forum": "https://forums.uberent.com/threads/rel-advanced-planet-details-61649.54290/",
    "id": "advancedplanetdetails",
    "priority": 100,
    "signature": "TBD",
    "version": "2.0d",
    "category": [
        "ui"
    ],
    "new_game": [
        "coui://ui/mods/apd/apd_newgame.js"
    ],
    "enabled": true
}