{"TEMP_texelinfo":17.7177,"tools":[{"aim_bone":"bone_body","spec_id":"/pa/units/orbital/orbital_fighter/orbital_fighter_tool_weapon.json","muzzle_bone":"bone_recoil01"}],"guard_radius":200,"build_metal_cost":1500,"gravwell_velocity_multiplier":6,"unit_types":["UNITTYPE_Mobile","UNITTYPE_Orbital","UNITTYPE_Fighter","UNITTYPE_Basic","UNITTYPE_FactoryBuild"],"command_caps":["ORDER_Move","ORDER_Patrol","ORDER_Attack","ORDER_Assist"],"navigation":{"aggressive_distance":150,"aggressive_behavior":"circle","type":"orbital","bank_factor":1,"turn_speed":90,"circle_max_time":4,"move_speed":50,"circle_min_time":2,"hover_time":-1,"acceleration":50,"brake":50},"fx_offsets":[{"type":"moving","bone":"bone_body","offset":[0,8.9,0],"filename":"/pa/units/air/gunship/gunship_jets.pfx","orientation":[0,0,0]}],"max_health":500,"events":{"died":{"audio_cue":"/SE/Death/orbital","effect_spec":"/pa/effects/specs/default_explosion.pfx"},"firing":{"effect_spec":"/pa/effects/specs/default_muzzle_flash.pfx socket_muzzle","audio_cue":"/SE/Weapons/orb/orb_fighter_fire"},"build_complete":{"audio_cue":"/SE/Build_Complete/orbital"}},"attachable":{"offsets":{"root":[0,0,0]}},"display_name":"Avenger","description":"Orbital Fighter: Fast moving orbital fighter for offense and defense.","model":{"filename":"/pa/units/orbital/orbital_fighter/orbital_fighter.papa","animtree":"/pa/anim/anim_trees/orbital_fighter.json","animations":{"closed":"/pa/units/orbital/orbital_fighter/orbital_fighter_anim_closed.papa","deploy":"/pa/units/orbital/orbital_fighter/orbital_fighter_anim_deploy.papa"}},"system_velocity_multiplier":6,"physics":{"push_class":15,"gravity_scalar":0.001,"radius":5},"spawn_layers":"WL_Orbital","base_spec":"/pa/units/orbital/base_orbital/base_orbital.json","recon":{"observer":{"items":[{"layer":"orbital","channel":"sight","shape":"sphere","radius":250}]}},"guard_layer":"WL_Orbital","wreckage_health_frac":0,"mesh_bounds":[18,18,15]}